IDfg,Name,Season,PA,AB,R,1B,2B,3B,HR,RBI,BB,SO,HBP,SF,SB
19181,Zack Collins,2020,44.0,39.0,4.0,3.0,2.0,0.0,1.0,3.0,4.0,11.0,0.0,0.0,0.0
19392,Zach McKinstry,2020,17.0,16.0,2.0,2.0,1.0,0.0,0.0,1.0,1.0,5.0,0.0,0.0,0.0
19198,Yuli Gurriel,2020,564.0,512.0,68.0,75.0,28.0,2.0,16.0,58.0,37.0,88.0,6.0,9.0,3.0
14773,Yu-Cheng Chang,2020,32.0,28.0,3.0,5.0,1.0,0.0,1.0,3.0,4.0,8.0,0.0,0.0,0.0
27459,Yoshitomo Tsutsugo,2020,453.0,392.0,63.0,49.0,15.0,2.0,18.0,57.0,56.0,117.0,4.0,3.0,2.0
19556,Yordan Alvarez,2020,22.0,20.0,4.0,3.0,1.0,0.0,1.0,6.0,1.0,4.0,1.0,0.0,0.0
11602,Yolmer Sanchez,2020,51.0,43.0,11.0,5.0,4.0,0.0,2.0,5.0,8.0,12.0,0.0,0.0,0.0
13110,Yoenis Cespedes,2020,83.0,75.0,9.0,8.0,3.0,0.0,4.0,10.0,6.0,28.0,2.0,0.0,1.0
17232,Yoan Moncada,2020,566.0,495.0,69.0,71.0,21.0,6.0,16.0,62.0,63.0,162.0,4.0,4.0,3.0
17423,Yermin Mercedes,2020,2.0,2.0,0.0,0.0,0.0,0.0,0.0,0.0,0.0,1.0,0.0,0.0,0.0
11368,Yasmani Grandal,2020,475.0,405.0,64.0,58.0,18.0,1.0,18.0,63.0,63.0,131.0,4.0,4.0,2.0
16578,Yandy Diaz,2020,338.0,288.0,41.0,62.0,10.0,0.0,8.0,32.0,46.0,57.0,3.0,1.0,2.0
9627,Yan Gomes,2020,292.0,264.0,35.0,45.0,14.0,2.0,10.0,33.0,20.0,60.0,3.0,5.0,3.0
16313,Yairo Munoz,2020,110.0,104.0,14.0,18.0,8.0,0.0,3.0,12.0,5.0,26.0,1.0,0.0,3.0
7007,Yadier Molina,2020,382.0,350.0,37.0,68.0,9.0,1.0,11.0,42.0,23.0,66.0,6.0,2.0,2.0
11863,Yadiel Rivera,2020,12.0,11.0,1.0,1.0,0.0,0.0,0.0,1.0,1.0,3.0,0.0,0.0,1.0
19334,Yadiel Hernandez,2020,69.0,62.0,8.0,6.0,5.0,0.0,2.0,11.0,5.0,22.0,0.0,1.0,0.0
12161,Xander Bogaerts,2020,551.0,495.0,82.0,94.0,21.0,1.0,24.0,68.0,51.0,110.0,2.0,3.0,15.0
14555,Wyatt Mathisen,2020,81.0,69.0,11.0,10.0,2.0,0.0,4.0,11.0,10.0,24.0,2.0,0.0,1.0
1433,Wilson Ramos,2020,380.0,344.0,38.0,55.0,15.0,1.0,13.0,40.0,29.0,81.0,5.0,2.0,2.0
5827,Wilmer Flores,2020,522.0,478.0,71.0,71.0,25.0,2.0,25.0,73.0,37.0,100.0,4.0,3.0,4.0
14320,Wilmer Difo,2020,44.0,37.0,4.0,4.0,1.0,0.0,1.0,4.0,6.0,10.0,0.0,1.0,0.0
15986,Willy Adames,2020,502.0,451.0,68.0,62.0,31.0,2.0,19.0,58.0,48.0,159.0,2.0,1.0,6.0
11609,Willson Contreras,2020,551.0,472.0,83.0,72.0,24.0,1.0,18.0,65.0,50.0,136.0,25.0,4.0,4.0
17838,Willie Calhoun,2020,265.0,241.0,19.0,36.0,8.0,2.0,5.0,32.0,17.0,51.0,3.0,3.0,2.0
15608,Willians Astudillo,2020,39.0,37.0,7.0,5.0,2.0,0.0,2.0,6.0,2.0,7.0,0.0,0.0,0.0
20503,William Contreras,2020,24.0,23.0,2.0,5.0,2.0,0.0,0.0,3.0,1.0,7.0,0.0,0.0,0.0
17338,Willi Castro,2020,343.0,312.0,48.0,67.0,12.0,3.0,14.0,52.0,23.0,88.0,3.0,4.0,2.0
19197,Will Smith,2020,336.0,287.0,51.0,42.0,19.0,0.0,16.0,53.0,42.0,64.0,5.0,2.0,2.0
19267,Will Craig,2020,10.0,9.0,1.0,1.0,0.0,0.0,0.0,1.0,1.0,2.0,0.0,0.0,0.0
10047,Wil Myers,2020,534.0,482.0,78.0,67.0,30.0,4.0,30.0,86.0,46.0,133.0,5.0,1.0,6.0
11281,Whit Merrifield,2020,649.0,598.0,89.0,110.0,29.0,1.0,22.0,75.0,39.0,103.0,9.0,3.0,23.0
19611,Vladimir Guerrero Jr.,2020,595.0,538.0,80.0,83.0,30.0,4.0,22.0,78.0,51.0,108.0,6.0,1.0,4.0
17684,Vimael Machin,2020,174.0,155.0,24.0,25.0,6.0,0.0,3.0,10.0,18.0,32.0,1.0,1.0,1.0
18363,Victor Robles,2020,463.0,412.0,52.0,67.0,15.0,2.0,11.0,44.0,29.0,122.0,16.0,4.0,8.0
15487,Victor Reyes,2020,522.0,484.0,71.0,94.0,19.0,4.0,13.0,44.0,31.0,114.0,5.0,1.0,15.0
14968,Victor Caratini,2020,323.0,286.0,31.0,47.0,16.0,0.0,6.0,39.0,29.0,76.0,7.0,1.0,2.0
14678,Tzu-Wei Lin,2020,140.0,126.0,11.0,18.0,4.0,0.0,2.0,12.0,9.0,37.0,1.0,2.0,1.0
13675,Tyrone Taylor,2020,100.0,91.0,14.0,11.0,7.0,0.0,4.0,13.0,7.0,22.0,2.0,0.0,1.0
15730,Tyler Wade,2020,257.0,222.0,40.0,28.0,9.0,0.0,8.0,27.0,27.0,57.0,6.0,2.0,7.0
17988,Tyler Stephenson,2020,49.0,43.0,8.0,7.0,1.0,0.0,3.0,10.0,5.0,16.0,1.0,0.0,0.0
15711,Tyler O'Neill,2020,385.0,341.0,49.0,38.0,14.0,1.0,16.0,46.0,36.0,99.0,5.0,2.0,6.0
13359,Tyler Naquin,2020,345.0,318.0,39.0,42.0,18.0,2.0,11.0,46.0,20.0,91.0,3.0,4.0,2.0
13897,Tyler Heineman,2020,122.0,106.0,11.0,17.0,4.0,0.0,2.0,9.0,11.0,22.0,3.0,0.0,2.0
9134,Tyler Flowers,2020,196.0,172.0,18.0,23.0,12.0,0.0,4.0,18.0,19.0,66.0,5.0,1.0,1.0
17982,Ty France,2020,380.0,343.0,47.0,64.0,20.0,2.0,11.0,52.0,30.0,90.0,6.0,1.0,2.0
10200,Tucker Barnhart,2020,270.0,240.0,29.0,33.0,9.0,0.0,11.0,32.0,27.0,66.0,1.0,1.0,2.0
12564,Trevor Story,2020,635.0,572.0,94.0,94.0,30.0,7.0,25.0,71.0,59.0,153.0,2.0,1.0,28.0
18564,Trent Grisham,2020,617.0,535.0,95.0,82.0,22.0,6.0,23.0,67.0,70.0,153.0,7.0,3.0,19.0
16252,Trea Turner,2020,635.0,569.0,102.0,106.0,34.0,7.0,27.0,93.0,55.0,107.0,6.0,5.0,23.0
7739,Travis d'Arnaud,2020,451.0,403.0,50.0,78.0,19.0,1.0,20.0,73.0,40.0,116.0,5.0,3.0,4.0
11982,Travis Shaw,2020,441.0,397.0,47.0,58.0,22.0,1.0,15.0,46.0,40.0,115.0,2.0,3.0,2.0
13768,Travis Jankowski,2020,42.0,37.0,6.0,4.0,1.0,0.0,1.0,3.0,4.0,13.0,0.0,0.0,2.0
15958,Travis Demeritte,2020,81.0,72.0,11.0,10.0,3.0,0.0,1.0,10.0,7.0,26.0,2.0,0.0,1.0
18395,Travis Blankenhorn,2020,10.0,8.0,1.0,1.0,1.0,0.0,0.0,1.0,1.0,1.0,1.0,0.0,0.0
11470,Tony Wolters,2020,267.0,243.0,28.0,42.0,10.0,0.0,4.0,25.0,19.0,69.0,3.0,1.0,2.0
14894,Tony Kemp,2020,279.0,237.0,36.0,42.0,12.0,0.0,4.0,20.0,32.0,48.0,6.0,4.0,6.0
2967,Tommy Pham,2020,306.0,269.0,35.0,43.0,8.0,0.0,9.0,32.0,33.0,68.0,3.0,1.0,10.0
12371,Tommy La Stella,2020,559.0,487.0,74.0,81.0,31.0,4.0,15.0,63.0,61.0,64.0,6.0,4.0,4.0
19470,Tommy Edman,2020,556.0,498.0,71.0,87.0,19.0,2.0,15.0,65.0,43.0,122.0,10.0,4.0,6.0
13755,Tomas Nido,2020,64.0,58.0,9.0,9.0,3.0,0.0,3.0,11.0,5.0,15.0,0.0,0.0,0.0
785,Todd Frazier,2020,421.0,381.0,44.0,57.0,20.0,2.0,12.0,37.0,31.0,101.0,8.0,1.0,4.0
14137,Tim Lopes,2020,370.0,342.0,42.0,50.0,24.0,1.0,8.0,40.0,22.0,85.0,5.0,1.0,9.0
15124,Tim Locastro,2020,201.0,174.0,31.0,30.0,9.0,2.0,6.0,20.0,19.0,40.0,6.0,1.0,6.0
16814,Tim Hill,2020,2.0,2.0,0.0,0.0,0.0,0.0,0.0,0.0,0.0,1.0,0.0,0.0,0.0
15172,Tim Anderson,2020,541.0,500.0,96.0,98.0,26.0,2.0,23.0,56.0,33.0,124.0,6.0,3.0,11.0
16426,Thairo Estrada,2020,127.0,115.0,18.0,17.0,3.0,0.0,3.0,11.0,7.0,38.0,4.0,0.0,2.0
13066,Teoscar Hernandez,2020,507.0,461.0,75.0,75.0,19.0,1.0,32.0,75.0,39.0,142.0,4.0,3.0,12.0
17548,Taylor Ward,2020,250.0,227.0,36.0,40.0,13.0,3.0,4.0,20.0,21.0,64.0,1.0,1.0,4.0
19533,Taylor Jones,2020,54.0,50.0,7.0,6.0,2.0,0.0,2.0,7.0,4.0,15.0,0.0,0.0,0.0
5667,Steven Souza Jr.,2020,76.0,67.0,9.0,7.0,4.0,0.0,3.0,11.0,8.0,27.0,1.0,0.0,2.0
17719,Steven Duggar,2020,88.0,81.0,9.0,11.0,4.0,0.0,2.0,9.0,5.0,24.0,2.0,0.0,2.0
5000,Stephen Vogt,2020,198.0,177.0,19.0,20.0,10.0,0.0,5.0,20.0,19.0,45.0,1.0,2.0,1.0
13367,Stephen Piscotty,2020,419.0,384.0,46.0,60.0,16.0,1.0,13.0,63.0,28.0,118.0,3.0,2.0,8.0
9241,Starling Marte,2020,612.0,554.0,85.0,98.0,32.0,2.0,17.0,69.0,38.0,114.0,17.0,3.0,19.0
4579,Starlin Castro,2020,154.0,142.0,21.0,23.0,7.0,2.0,5.0,14.0,11.0,34.0,1.0,0.0,1.0
19755,Shohei Ohtani,2020,429.0,377.0,55.0,46.0,16.0,1.0,16.0,56.0,48.0,114.0,2.0,1.0,13.0
27461,Shogo Akiyama,2020,448.0,387.0,45.0,71.0,16.0,2.0,6.0,34.0,54.0,91.0,5.0,1.0,13.0
3174,Shin-Soo Choo,2020,311.0,273.0,35.0,43.0,10.0,0.0,12.0,37.0,30.0,78.0,4.0,4.0,10.0
21794,Sherten Apostel,2020,51.0,47.0,5.0,5.0,2.0,0.0,1.0,3.0,4.0,17.0,0.0,0.0,0.0
16542,Shed Long,2020,314.0,284.0,31.0,35.0,13.0,0.0,9.0,29.0,28.0,84.0,2.0,1.0,7.0
18171,Seth Brown,2020,12.0,11.0,1.0,1.0,0.0,0.0,0.0,1.0,1.0,4.0,0.0,0.0,0.0
16417,Sergio Alcantara,2020,56.0,51.0,6.0,5.0,1.0,1.0,2.0,5.0,5.0,12.0,0.0,0.0,0.0
6589,Sean Rodriguez,2020,32.0,30.0,2.0,5.0,1.0,0.0,1.0,2.0,2.0,11.0,0.0,0.0,0.0
19352,Sean Murphy,2020,343.0,293.0,48.0,41.0,13.0,1.0,15.0,37.0,48.0,87.0,2.0,1.0,2.0
12225,Scott Schebler,2020,2.0,2.0,0.0,0.0,0.0,0.0,0.0,0.0,0.0,1.0,0.0,0.0,0.0
17975,Scott Kingery,2020,304.0,275.0,33.0,32.0,13.0,0.0,9.0,24.0,24.0,80.0,3.0,1.0,2.0
14453,Scott Heineman,2020,132.0,123.0,16.0,14.0,6.0,0.0,4.0,17.0,9.0,29.0,1.0,0.0,5.0
19997,Santiago Espinal,2020,162.0,146.0,22.0,26.0,8.0,0.0,3.0,17.0,12.0,39.0,1.0,2.0,2.0
5273,Sandy Leon,2020,198.0,169.0,17.0,20.0,5.0,0.0,6.0,16.0,27.0,49.0,2.0,1.0,1.0
22209,Samuel Huff,2020,81.0,74.0,11.0,12.0,5.0,0.0,5.0,10.0,6.0,23.0,1.0,0.0,1.0
17954,Sam Hilliard,2020,279.0,254.0,33.0,33.0,8.0,3.0,13.0,28.0,24.0,87.0,1.0,1.0,6.0
18054,Sam Haggerty,2020,132.0,120.0,17.0,19.0,8.0,0.0,4.0,15.0,11.0,35.0,1.0,0.0,6.0
7304,Salvador Perez,2020,382.0,357.0,52.0,61.0,24.0,1.0,22.0,66.0,18.0,89.0,5.0,2.0,3.0
15447,Ryon Healy,2020,17.0,16.0,1.0,2.0,0.0,0.0,0.0,1.0,1.0,4.0,0.0,0.0,0.0
16442,Ryan O'Hearn,2020,323.0,281.0,27.0,38.0,14.0,0.0,7.0,42.0,38.0,85.0,2.0,2.0,2.0
18373,Ryan Mountcastle,2020,343.0,307.0,35.0,66.0,13.0,1.0,12.0,50.0,29.0,76.0,3.0,4.0,2.0
15112,Ryan McMahon,2020,473.0,421.0,57.0,56.0,17.0,2.0,20.0,61.0,44.0,143.0,5.0,3.0,2.0
16524,Ryan McBroom,2020,208.0,192.0,23.0,28.0,8.0,0.0,11.0,25.0,14.0,62.0,1.0,1.0,1.0
8879,Ryan Lavarnway,2020,27.0,25.0,2.0,6.0,1.0,0.0,1.0,2.0,1.0,6.0,0.0,0.0,0.0
24618,Ryan Jeffers,2020,152.0,135.0,16.0,25.0,3.0,0.0,6.0,18.0,13.0,41.0,3.0,0.0,1.0
9807,Ryan Goins,2020,24.0,22.0,6.0,2.0,1.0,0.0,0.0,2.0,2.0,4.0,0.0,0.0,0.0
15181,Ryan Cordell,2020,20.0,18.0,1.0,3.0,0.0,0.0,0.0,1.0,1.0,6.0,0.0,0.0,1.0
3410,Ryan Braun,2020,345.0,314.0,38.0,39.0,16.0,2.0,17.0,55.0,23.0,72.0,5.0,2.0,3.0
15679,Rowdy Tellez,2020,311.0,277.0,45.0,45.0,13.0,0.0,16.0,48.0,28.0,59.0,3.0,4.0,2.0
12282,Rougned Odor,2020,363.0,332.0,40.0,33.0,12.0,1.0,20.0,62.0,24.0,103.0,3.0,4.0,2.0
11400,Ronald Torreyes,2020,17.0,16.0,2.0,1.0,1.0,0.0,0.0,1.0,1.0,2.0,0.0,0.0,0.0
14388,Ronald Guzman,2020,211.0,189.0,25.0,30.0,5.0,2.0,9.0,24.0,18.0,54.0,3.0,1.0,3.0
18401,Ronald Acuna Jr.,2020,495.0,409.0,95.0,48.0,25.0,1.0,28.0,67.0,76.0,136.0,8.0,1.0,15.0
13546,Roman Quinn,2020,284.0,260.0,35.0,40.0,9.0,2.0,7.0,24.0,18.0,83.0,4.0,1.0,18.0
3142,Robinson Chirinos,2020,201.0,180.0,17.0,23.0,8.0,0.0,5.0,20.0,16.0,49.0,2.0,2.0,1.0
3269,Robinson Cano,2020,446.0,411.0,56.0,77.0,21.0,1.0,21.0,66.0,29.0,76.0,4.0,3.0,2.0
2900,Roberto Perez,2020,270.0,239.0,23.0,34.0,8.0,0.0,5.0,21.0,26.0,80.0,4.0,1.0,2.0
5254,Robbie Grossman,2020,470.0,411.0,57.0,51.0,26.0,4.0,18.0,56.0,48.0,99.0,10.0,1.0,15.0
13770,Rob Refsnyder,2020,83.0,74.0,10.0,12.0,3.0,0.0,2.0,6.0,6.0,23.0,2.0,1.0,1.0
10655,Rob Brantly,2020,7.0,7.0,1.0,1.0,0.0,0.0,0.0,1.0,0.0,1.0,0.0,0.0,0.0
14103,Rio Ruiz,2020,500.0,451.0,62.0,57.0,25.0,1.0,20.0,72.0,43.0,114.0,2.0,3.0,4.0
16472,Rhys Hoskins,2020,453.0,382.0,75.0,51.0,21.0,1.0,21.0,60.0,60.0,106.0,10.0,1.0,4.0
3648,Rene Rivera,2020,10.0,9.0,1.0,2.0,0.0,0.0,0.0,1.0,1.0,4.0,0.0,0.0,0.0
14503,Renato Nunez,2020,529.0,475.0,69.0,70.0,24.0,1.0,26.0,72.0,44.0,146.0,7.0,3.0,2.0
15674,Reese McGuire,2020,110.0,100.0,9.0,10.0,2.0,0.0,3.0,8.0,5.0,26.0,1.0,0.0,1.0
10839,Rangel Ravelo,2020,100.0,88.0,12.0,12.0,3.0,0.0,3.0,13.0,9.0,19.0,1.0,3.0,1.0
19290,Randy Arozarena,2020,186.0,161.0,30.0,24.0,6.0,0.0,12.0,25.0,16.0,49.0,8.0,2.0,6.0
10243,Randal Grichuk,2020,566.0,521.0,86.0,88.0,23.0,1.0,26.0,80.0,39.0,124.0,2.0,4.0,4.0
18795,Ramon Urias,2020,66.0,60.0,8.0,12.0,4.0,0.0,2.0,8.0,6.0,15.0,0.0,0.0,0.0
17128,Ramon Laureano,2020,544.0,461.0,67.0,64.0,21.0,2.0,16.0,63.0,56.0,137.0,22.0,6.0,6.0
14350,Raimel Tapia,2020,505.0,452.0,64.0,100.0,20.0,4.0,8.0,48.0,38.0,102.0,5.0,6.0,15.0
21646,Rafael Marchan,2020,22.0,20.0,5.0,5.0,1.0,0.0,1.0,5.0,2.0,5.0,0.0,0.0,0.0
17350,Rafael Devers,2020,608.0,559.0,78.0,82.0,35.0,2.0,25.0,95.0,40.0,157.0,7.0,1.0,3.0
12950,Phillip Evans,2020,110.0,97.0,14.0,21.0,5.0,0.0,3.0,18.0,11.0,22.0,2.0,0.0,1.0
14738,Phillip Ervin,2020,218.0,187.0,26.0,24.0,8.0,0.0,3.0,17.0,28.0,53.0,3.0,1.0,3.0
10953,Phil Gosselin,2020,250.0,224.0,33.0,36.0,12.0,0.0,8.0,30.0,24.0,63.0,1.0,1.0,1.0
19251,Pete Alonso,2020,586.0,513.0,75.0,69.0,18.0,1.0,33.0,81.0,57.0,145.0,12.0,3.0,4.0
14523,Pedro Severino,2020,436.0,391.0,47.0,67.0,15.0,2.0,13.0,52.0,39.0,100.0,4.0,1.0,4.0
19892,Pavin Smith,2020,108.0,93.0,15.0,17.0,2.0,1.0,3.0,11.0,11.0,23.0,1.0,3.0,2.0
9218,Paul Goldschmidt,2020,566.0,481.0,74.0,89.0,29.0,1.0,16.0,57.0,78.0,114.0,4.0,3.0,4.0
18015,Paul DeJong,2020,426.0,375.0,46.0,66.0,16.0,1.0,10.0,57.0,41.0,114.0,4.0,7.0,4.0
13602,Patrick Wisdom,2020,5.0,5.0,0.0,0.0,0.0,0.0,0.0,0.0,0.0,1.0,0.0,0.0,0.0
14885,Pat Valaika,2020,368.0,339.0,54.0,60.0,12.0,1.0,17.0,41.0,25.0,84.0,2.0,1.0,2.0
5409,Pablo Sandoval,2020,230.0,205.0,20.0,36.0,6.0,0.0,5.0,21.0,20.0,50.0,3.0,2.0,1.0
16556,Ozzie Albies,2020,304.0,281.0,46.0,47.0,13.0,0.0,13.0,42.0,19.0,73.0,3.0,1.0,6.0
16375,Oscar Mercado,2020,228.0,207.0,21.0,26.0,6.0,0.0,5.0,20.0,16.0,60.0,1.0,2.0,5.0
13490,Oscar Hernandez,2020,10.0,9.0,2.0,3.0,0.0,0.0,0.0,1.0,1.0,2.0,0.0,0.0,0.0
13185,Orlando Arcia,2020,463.0,420.0,55.0,68.0,23.0,2.0,14.0,51.0,37.0,89.0,4.0,3.0,5.0
13338,Omar Narvaez,2020,309.0,269.0,28.0,36.0,11.0,0.0,7.0,30.0,35.0,86.0,4.0,1.0,2.0
14553,Nomar Mazara,2020,365.0,330.0,37.0,55.0,15.0,1.0,6.0,40.0,28.0,99.0,6.0,1.0,2.0
9777,Nolan Arenado,2020,492.0,443.0,58.0,70.0,22.0,1.0,19.0,62.0,40.0,73.0,2.0,7.0,2.0
12092,Niko Goodrum,2020,439.0,388.0,44.0,47.0,18.0,2.0,13.0,50.0,43.0,144.0,2.0,6.0,13.0
21479,Nico Hoerner,2020,309.0,269.0,43.0,46.0,11.0,0.0,4.0,34.0,29.0,64.0,6.0,4.0,6.0
19339,Nicky Lopez,2020,470.0,417.0,45.0,62.0,20.0,1.0,7.0,41.0,44.0,104.0,5.0,1.0,2.0
13157,Nicky Delmonico,2020,54.0,48.0,4.0,7.0,1.0,0.0,1.0,7.0,5.0,9.0,0.0,0.0,0.0
19294,Nick Solak,2020,571.0,511.0,68.0,98.0,24.0,1.0,10.0,60.0,47.0,113.0,6.0,8.0,14.0
19293,Nick Senzel,2020,191.0,171.0,22.0,19.0,12.0,0.0,6.0,21.0,16.0,41.0,1.0,2.0,4.0
5930,Nick Markakis,2020,345.0,314.0,39.0,44.0,28.0,1.0,6.0,39.0,27.0,66.0,3.0,1.0,2.0
20521,Nick Madrigal,2020,267.0,246.0,26.0,60.0,9.0,0.0,4.0,29.0,16.0,37.0,4.0,1.0,4.0
19577,Nick Heath,2020,44.0,36.0,5.0,4.0,2.0,0.0,1.0,6.0,4.0,12.0,1.0,0.0,2.0
12147,Nick Ahmed,2020,532.0,483.0,70.0,84.0,24.0,2.0,14.0,69.0,46.0,117.0,2.0,1.0,9.0
11737,Nicholas Castellanos,2020,593.0,532.0,85.0,63.0,26.0,4.0,30.0,79.0,49.0,159.0,9.0,3.0,3.0
2434,Nelson Cruz,2020,524.0,458.0,76.0,79.0,17.0,1.0,32.0,75.0,57.0,135.0,9.0,1.0,2.0
7539,Neil Walker,2020,100.0,92.0,12.0,14.0,6.0,0.0,2.0,10.0,6.0,28.0,1.0,1.0,1.0
15407,Nate Orf,2020,17.0,16.0,2.0,1.0,0.0,0.0,0.0,1.0,1.0,3.0,0.0,0.0,0.0
19566,Nate Lowe,2020,186.0,165.0,24.0,24.0,6.0,0.0,8.0,25.0,20.0,57.0,1.0,1.0,2.0
17620,Myles Straw,2020,211.0,195.0,23.0,30.0,9.0,0.0,3.0,22.0,14.0,52.0,1.0,1.0,9.0
13611,Mookie Betts,2020,603.0,537.0,102.0,90.0,23.0,2.0,33.0,88.0,58.0,109.0,6.0,3.0,19.0
17216,Monte Harrison,2020,125.0,113.0,18.0,16.0,4.0,0.0,3.0,11.0,11.0,46.0,1.0,0.0,8.0
3086,Mitch Moreland,2020,372.0,333.0,51.0,45.0,20.0,1.0,20.0,61.0,36.0,82.0,3.0,1.0,2.0
15161,Mitch Garver,2020,198.0,177.0,22.0,24.0,5.0,0.0,6.0,18.0,18.0,70.0,2.0,2.0,1.0
13265,Mike Zunino,2020,206.0,183.0,22.0,17.0,9.0,0.0,9.0,25.0,17.0,71.0,5.0,1.0,1.0
14854,Mike Yastrzemski,2020,551.0,477.0,87.0,72.0,31.0,7.0,23.0,79.0,66.0,133.0,7.0,1.0,6.0
10155,Mike Trout,2020,590.0,500.0,92.0,73.0,23.0,4.0,35.0,99.0,75.0,138.0,7.0,8.0,4.0
15274,Mike Tauchman,2020,272.0,237.0,40.0,40.0,13.0,0.0,4.0,34.0,30.0,64.0,3.0,2.0,10.0
4892,Mike Moustakas,2020,399.0,346.0,39.0,44.0,20.0,1.0,17.0,59.0,41.0,90.0,8.0,4.0,4.0
11241,Mike Freeman,2020,105.0,93.0,13.0,15.0,6.0,0.0,2.0,10.0,9.0,26.0,2.0,2.0,1.0
15585,Mike Ford,2020,206.0,182.0,19.0,18.0,9.0,0.0,6.0,26.0,18.0,43.0,4.0,2.0,1.0
19683,Mike Brosseau,2020,240.0,212.0,30.0,35.0,11.0,2.0,10.0,29.0,21.0,67.0,5.0,2.0,4.0
12164,Miguel Sano,2020,502.0,453.0,71.0,45.0,27.0,1.0,27.0,61.0,45.0,184.0,4.0,1.0,2.0
7802,Miguel Rojas,2020,350.0,308.0,47.0,53.0,21.0,2.0,11.0,46.0,36.0,59.0,5.0,1.0,9.0
1744,Miguel Cabrera,2020,566.0,501.0,69.0,86.0,15.0,1.0,23.0,80.0,56.0,128.0,4.0,4.0,4.0
15878,Miguel Andujar,2020,159.0,147.0,16.0,24.0,6.0,2.0,4.0,16.0,11.0,29.0,1.0,0.0,1.0
19956,Mickey Moniak,2020,44.0,37.0,6.0,7.0,1.0,0.0,1.0,3.0,7.0,12.0,0.0,0.0,0.0
12977,Michael Perez,2020,228.0,204.0,22.0,27.0,8.0,0.0,5.0,30.0,19.0,60.0,3.0,2.0,1.0
14843,Michael Lorenzen,2020,2.0,2.0,0.0,0.0,0.0,0.0,0.0,0.0,0.0,1.0,0.0,0.0,0.0
16285,Michael Hermosillo,2020,24.0,21.0,2.0,4.0,1.0,0.0,0.0,4.0,2.0,4.0,0.0,1.0,1.0
16376,Michael Conforto,2020,571.0,499.0,89.0,98.0,28.0,1.0,21.0,73.0,57.0,138.0,14.0,1.0,7.0
17321,Michael Chavis,2020,387.0,353.0,43.0,49.0,14.0,4.0,13.0,47.0,26.0,110.0,5.0,4.0,6.0
4106,Michael Brantley,2020,458.0,413.0,58.0,71.0,30.0,1.0,14.0,54.0,42.0,83.0,2.0,1.0,5.0
11489,Michael A. Taylor,2020,243.0,221.0,28.0,24.0,13.0,0.0,11.0,35.0,18.0,62.0,3.0,1.0,1.0
17109,Meibrys Viloria,2020,59.0,52.0,5.0,8.0,2.0,0.0,1.0,4.0,5.0,18.0,2.0,0.0,0.0
10059,Max Stassi,2020,257.0,224.0,31.0,37.0,8.0,0.0,14.0,41.0,25.0,55.0,3.0,5.0,2.0
17750,Max Schrock,2020,42.0,39.0,4.0,5.0,1.0,0.0,2.0,4.0,2.0,12.0,0.0,0.0,0.0
13301,Max Muncy,2020,608.0,511.0,84.0,65.0,15.0,1.0,27.0,68.0,83.0,146.0,9.0,5.0,4.0
12144,Max Kepler,2020,480.0,422.0,64.0,56.0,21.0,1.0,20.0,57.0,50.0,97.0,5.0,3.0,7.0
16530,Mauricio Dubon,2020,434.0,386.0,53.0,74.0,13.0,2.0,12.0,49.0,38.0,93.0,4.0,4.0,5.0
4298,Matt Wieters,2020,100.0,88.0,10.0,14.0,3.0,0.0,2.0,11.0,8.0,24.0,3.0,0.0,1.0
19318,Matt Thaiss,2020,61.0,53.0,8.0,7.0,1.0,0.0,2.0,5.0,8.0,17.0,0.0,0.0,0.0
13788,Matt Reynolds,2020,27.0,25.0,3.0,2.0,1.0,0.0,1.0,2.0,1.0,11.0,0.0,0.0,0.0
14344,Matt Olson,2020,600.0,521.0,71.0,63.0,15.0,2.0,30.0,93.0,74.0,173.0,4.0,1.0,4.0
5631,Matt Kemp,2020,323.0,287.0,43.0,46.0,10.0,0.0,13.0,46.0,34.0,90.0,2.0,1.0,3.0
3353,Matt Joyce,2020,363.0,316.0,42.0,58.0,12.0,1.0,8.0,38.0,43.0,94.0,2.0,2.0,3.0
7226,Matt Davidson,2020,115.0,104.0,11.0,12.0,4.0,0.0,6.0,20.0,10.0,29.0,1.0,0.0,1.0
16505,Matt Chapman,2020,372.0,341.0,51.0,38.0,20.0,4.0,20.0,55.0,25.0,115.0,3.0,2.0,2.0
8090,Matt Carpenter,2020,414.0,353.0,53.0,46.0,16.0,1.0,12.0,55.0,49.0,110.0,11.0,1.0,2.0
17710,Matt Beaty,2020,132.0,120.0,18.0,19.0,4.0,0.0,5.0,14.0,9.0,33.0,3.0,0.0,1.0
9393,Matt Adams,2020,125.0,116.0,13.0,15.0,5.0,0.0,5.0,18.0,8.0,37.0,1.0,0.0,1.0
11859,Mason Williams,2020,44.0,41.0,3.0,4.0,1.0,1.0,1.0,3.0,2.0,16.0,0.0,0.0,0.0
5497,Marwin Gonzalez,2020,488.0,431.0,45.0,68.0,14.0,1.0,14.0,56.0,43.0,105.0,7.0,7.0,2.0
6887,Martin Maldonado,2020,404.0,343.0,48.0,50.0,13.0,1.0,14.0,55.0,55.0,113.0,3.0,1.0,4.0
16042,Mark Payton,2020,49.0,44.0,3.0,6.0,2.0,0.0,1.0,3.0,5.0,12.0,0.0,0.0,1.0
18032,Mark Mathias,2020,88.0,83.0,8.0,14.0,5.0,0.0,2.0,10.0,4.0,19.0,1.0,0.0,2.0
11445,Mark Canha,2020,595.0,488.0,77.0,73.0,28.0,4.0,15.0,78.0,79.0,135.0,19.0,9.0,9.0
12533,Marcus Semien,2020,578.0,516.0,70.0,75.0,23.0,2.0,18.0,61.0,59.0,127.0,2.0,1.0,9.0
10324,Marcell Ozuna,2020,654.0,566.0,90.0,104.0,32.0,1.0,37.0,119.0,83.0,149.0,3.0,3.0,3.0
14712,Manuel Margot,2020,390.0,352.0,47.0,64.0,20.0,1.0,7.0,35.0,33.0,73.0,2.0,2.0,20.0
2829,Manny Pina,2020,110.0,97.0,12.0,15.0,4.0,0.0,4.0,13.0,9.0,26.0,4.0,0.0,1.0
11493,Manny Machado,2020,622.0,550.0,98.0,92.0,28.0,2.0,34.0,102.0,62.0,108.0,2.0,8.0,13.0
13608,Mallex Smith,2020,115.0,106.0,10.0,13.0,5.0,0.0,2.0,11.0,8.0,29.0,1.0,0.0,3.0
12179,Maikel Franco,2020,595.0,541.0,62.0,89.0,35.0,1.0,20.0,86.0,44.0,108.0,2.0,8.0,4.0
17023,Magneuris Sierra,2020,130.0,112.0,18.0,17.0,6.0,1.0,2.0,16.0,12.0,26.0,2.0,2.0,6.0
14811,Luke Voit,2020,573.0,518.0,91.0,78.0,16.0,1.0,43.0,108.0,45.0,133.0,7.0,3.0,3.0
16622,Luis Urias,2020,294.0,265.0,31.0,47.0,11.0,2.0,4.0,30.0,26.0,74.0,3.0,1.0,4.0
15905,Luis Torrens,2020,191.0,171.0,18.0,28.0,10.0,0.0,4.0,19.0,17.0,41.0,1.0,1.0,1.0
20043,Luis Robert,2020,556.0,496.0,77.0,71.0,21.0,1.0,24.0,73.0,50.0,163.0,4.0,4.0,17.0
19858,Luis Rengifo,2020,260.0,226.0,31.0,32.0,6.0,0.0,5.0,18.0,30.0,62.0,1.0,1.0,6.0
16451,Luis Guillorme,2020,167.0,144.0,18.0,27.0,11.0,0.0,3.0,21.0,20.0,40.0,1.0,2.0,4.0
20332,Luis Gonzalez,2020,5.0,4.0,1.0,0.0,0.0,0.0,0.0,0.0,0.0,2.0,1.0,0.0,0.0
20391,Luis Garcia,2020,341.0,318.0,44.0,61.0,15.0,0.0,8.0,40.0,20.0,75.0,2.0,1.0,3.0
22217,Luis Campusano,2020,10.0,8.0,3.0,1.0,0.0,0.0,1.0,2.0,1.0,3.0,1.0,0.0,0.0
18568,Luis Arraez,2020,296.0,270.0,38.0,55.0,18.0,0.0,4.0,33.0,23.0,45.0,2.0,2.0,2.0
17839,Luis Alexander Basabe,2020,44.0,37.0,8.0,6.0,1.0,0.0,1.0,4.0,7.0,11.0,0.0,0.0,2.0
19238,Lourdes Gurriel Jr.,2020,549.0,502.0,69.0,89.0,31.0,1.0,24.0,76.0,40.0,121.0,2.0,4.0,7.0
9077,Lorenzo Cain,2020,51.0,45.0,8.0,9.0,2.0,0.0,1.0,6.0,6.0,9.0,0.0,0.0,0.0
9205,Logan Morrison,2020,69.0,61.0,8.0,6.0,3.0,0.0,2.0,7.0,7.0,18.0,0.0,0.0,0.0
7185,Logan Forsythe,2020,93.0,83.0,8.0,9.0,3.0,0.0,3.0,8.0,9.0,25.0,1.0,0.0,1.0
14352,Lewis Brinson,2020,274.0,253.0,34.0,37.0,13.0,0.0,8.0,31.0,19.0,70.0,1.0,1.0,7.0
18365,Lewin Diaz,2020,100.0,92.0,9.0,12.0,5.0,0.0,2.0,10.0,7.0,26.0,1.0,0.0,1.0
5913,Leury Garcia,2020,154.0,141.0,17.0,25.0,4.0,0.0,6.0,19.0,12.0,29.0,1.0,0.0,1.0
18900,Leody Taveras,2020,328.0,292.0,46.0,41.0,14.0,2.0,10.0,25.0,33.0,94.0,2.0,1.0,13.0
16939,Lane Thomas,2020,98.0,88.0,12.0,8.0,5.0,0.0,3.0,8.0,9.0,27.0,1.0,0.0,1.0
18126,LaMonte Wade Jr.,2020,108.0,96.0,11.0,15.0,6.0,0.0,2.0,8.0,10.0,24.0,2.0,0.0,2.0
18345,Kyle Tucker,2020,559.0,507.0,77.0,73.0,27.0,10.0,21.0,91.0,46.0,119.0,2.0,3.0,16.0
9785,Kyle Seager,2020,608.0,511.0,83.0,73.0,28.0,1.0,22.0,90.0,71.0,101.0,14.0,11.0,11.0
16478,Kyle Schwarber,2020,549.0,475.0,72.0,56.0,18.0,1.0,24.0,61.0,66.0,150.0,7.0,1.0,4.0
19508,Kyle Lewis,2020,593.0,512.0,85.0,92.0,13.0,1.0,25.0,69.0,74.0,162.0,2.0,4.0,11.0
5517,Kyle Higashioka,2020,118.0,111.0,16.0,17.0,4.0,0.0,7.0,19.0,5.0,27.0,1.0,0.0,1.0
18063,Kyle Garlick,2020,56.0,52.0,4.0,6.0,2.0,0.0,1.0,7.0,3.0,15.0,1.0,0.0,0.0
14813,Kyle Farmer,2020,172.0,155.0,15.0,29.0,7.0,0.0,3.0,15.0,14.0,36.0,2.0,0.0,2.0
8259,Kurt Suzuki,2020,316.0,276.0,38.0,47.0,17.0,0.0,7.0,40.0,28.0,58.0,7.0,5.0,3.0
15429,Kris Bryant,2020,360.0,321.0,47.0,45.0,13.0,2.0,11.0,33.0,31.0,93.0,8.0,1.0,2.0
12532,Kolten Wong,2020,510.0,448.0,64.0,90.0,14.0,4.0,8.0,47.0,48.0,90.0,9.0,3.0,10.0
11200,Kole Calhoun,2020,559.0,476.0,80.0,55.0,23.0,1.0,33.0,88.0,63.0,125.0,12.0,8.0,4.0
9112,Khris Davis,2020,243.0,212.0,26.0,28.0,11.0,0.0,6.0,27.0,23.0,61.0,5.0,2.0,1.0
13807,Kevin Plawecki,2020,218.0,198.0,23.0,42.0,11.0,2.0,5.0,35.0,16.0,42.0,4.0,1.0,3.0
12434,Kevin Pillar,2020,546.0,502.0,78.0,88.0,27.0,6.0,16.0,64.0,38.0,110.0,6.0,1.0,11.0
17696,Kevin Newman,2020,421.0,380.0,38.0,66.0,14.0,1.0,7.0,34.0,33.0,69.0,3.0,4.0,2.0
11038,Kevin Kiermaier,2020,390.0,341.0,43.0,49.0,14.0,5.0,10.0,51.0,44.0,98.0,3.0,1.0,14.0
16211,Kevin Cron,2020,49.0,43.0,3.0,4.0,1.0,0.0,1.0,3.0,4.0,14.0,3.0,0.0,0.0
12284,Kevan Smith,2020,93.0,80.0,10.0,11.0,6.0,0.0,3.0,15.0,10.0,24.0,2.0,0.0,1.0
13613,Ketel Marte,2020,478.0,437.0,51.0,78.0,29.0,2.0,9.0,47.0,27.0,73.0,8.0,6.0,4.0
20003,Keston Hiura,2020,603.0,533.0,74.0,75.0,15.0,1.0,28.0,76.0,44.0,186.0,21.0,4.0,8.0
17468,Kelvin Gutierrez,2020,29.0,24.0,2.0,3.0,1.0,0.0,1.0,2.0,5.0,10.0,0.0,0.0,0.0
19610,Keibert Ruiz,2020,20.0,18.0,2.0,3.0,0.0,0.0,1.0,2.0,1.0,6.0,0.0,0.0,0.0
18577,Ke'Bryan Hayes,2020,233.0,208.0,36.0,39.0,14.0,3.0,10.0,27.0,22.0,51.0,3.0,1.0,3.0
15490,Justin Williams,2020,15.0,13.0,1.0,2.0,0.0,0.0,0.0,1.0,2.0,4.0,0.0,0.0,0.0
5222,Justin Upton,2020,407.0,361.0,50.0,45.0,14.0,1.0,19.0,52.0,31.0,102.0,13.0,2.0,2.0
5235,Justin Turner,2020,429.0,373.0,60.0,71.0,21.0,2.0,12.0,55.0,42.0,77.0,11.0,3.0,4.0
9054,Justin Smoak,2020,323.0,290.0,37.0,31.0,16.0,0.0,12.0,38.0,27.0,92.0,5.0,2.0,2.0
10815,Jurickson Profar,2020,495.0,441.0,66.0,82.0,17.0,1.0,17.0,61.0,40.0,85.0,8.0,4.0,13.0
20123,Juan Soto,2020,480.0,395.0,83.0,66.0,29.0,1.0,26.0,79.0,80.0,84.0,4.0,1.0,12.0
15170,Josh VanMeter,2020,194.0,172.0,23.0,18.0,8.0,0.0,6.0,19.0,17.0,53.0,4.0,1.0,3.0
19734,Josh Rojas,2020,172.0,151.0,22.0,25.0,3.0,0.0,3.0,12.0,16.0,40.0,1.0,3.0,2.0
3892,Josh Reddick,2020,514.0,460.0,58.0,72.0,25.0,2.0,13.0,58.0,48.0,109.0,2.0,3.0,4.0
9308,Josh Phegley,2020,44.0,39.0,7.0,3.0,1.0,0.0,2.0,5.0,3.0,9.0,1.0,0.0,0.0
18839,Josh Naylor,2020,255.0,233.0,32.0,41.0,9.0,2.0,5.0,22.0,17.0,43.0,3.0,1.0,3.0
8202,Josh Harrison,2020,223.0,196.0,27.0,37.0,7.0,0.0,8.0,31.0,17.0,40.0,7.0,3.0,3.0
16885,Josh Fuentes,2020,252.0,233.0,33.0,44.0,14.0,0.0,7.0,37.0,13.0,66.0,3.0,3.0,3.0
5038,Josh Donaldson,2020,250.0,209.0,33.0,29.0,7.0,0.0,12.0,28.0,35.0,59.0,4.0,2.0,1.0
13145,Josh Bell,2020,546.0,481.0,59.0,79.0,13.0,1.0,19.0,58.0,53.0,139.0,6.0,8.0,2.0
15535,Joseph Odom,2020,108.0,96.0,9.0,14.0,2.0,0.0,2.0,9.0,10.0,37.0,1.0,0.0,1.0
16725,Jose Trevino,2020,203.0,184.0,25.0,25.0,15.0,0.0,6.0,23.0,13.0,42.0,2.0,3.0,1.0
13510,Jose Ramirez,2020,622.0,542.0,100.0,77.0,35.0,2.0,35.0,101.0,70.0,118.0,7.0,3.0,19.0
13593,Jose Peraza,2020,294.0,268.0,34.0,38.0,17.0,2.0,6.0,26.0,18.0,55.0,6.0,2.0,3.0
12937,Jose Osuna,2020,201.0,185.0,20.0,25.0,8.0,0.0,8.0,26.0,14.0,43.0,1.0,1.0,1.0
7996,Jose Martinez,2020,240.0,215.0,27.0,28.0,10.0,0.0,6.0,26.0,23.0,62.0,1.0,1.0,1.0
15767,Jose Marmolejos,2020,282.0,257.0,32.0,33.0,11.0,0.0,13.0,40.0,21.0,73.0,3.0,1.0,2.0
10231,Jose Iglesias,2020,368.0,340.0,42.0,69.0,31.0,1.0,9.0,53.0,18.0,59.0,8.0,2.0,2.0
13151,Jose Briceno,2020,15.0,13.0,1.0,2.0,0.0,0.0,0.0,1.0,2.0,3.0,0.0,0.0,0.0
5417,Jose Altuve,2020,514.0,466.0,74.0,69.0,22.0,1.0,14.0,50.0,44.0,104.0,4.0,1.0,6.0
15676,Jose Abreu,2020,642.0,583.0,98.0,98.0,34.0,1.0,39.0,125.0,49.0,146.0,8.0,3.0,3.0
23378,Jose  Garcia,2020,167.0,156.0,15.0,27.0,3.0,0.0,3.0,12.0,9.0,52.0,1.0,0.0,2.0
14221,Jorge Soler,2020,426.0,371.0,46.0,49.0,19.0,1.0,18.0,56.0,44.0,129.0,7.0,2.0,2.0
13152,Jorge Polanco,2020,554.0,507.0,59.0,94.0,21.0,1.0,13.0,53.0,38.0,101.0,4.0,3.0,9.0
20040,Jorge Ona,2020,37.0,31.0,6.0,4.0,2.0,0.0,2.0,5.0,4.0,12.0,1.0,0.0,0.0
17273,Jorge Mateo,2020,69.0,62.0,9.0,6.0,5.0,0.0,1.0,7.0,5.0,21.0,0.0,0.0,2.0
12174,Jorge Bonifacio,2020,230.0,208.0,24.0,33.0,8.0,0.0,6.0,35.0,16.0,59.0,4.0,2.0,1.0
12180,Jorge Alfaro,2020,245.0,224.0,30.0,37.0,7.0,0.0,8.0,35.0,15.0,75.0,5.0,1.0,4.0
6547,Jordy Mercer,2020,54.0,48.0,6.0,8.0,1.0,0.0,1.0,4.0,5.0,9.0,0.0,0.0,0.0
16424,Jordan Luplow,2020,225.0,195.0,24.0,23.0,11.0,2.0,6.0,23.0,25.0,49.0,3.0,2.0,1.0
10071,Jonathan Villar,2020,507.0,453.0,43.0,82.0,15.0,1.0,9.0,45.0,47.0,128.0,2.0,4.0,28.0
11265,Jonathan Schoop,2020,434.0,393.0,60.0,70.0,13.0,4.0,18.0,55.0,27.0,98.0,8.0,4.0,2.0
15104,Jonathan Davis,2020,83.0,71.0,10.0,11.0,4.0,0.0,3.0,12.0,7.0,23.0,3.0,1.0,2.0
20275,Jonathan Arauz,2020,196.0,175.0,22.0,32.0,6.0,0.0,4.0,23.0,19.0,49.0,1.0,1.0,1.0
16930,Jonah Heim,2020,100.0,91.0,12.0,17.0,2.0,0.0,2.0,12.0,8.0,16.0,1.0,0.0,1.0
5227,Jon Jay,2020,140.0,123.0,15.0,17.0,4.0,0.0,4.0,13.0,10.0,31.0,2.0,4.0,1.0
12037,Jon Berti,2020,365.0,307.0,49.0,55.0,14.0,1.0,8.0,38.0,47.0,89.0,6.0,2.0,15.0
10346,John Ryan Murphy,2020,154.0,140.0,17.0,20.0,6.0,0.0,3.0,12.0,12.0,53.0,1.0,0.0,1.0
16852,John Nogowski,2020,10.0,9.0,1.0,2.0,0.0,0.0,0.0,1.0,1.0,2.0,0.0,0.0,0.0
14950,Johan Camargo,2020,311.0,287.0,39.0,35.0,17.0,0.0,10.0,28.0,20.0,80.0,3.0,1.0,2.0
13853,Joey Wendle,2020,451.0,408.0,58.0,74.0,21.0,4.0,12.0,46.0,31.0,93.0,10.0,3.0,15.0
4314,Joey Votto,2020,546.0,466.0,75.0,63.0,21.0,1.0,24.0,58.0,77.0,113.0,2.0,1.0,2.0
13277,Joey Rickard,2020,15.0,13.0,2.0,1.0,0.0,0.0,0.0,1.0,2.0,3.0,0.0,0.0,0.0
14128,Joey Gallo,2020,554.0,480.0,61.0,53.0,21.0,1.0,23.0,65.0,64.0,172.0,9.0,1.0,6.0
21524,Joey Bart,2020,272.0,248.0,36.0,40.0,12.0,3.0,4.0,24.0,15.0,85.0,8.0,1.0,2.0
11936,Joe Panik,2020,345.0,299.0,44.0,48.0,15.0,1.0,6.0,27.0,42.0,72.0,3.0,1.0,2.0
18399,Joe McCarthy,2020,24.0,23.0,2.0,2.0,1.0,0.0,0.0,2.0,1.0,9.0,0.0,0.0,0.0
14412,Joe Hudson,2020,49.0,43.0,3.0,7.0,1.0,0.0,1.0,3.0,5.0,12.0,0.0,0.0,0.0
11899,Joc Pederson,2020,338.0,299.0,48.0,36.0,12.0,0.0,15.0,40.0,29.0,82.0,9.0,1.0,3.0
20220,Jo Adell,2020,323.0,297.0,30.0,37.0,11.0,0.0,9.0,26.0,22.0,111.0,3.0,1.0,2.0
5452,Ji-Man Choi,2020,355.0,306.0,41.0,37.0,25.0,1.0,9.0,41.0,42.0,86.0,2.0,5.0,2.0
19913,Jesus Sanchez,2020,71.0,62.0,6.0,5.0,3.0,0.0,1.0,7.0,8.0,21.0,0.0,0.0,1.0
11342,Jesus Aguilar,2020,529.0,464.0,73.0,79.0,24.0,1.0,19.0,76.0,54.0,107.0,4.0,8.0,2.0
13590,Jesse Winker,2020,448.0,378.0,63.0,52.0,18.0,1.0,24.0,55.0,58.0,110.0,10.0,3.0,4.0
13621,Jeimer Candelario,2020,505.0,452.0,70.0,78.0,25.0,5.0,17.0,67.0,48.0,119.0,4.0,1.0,4.0
15362,Jeff McNeil,2020,512.0,451.0,53.0,87.0,30.0,1.0,13.0,58.0,48.0,80.0,7.0,6.0,2.0
3448,Jeff Mathis,2020,167.0,150.0,18.0,17.0,5.0,2.0,7.0,21.0,14.0,49.0,1.0,2.0,2.0
10816,Jedd Gyorko,2020,331.0,290.0,44.0,43.0,10.0,0.0,18.0,41.0,34.0,87.0,3.0,4.0,2.0
5933,Jean Segura,2020,532.0,472.0,68.0,84.0,16.0,4.0,18.0,62.0,54.0,115.0,4.0,1.0,6.0
19552,Jaylin Davis,2020,29.0,28.0,4.0,3.0,1.0,0.0,2.0,3.0,2.0,10.0,0.0,0.0,0.0
9892,Jay Bruce,2020,252.0,231.0,29.0,25.0,10.0,3.0,12.0,33.0,20.0,59.0,1.0,1.0,1.0
12979,Javier Baez,2020,576.0,533.0,68.0,70.0,23.0,2.0,20.0,62.0,29.0,168.0,9.0,4.0,7.0
20454,Jasrado Chisholm,2020,152.0,136.0,19.0,16.0,4.0,2.0,5.0,16.0,13.0,41.0,2.0,0.0,3.0
16429,Jason Martin,2020,27.0,23.0,4.0,2.0,1.0,0.0,1.0,2.0,4.0,8.0,0.0,0.0,0.0
9776,Jason Kipnis,2020,331.0,285.0,36.0,40.0,17.0,2.0,9.0,39.0,38.0,91.0,3.0,4.0,3.0
4940,Jason Heyward,2020,443.0,373.0,51.0,61.0,16.0,4.0,15.0,54.0,61.0,96.0,5.0,4.0,5.0
8722,Jason Castro,2020,225.0,198.0,24.0,19.0,16.0,0.0,6.0,24.0,25.0,68.0,1.0,1.0,1.0
4866,Jarrod Dyson,2020,162.0,147.0,21.0,25.0,3.0,0.0,3.0,16.0,12.0,32.0,1.0,0.0,9.0
18607,Jared Walsh,2020,265.0,239.0,41.0,35.0,10.0,3.0,16.0,50.0,17.0,48.0,3.0,5.0,2.0
19968,Jared Oliva,2020,39.0,37.0,3.0,6.0,1.0,0.0,1.0,3.0,2.0,12.0,0.0,0.0,1.0
12859,James McCann,2020,272.0,240.0,43.0,41.0,9.0,0.0,14.0,35.0,22.0,69.0,7.0,3.0,3.0
19703,Jake Noll,2020,42.0,39.0,5.0,9.0,2.0,0.0,1.0,3.0,2.0,10.0,0.0,0.0,0.0
11339,Jake Marisnick,2020,83.0,77.0,10.0,13.0,5.0,0.0,4.0,11.0,5.0,22.0,1.0,0.0,1.0
13329,Jake Lamb,2020,243.0,216.0,23.0,27.0,11.0,0.0,8.0,27.0,21.0,59.0,5.0,1.0,1.0
19260,Jake Fraley,2020,71.0,63.0,8.0,7.0,3.0,1.0,1.0,5.0,6.0,21.0,2.0,0.0,3.0
18036,Jake Cronenworth,2020,470.0,420.0,62.0,65.0,31.0,5.0,12.0,52.0,44.0,87.0,4.0,3.0,7.0
14477,Jake Cave,2020,301.0,273.0,40.0,40.0,10.0,3.0,10.0,36.0,19.0,92.0,9.0,1.0,2.0
18872,Jahmai Jones,2020,17.0,16.0,3.0,4.0,0.0,0.0,0.0,2.0,1.0,4.0,0.0,0.0,0.0
13723,Jacob Stallings,2020,350.0,309.0,37.0,50.0,16.0,1.0,9.0,43.0,35.0,92.0,2.0,2.0,2.0
16448,Jacob Nottingham,2020,132.0,118.0,18.0,14.0,4.0,0.0,7.0,24.0,12.0,40.0,2.0,0.0,1.0
12984,Jackie Bradley Jr.,2020,532.0,470.0,74.0,83.0,25.0,1.0,18.0,57.0,54.0,120.0,5.0,3.0,10.0
15402,Jack Mayfield,2020,115.0,103.0,13.0,16.0,4.0,0.0,2.0,11.0,8.0,31.0,2.0,2.0,1.0
12325,Jace Peterson,2020,149.0,121.0,17.0,17.0,4.0,0.0,5.0,15.0,25.0,42.0,1.0,2.0,2.0
14818,JaCoby Jones,2020,265.0,237.0,41.0,32.0,17.0,0.0,11.0,33.0,20.0,74.0,6.0,2.0,3.0
17642,J.T. Riddle,2020,169.0,158.0,20.0,20.0,6.0,0.0,4.0,11.0,10.0,36.0,1.0,0.0,2.0
11739,J.T. Realmuto,2020,478.0,424.0,73.0,69.0,17.0,1.0,23.0,71.0,41.0,116.0,12.0,1.0,9.0
15491,J.P. Crawford,2020,568.0,502.0,78.0,93.0,19.0,4.0,10.0,62.0,55.0,108.0,7.0,4.0,12.0
6184,J.D. Martinez,2020,581.0,517.0,60.0,62.0,34.0,1.0,18.0,67.0,54.0,142.0,6.0,4.0,4.0
16219,J.D. Davis,2020,561.0,477.0,66.0,78.0,23.0,1.0,16.0,54.0,68.0,135.0,14.0,3.0,3.0
16512,Isiah Kiner-Falefa,2020,559.0,510.0,69.0,105.0,14.0,6.0,11.0,39.0,40.0,96.0,6.0,3.0,16.0
17922,Isan Diaz,2020,54.0,51.0,7.0,8.0,1.0,0.0,1.0,5.0,3.0,15.0,0.0,0.0,0.0
20036,Isaac Paredes,2020,265.0,241.0,24.0,39.0,10.0,0.0,5.0,22.0,22.0,60.0,1.0,1.0,2.0
13324,Ildemaro Vargas,2020,132.0,121.0,16.0,18.0,4.0,1.0,4.0,12.0,9.0,28.0,1.0,2.0,1.0
17919,Ian Happ,2020,566.0,492.0,68.0,70.0,26.0,2.0,26.0,68.0,66.0,147.0,6.0,1.0,4.0
15464,Hunter Renfroe,2020,341.0,301.0,44.0,28.0,13.0,0.0,16.0,49.0,33.0,86.0,5.0,2.0,5.0
8252,Hunter Pence,2020,137.0,125.0,13.0,12.0,3.0,1.0,5.0,16.0,10.0,34.0,2.0,0.0,1.0
15117,Hunter Dozier,2020,456.0,394.0,66.0,60.0,13.0,4.0,15.0,39.0,57.0,114.0,4.0,1.0,8.0
4229,Howie Kendrick,2020,245.0,221.0,29.0,41.0,10.0,0.0,6.0,32.0,19.0,49.0,1.0,3.0,1.0
5751,Hernan Perez,2020,15.0,14.0,1.0,2.0,0.0,0.0,0.0,1.0,1.0,4.0,0.0,0.0,0.0
18030,Harrison Bader,2020,306.0,265.0,46.0,33.0,15.0,3.0,10.0,31.0,30.0,87.0,9.0,2.0,6.0
14387,Harold Ramirez,2020,27.0,24.0,4.0,4.0,1.0,0.0,1.0,3.0,2.0,6.0,0.0,0.0,0.0
14691,Harold Castro,2020,132.0,119.0,16.0,25.0,8.0,0.0,2.0,12.0,12.0,29.0,1.0,0.0,1.0
11902,Hanser Alberto,2020,566.0,527.0,81.0,98.0,32.0,1.0,11.0,59.0,25.0,93.0,7.0,4.0,7.0
18721,Guillermo Heredia,2020,88.0,80.0,13.0,12.0,2.0,0.0,4.0,11.0,8.0,21.0,1.0,0.0,2.0
12907,Gregory Polanco,2020,426.0,383.0,38.0,39.0,16.0,1.0,16.0,53.0,35.0,137.0,2.0,6.0,7.0
10951,Greg Garcia,2020,174.0,152.0,18.0,23.0,7.0,0.0,3.0,24.0,17.0,43.0,1.0,2.0,2.0
16623,Greg Allen,2020,78.0,67.0,10.0,8.0,3.0,0.0,3.0,10.0,7.0,21.0,3.0,1.0,3.0
17062,Grayson Greiner,2020,135.0,122.0,18.0,10.0,5.0,0.0,6.0,18.0,10.0,40.0,2.0,0.0,1.0
16997,Gleyber Torres,2020,392.0,339.0,45.0,54.0,18.0,1.0,10.0,42.0,47.0,78.0,5.0,1.0,4.0
10681,Giovanny Urshela,2020,426.0,373.0,57.0,65.0,24.0,1.0,15.0,65.0,42.0,76.0,4.0,7.0,4.0
4949,Giancarlo Stanton,2020,230.0,195.0,29.0,25.0,14.0,0.0,9.0,27.0,30.0,61.0,4.0,1.0,3.0
12856,George Springer,2020,544.0,471.0,83.0,70.0,18.0,4.0,29.0,74.0,56.0,105.0,10.0,4.0,4.0
19955,Gavin Lux,2020,169.0,152.0,20.0,19.0,6.0,0.0,7.0,20.0,15.0,43.0,1.0,0.0,2.0
11442,Gary Sanchez,2020,436.0,384.0,50.0,36.0,13.0,1.0,21.0,56.0,43.0,137.0,8.0,1.0,2.0
18067,Garrett Stubbs,2020,24.0,21.0,3.0,3.0,1.0,0.0,0.0,3.0,1.0,3.0,0.0,1.0,0.0
19262,Garrett Hampson,2020,451.0,408.0,60.0,64.0,13.0,5.0,13.0,37.0,35.0,132.0,2.0,3.0,12.0
15279,Garrett Cooper,2020,326.0,292.0,46.0,47.0,17.0,0.0,13.0,45.0,28.0,76.0,5.0,1.0,2.0
6609,Freddy Galvis,2020,390.0,346.0,46.0,49.0,14.0,1.0,16.0,42.0,33.0,80.0,9.0,1.0,4.0
5361,Freddie Freeman,2020,642.0,539.0,111.0,88.0,47.0,2.0,29.0,113.0,94.0,110.0,8.0,1.0,6.0
14566,Franmil Reyes,2020,590.0,520.0,69.0,91.0,25.0,1.0,22.0,79.0,57.0,159.0,4.0,9.0,3.0
15519,Franklin Barreto,2020,69.0,63.0,10.0,7.0,2.0,0.0,1.0,7.0,3.0,26.0,2.0,0.0,2.0
16403,Francisco Mejia,2020,103.0,93.0,13.0,8.0,3.0,0.0,3.0,9.0,6.0,23.0,3.0,0.0,1.0
12916,Francisco Lindor,2020,652.0,579.0,76.0,95.0,31.0,1.0,21.0,70.0,59.0,117.0,9.0,5.0,13.0
5275,Francisco Cervelli,2020,152.0,132.0,22.0,20.0,6.0,0.0,6.0,18.0,17.0,35.0,2.0,0.0,2.0
14567,Franchy Cordero,2020,103.0,92.0,15.0,11.0,6.0,0.0,4.0,15.0,10.0,17.0,1.0,0.0,2.0
19709,Fernando Tatis Jr.,2020,630.0,552.0,109.0,81.0,27.0,4.0,35.0,99.0,63.0,149.0,11.0,3.0,21.0
20078,Evan White,2020,495.0,444.0,52.0,51.0,19.0,1.0,19.0,62.0,45.0,174.0,4.0,3.0,4.0
9368,Evan Longoria,2020,512.0,467.0,64.0,74.0,24.0,2.0,17.0,66.0,34.0,104.0,5.0,6.0,2.0
12552,Eugenio Suarez,2020,566.0,491.0,71.0,54.0,21.0,1.0,31.0,85.0,66.0,154.0,6.0,3.0,6.0
19151,Estevan Florial,2020,7.0,7.0,1.0,2.0,0.0,0.0,0.0,1.0,0.0,3.0,0.0,0.0,0.0
4403,Erik Kratz,2020,74.0,67.0,7.0,13.0,4.0,0.0,1.0,9.0,6.0,16.0,0.0,0.0,1.0
13369,Erik Gonzalez,2020,473.0,436.0,43.0,61.0,28.0,2.0,11.0,52.0,28.0,120.0,2.0,6.0,5.0
15817,Erick Mejia,2020,39.0,35.0,4.0,3.0,2.0,0.0,1.0,3.0,2.0,13.0,0.0,0.0,1.0
3711,Eric Thames,2020,343.0,303.0,32.0,44.0,13.0,1.0,9.0,34.0,33.0,94.0,6.0,1.0,3.0
7927,Eric Sogard,2020,314.0,281.0,31.0,44.0,13.0,0.0,6.0,30.0,28.0,59.0,3.0,2.0,2.0
3516,Eric Hosmer,2020,382.0,346.0,53.0,59.0,15.0,1.0,19.0,72.0,27.0,77.0,5.0,4.0,8.0
14111,Eric Haase,2020,47.0,42.0,4.0,7.0,1.0,0.0,1.0,5.0,3.0,13.0,0.0,1.0,0.0
10472,Enrique Hernandez,2020,363.0,333.0,48.0,46.0,18.0,2.0,12.0,47.0,22.0,80.0,5.0,2.0,2.0
4922,Ender Inciarte,2020,321.0,285.0,41.0,44.0,8.0,2.0,6.0,30.0,29.0,67.0,2.0,4.0,8.0
4054,Emilio Bonifacio,2020,7.0,7.0,2.0,1.0,0.0,0.0,0.0,1.0,0.0,3.0,0.0,0.0,0.0
8709,Elvis Andrus,2020,272.0,248.0,30.0,33.0,12.0,0.0,8.0,24.0,22.0,48.0,1.0,1.0,6.0
17484,Eloy Jimenez,2020,554.0,512.0,66.0,82.0,31.0,1.0,29.0,89.0,37.0,135.0,2.0,3.0,2.0
11155,Elliot Soto,2020,17.0,15.0,3.0,2.0,1.0,0.0,0.0,1.0,2.0,3.0,0.0,0.0,0.0
11680,Elias Diaz,2020,179.0,163.0,16.0,27.0,6.0,0.0,6.0,22.0,14.0,39.0,1.0,1.0,1.0
19346,Eli White,2020,127.0,115.0,14.0,17.0,5.0,0.0,2.0,11.0,10.0,34.0,1.0,2.0,2.0
8418,Ehire Adrianza,2020,247.0,219.0,27.0,29.0,14.0,0.0,4.0,17.0,25.0,57.0,3.0,1.0,3.0
18316,Edwin Rios,2020,203.0,184.0,29.0,19.0,12.0,0.0,14.0,34.0,14.0,46.0,4.0,2.0,1.0
2151,Edwin Encarnacion,2020,443.0,392.0,50.0,38.0,15.0,1.0,21.0,49.0,40.0,122.0,8.0,3.0,2.0
19698,Edward Olivares,2020,247.0,229.0,26.0,38.0,7.0,2.0,8.0,27.0,15.0,60.0,1.0,2.0,1.0
6848,Eduardo Nunez,2020,5.0,5.0,0.0,1.0,0.0,0.0,0.0,0.0,0.0,1.0,0.0,0.0,1.0
6153,Eduardo Escobar,2020,544.0,493.0,59.0,72.0,19.0,6.0,13.0,55.0,41.0,110.0,6.0,4.0,4.0
16959,Eddy Alvarez,2020,100.0,90.0,14.0,14.0,3.0,0.0,2.0,9.0,8.0,31.0,2.0,0.0,3.0
12155,Eddie Rosario,2020,566.0,511.0,74.0,81.0,19.0,1.0,28.0,91.0,48.0,100.0,2.0,4.0,7.0
18042,Dylan Moore,2020,390.0,340.0,58.0,48.0,20.0,1.0,17.0,44.0,35.0,100.0,14.0,1.0,20.0
20126,Dylan Carlson,2020,292.0,265.0,31.0,32.0,15.0,2.0,9.0,37.0,23.0,78.0,2.0,2.0,3.0
13473,Dwight Smith Jr.,2020,176.0,156.0,22.0,23.0,7.0,0.0,5.0,18.0,17.0,44.0,2.0,2.0,2.0
9433,Dustin Garneau,2020,113.0,97.0,12.0,13.0,2.0,1.0,3.0,12.0,12.0,31.0,1.0,0.0,1.0
3411,Drew Butera,2020,105.0,95.0,12.0,12.0,5.0,0.0,2.0,11.0,7.0,26.0,1.0,2.0,1.0
8623,Donovan Solano,2020,497.0,457.0,57.0,92.0,31.0,2.0,11.0,67.0,32.0,103.0,5.0,3.0,2.0
19314,Donnie Walton,2020,34.0,31.0,2.0,4.0,2.0,0.0,1.0,6.0,3.0,10.0,0.0,0.0,0.0
15653,Dominic Smith,2020,488.0,434.0,64.0,62.0,41.0,2.0,22.0,87.0,38.0,112.0,10.0,6.0,2.0
10348,Domingo Santana,2020,206.0,177.0,20.0,21.0,8.0,0.0,6.0,27.0,26.0,55.0,2.0,1.0,1.0
14335,Dilson Herrera,2020,15.0,13.0,1.0,1.0,0.0,0.0,0.0,1.0,1.0,6.0,1.0,0.0,0.0
6012,Didi Gregorius,2020,581.0,524.0,80.0,90.0,25.0,4.0,23.0,89.0,42.0,91.0,9.0,4.0,7.0
4062,Dexter Fowler,2020,247.0,220.0,33.0,35.0,7.0,0.0,9.0,34.0,24.0,64.0,3.0,1.0,3.0
16947,Derek Hill,2020,29.0,27.0,5.0,3.0,1.0,0.0,1.0,2.0,3.0,10.0,0.0,0.0,0.0
16192,Derek Fisher,2020,96.0,81.0,12.0,10.0,4.0,1.0,3.0,14.0,13.0,25.0,1.0,1.0,1.0
10542,Derek Dietrich,2020,184.0,156.0,23.0,20.0,5.0,0.0,9.0,21.0,20.0,47.0,8.0,1.0,2.0
11379,Delino DeShields,2020,294.0,264.0,30.0,48.0,10.0,3.0,4.0,25.0,24.0,70.0,2.0,1.0,6.0
15988,Deivy Grullon,2020,10.0,8.0,1.0,2.0,0.0,0.0,0.0,2.0,2.0,2.0,0.0,0.0,0.0
8203,Dee Gordon,2020,201.0,181.0,27.0,31.0,5.0,0.0,3.0,15.0,15.0,39.0,4.0,1.0,5.0
18353,Daz Cameron,2020,145.0,134.0,14.0,20.0,6.0,1.0,2.0,12.0,9.0,40.0,1.0,0.0,2.0
14713,Dawel Lugo,2020,27.0,24.0,5.0,4.0,1.0,0.0,1.0,3.0,2.0,5.0,0.0,0.0,0.0
2136,David Peralta,2020,534.0,490.0,54.0,97.0,24.0,2.0,14.0,77.0,38.0,115.0,2.0,4.0,4.0
17992,David Fletcher,2020,564.0,506.0,74.0,107.0,29.0,1.0,11.0,52.0,50.0,85.0,2.0,4.0,6.0
13744,David Dahl,2020,243.0,223.0,26.0,32.0,7.0,3.0,4.0,25.0,15.0,63.0,3.0,2.0,3.0
14593,David Bote,2020,355.0,310.0,40.0,40.0,10.0,2.0,15.0,60.0,38.0,92.0,5.0,2.0,5.0
19918,Daulton Varsho,2020,282.0,249.0,38.0,29.0,12.0,3.0,8.0,27.0,28.0,75.0,4.0,1.0,6.0
9929,Darin Ruf,2020,245.0,215.0,29.0,33.0,13.0,0.0,11.0,38.0,28.0,57.0,1.0,1.0,3.0
18314,Dansby Swanson,2020,647.0,579.0,108.0,95.0,34.0,1.0,24.0,83.0,56.0,167.0,9.0,3.0,11.0
10322,Danny Santana,2020,154.0,136.0,17.0,14.0,8.0,0.0,4.0,18.0,16.0,48.0,1.0,2.0,4.0
18889,Danny Mendick,2020,279.0,256.0,30.0,42.0,11.0,2.0,8.0,23.0,19.0,63.0,1.0,2.0,2.0
16535,Danny Jansen,2020,360.0,306.0,45.0,39.0,11.0,1.0,14.0,47.0,44.0,79.0,5.0,2.0,2.0
14130,Daniel Vogelbach,2020,333.0,288.0,40.0,40.0,10.0,0.0,13.0,40.0,41.0,80.0,3.0,1.0,2.0
14145,Daniel Robertson,2020,59.0,52.0,8.0,12.0,1.0,0.0,1.0,6.0,6.0,14.0,0.0,0.0,0.0
4316,Daniel Murphy,2020,323.0,296.0,31.0,51.0,10.0,0.0,9.0,39.0,22.0,61.0,2.0,2.0,2.0
19643,Daniel Johnson Jr.,2020,32.0,29.0,2.0,4.0,1.0,0.0,1.0,2.0,3.0,10.0,0.0,0.0,0.0
9874,DJ LeMahieu,2020,529.0,475.0,89.0,104.0,24.0,4.0,22.0,65.0,46.0,76.0,5.0,3.0,7.0
17766,D.J. Stewart,2020,274.0,229.0,33.0,27.0,8.0,0.0,14.0,35.0,39.0,81.0,4.0,1.0,2.0
12510,Curt Casali,2020,228.0,194.0,26.0,25.0,8.0,0.0,12.0,23.0,28.0,63.0,5.0,1.0,4.0
19948,Cristian Pache,2020,10.0,9.0,1.0,2.0,0.0,0.0,0.0,1.0,1.0,3.0,0.0,0.0,0.0
13624,Corey Seager,2020,568.0,515.0,86.0,86.0,28.0,2.0,31.0,90.0,45.0,105.0,4.0,4.0,4.0
10762,Corey Dickerson,2020,514.0,470.0,62.0,84.0,16.0,2.0,17.0,49.0,40.0,98.0,2.0,1.0,4.0
16909,Colin Moran,2020,490.0,436.0,66.0,62.0,23.0,1.0,22.0,57.0,46.0,123.0,5.0,3.0,2.0
17326,Cole Tucker,2020,284.0,261.0,39.0,45.0,9.0,0.0,6.0,26.0,18.0,72.0,1.0,2.0,3.0
15998,Cody Bellinger,2020,595.0,524.0,79.0,74.0,25.0,1.0,27.0,73.0,67.0,115.0,2.0,1.0,12.0
15983,Clint Frazier,2020,392.0,332.0,55.0,51.0,15.0,2.0,17.0,57.0,51.0,102.0,6.0,2.0,7.0
17714,Christin Stewart,2020,243.0,219.0,22.0,27.0,9.0,0.0,8.0,25.0,17.0,66.0,4.0,2.0,1.0
11477,Christian Yelich,2020,605.0,506.0,89.0,62.0,20.0,2.0,27.0,60.0,94.0,172.0,4.0,1.0,9.0
13419,Christian Walker,2020,595.0,533.0,82.0,81.0,38.0,2.0,18.0,79.0,49.0,128.0,7.0,6.0,4.0
9774,Christian Vazquez,2020,463.0,420.0,55.0,74.0,21.0,1.0,17.0,56.0,40.0,107.0,2.0,1.0,8.0
11145,Christian Colon,2020,59.0,54.0,7.0,7.0,2.0,0.0,1.0,6.0,4.0,11.0,0.0,0.0,2.0
16434,Christian Arroyo,2020,132.0,120.0,17.0,19.0,4.0,0.0,6.0,18.0,11.0,29.0,1.0,0.0,1.0
13757,Chris Taylor,2020,524.0,458.0,71.0,73.0,24.0,4.0,19.0,73.0,58.0,131.0,5.0,1.0,7.0
10030,Chris Owings,2020,108.0,98.0,18.0,17.0,4.0,0.0,4.0,13.0,9.0,26.0,1.0,0.0,2.0
9272,Chris Davis,2020,135.0,124.0,12.0,13.0,7.0,0.0,2.0,9.0,10.0,37.0,1.0,0.0,1.0
10473,Cheslor Cuthbert,2020,2.0,2.0,0.0,0.0,0.0,0.0,0.0,0.0,0.0,1.0,0.0,0.0,0.0
3298,Charlie Culberson,2020,17.0,16.0,3.0,1.0,1.0,0.0,0.0,2.0,1.0,6.0,0.0,0.0,0.0
7859,Charlie Blackmon,2020,605.0,541.0,76.0,106.0,28.0,2.0,17.0,93.0,49.0,119.0,6.0,9.0,6.0
15694,Chance Sisco,2020,296.0,250.0,31.0,35.0,11.0,0.0,10.0,29.0,36.0,87.0,10.0,1.0,2.0
17161,Chad Wallach,2020,118.0,106.0,12.0,15.0,6.0,0.0,3.0,14.0,9.0,28.0,1.0,0.0,1.0
16953,Chad Tromp,2020,157.0,145.0,23.0,20.0,5.0,0.0,8.0,22.0,8.0,43.0,1.0,3.0,1.0
15191,Chad Pinder,2020,149.0,135.0,19.0,20.0,7.0,0.0,5.0,19.0,13.0,33.0,1.0,0.0,1.0
7216,Cesar Puello,2020,27.0,22.0,3.0,5.0,1.0,0.0,1.0,2.0,4.0,6.0,0.0,0.0,0.0
10556,Cesar Hernandez,2020,639.0,572.0,84.0,100.0,42.0,1.0,12.0,58.0,59.0,143.0,6.0,1.0,3.0
17929,Cedric Mullins II,2020,375.0,341.0,42.0,62.0,12.0,5.0,10.0,36.0,25.0,90.0,3.0,1.0,12.0
19252,Cavan Biggio,2020,649.0,552.0,94.0,80.0,36.0,1.0,21.0,72.0,88.0,150.0,8.0,1.0,13.0
19958,Carter Kieboom,2020,299.0,252.0,37.0,44.0,7.0,0.0,4.0,28.0,36.0,76.0,9.0,2.0,2.0
13620,Carson Kelly,2020,316.0,292.0,32.0,42.0,13.0,0.0,12.0,43.0,21.0,72.0,3.0,1.0,2.0
2396,Carlos Santana,2020,625.0,521.0,82.0,71.0,20.0,1.0,20.0,74.0,97.0,118.0,4.0,3.0,3.0
14162,Carlos Correa,2020,541.0,489.0,59.0,88.0,22.0,1.0,14.0,63.0,43.0,122.0,7.0,3.0,2.0
5223,Cameron Maybin,2020,247.0,224.0,25.0,33.0,16.0,2.0,5.0,23.0,20.0,60.0,3.0,1.0,6.0
12981,Cam Gallagher,2020,147.0,131.0,22.0,21.0,9.0,0.0,4.0,12.0,14.0,31.0,1.0,0.0,1.0
7087,Caleb Joseph,2020,22.0,20.0,4.0,2.0,1.0,0.0,1.0,4.0,2.0,4.0,0.0,0.0,0.0
12546,C.J. Cron,2020,127.0,108.0,19.0,10.0,6.0,0.0,7.0,17.0,17.0,34.0,2.0,0.0,1.0
14161,Byron Buxton,2020,331.0,309.0,44.0,43.0,10.0,0.0,24.0,55.0,15.0,84.0,3.0,4.0,5.0
13356,Bubba Starling,2020,157.0,142.0,16.0,20.0,5.0,0.0,4.0,15.0,12.0,52.0,1.0,2.0,1.0
11579,Bryce Harper,2020,598.0,488.0,92.0,71.0,23.0,4.0,28.0,78.0,99.0,117.0,6.0,4.0,16.0
19326,Bryan Reynolds,2020,510.0,454.0,61.0,56.0,17.0,4.0,17.0,52.0,50.0,133.0,4.0,1.0,4.0
11287,Bryan Holaday,2020,81.0,74.0,11.0,10.0,3.0,0.0,1.0,10.0,6.0,20.0,1.0,0.0,1.0
9345,Brock Holt,2020,260.0,232.0,31.0,35.0,13.0,0.0,4.0,21.0,23.0,60.0,3.0,2.0,3.0
16729,Brian O'Grady,2020,12.0,11.0,3.0,2.0,1.0,0.0,0.0,1.0,1.0,3.0,0.0,0.0,1.0
16398,Brian Navarreto,2020,12.0,11.0,1.0,3.0,0.0,0.0,0.0,1.0,1.0,3.0,0.0,0.0,0.0
12858,Brian Goodwin,2020,402.0,355.0,45.0,44.0,20.0,2.0,14.0,52.0,40.0,118.0,3.0,4.0,10.0
9810,Brian Dozier,2020,39.0,36.0,4.0,5.0,1.0,0.0,1.0,3.0,3.0,11.0,0.0,0.0,0.0
18289,Brian Anderson,2020,561.0,493.0,68.0,78.0,19.0,2.0,24.0,84.0,53.0,152.0,12.0,3.0,3.0
14735,Brett Phillips,2020,145.0,127.0,21.0,17.0,3.0,3.0,5.0,15.0,16.0,35.0,1.0,0.0,8.0
9927,Brett Gardner,2020,387.0,329.0,49.0,47.0,14.0,2.0,13.0,41.0,53.0,88.0,3.0,2.0,6.0
19627,Brent Rooker,2020,51.0,46.0,8.0,7.0,3.0,0.0,2.0,9.0,3.0,12.0,3.0,0.0,0.0
17907,Brendan Rodgers,2020,51.0,48.0,5.0,5.0,2.0,0.0,1.0,6.0,3.0,13.0,0.0,0.0,0.0
12927,Brandon Nimmo,2020,551.0,468.0,77.0,79.0,21.0,6.0,19.0,52.0,71.0,113.0,12.0,1.0,4.0
18882,Brandon Lowe,2020,549.0,478.0,82.0,69.0,22.0,4.0,29.0,82.0,58.0,138.0,9.0,4.0,7.0
11615,Brandon Drury,2020,120.0,110.0,11.0,16.0,4.0,0.0,2.0,9.0,8.0,25.0,1.0,2.0,1.0
15214,Brandon Dixon,2020,34.0,31.0,2.0,3.0,2.0,0.0,1.0,4.0,3.0,9.0,0.0,0.0,0.0
5343,Brandon Crawford,2020,473.0,421.0,62.0,61.0,26.0,1.0,18.0,64.0,39.0,114.0,8.0,4.0,4.0
10264,Brandon Belt,2020,439.0,374.0,59.0,58.0,27.0,2.0,20.0,66.0,61.0,94.0,2.0,1.0,2.0
16221,Bradley Zimmer,2020,122.0,100.0,11.0,15.0,3.0,0.0,3.0,11.0,14.0,31.0,7.0,2.0,3.0
17806,Braden Bishop,2020,83.0,74.0,8.0,9.0,4.0,0.0,2.0,10.0,6.0,22.0,2.0,0.0,2.0
12775,Brad Miller,2020,419.0,357.0,52.0,47.0,19.0,2.0,16.0,57.0,53.0,107.0,7.0,2.0,4.0
19966,Bobby Dalbec,2020,225.0,198.0,30.0,27.0,8.0,0.0,14.0,34.0,23.0,76.0,4.0,1.0,1.0
19612,Bo Bichette,2020,314.0,292.0,42.0,49.0,18.0,2.0,12.0,49.0,19.0,69.0,2.0,1.0,7.0
15654,Billy McKinney,2020,7.0,7.0,2.0,3.0,0.0,0.0,0.0,1.0,0.0,1.0,0.0,0.0,0.0
10199,Billy Hamilton,2020,88.0,79.0,17.0,10.0,2.0,0.0,3.0,8.0,7.0,19.0,1.0,1.0,8.0
12160,Ben Gamel,2020,311.0,278.0,35.0,39.0,17.0,2.0,9.0,30.0,30.0,86.0,2.0,1.0,2.0
12384,Beau Taylor,2020,59.0,52.0,5.0,6.0,1.0,0.0,1.0,6.0,5.0,18.0,0.0,0.0,0.0
5760,Avisail Garcia,2020,507.0,446.0,54.0,74.0,23.0,1.0,9.0,45.0,48.0,120.0,12.0,1.0,4.0
16153,Austin Slater,2020,255.0,217.0,39.0,37.0,7.0,2.0,11.0,23.0,32.0,56.0,4.0,1.0,12.0
5491,Austin Romine,2020,331.0,309.0,34.0,53.0,13.0,0.0,8.0,41.0,18.0,100.0,2.0,2.0,2.0
18360,Austin Riley,2020,505.0,457.0,60.0,70.0,19.0,2.0,19.0,64.0,42.0,119.0,4.0,3.0,2.0
15941,Austin Nola,2020,451.0,397.0,58.0,64.0,21.0,2.0,17.0,63.0,43.0,91.0,7.0,4.0,2.0
15672,Austin Meadows,2020,372.0,327.0,47.0,41.0,18.0,2.0,11.0,37.0,39.0,109.0,3.0,4.0,5.0
12976,Austin Hedges,2020,203.0,176.0,21.0,21.0,5.0,0.0,7.0,19.0,17.0,52.0,4.0,2.0,3.0
19363,Austin Hays,2020,328.0,296.0,46.0,59.0,9.0,0.0,10.0,29.0,24.0,68.0,5.0,4.0,5.0
18288,Austin Dean,2020,17.0,13.0,2.0,1.0,1.0,0.0,0.0,1.0,4.0,4.0,0.0,0.0,0.0
12158,Austin Barnes,2020,255.0,219.0,33.0,39.0,9.0,0.0,5.0,26.0,28.0,59.0,4.0,2.0,6.0
18083,Austin Allen,2020,78.0,73.0,6.0,10.0,3.0,0.0,3.0,8.0,5.0,26.0,1.0,0.0,1.0
13801,Austin Adams,2020,2.0,2.0,0.0,0.0,0.0,0.0,0.0,0.0,0.0,1.0,0.0,0.0,0.0
4962,Asdrubal Cabrera,2020,522.0,465.0,60.0,66.0,22.0,5.0,19.0,71.0,47.0,106.0,2.0,7.0,2.0
15482,Aristides Aquino,2020,137.0,119.0,17.0,15.0,4.0,0.0,5.0,18.0,14.0,38.0,5.0,0.0,2.0
14551,Anthony Santander,2020,404.0,369.0,56.0,44.0,26.0,2.0,22.0,67.0,29.0,74.0,5.0,1.0,2.0
3473,Anthony Rizzo,2020,595.0,508.0,67.0,73.0,18.0,1.0,25.0,63.0,64.0,108.0,19.0,4.0,8.0
12861,Anthony Rendon,2020,568.0,477.0,71.0,80.0,26.0,2.0,21.0,73.0,79.0,95.0,11.0,1.0,3.0
13854,Anthony Bemboom,2020,147.0,125.0,20.0,17.0,4.0,0.0,6.0,15.0,15.0,33.0,3.0,2.0,1.0
14329,Anthony Alford,2020,71.0,66.0,10.0,9.0,2.0,1.0,4.0,12.0,5.0,18.0,0.0,0.0,4.0
19521,Andy Young,2020,83.0,69.0,9.0,8.0,4.0,0.0,3.0,10.0,10.0,22.0,4.0,0.0,1.0
14196,Andrew Velazquez,2020,189.0,162.0,25.0,22.0,5.0,2.0,3.0,15.0,21.0,51.0,1.0,1.0,6.0
13132,Andrew Susac,2020,10.0,7.0,1.0,1.0,0.0,0.0,0.0,1.0,3.0,1.0,0.0,0.0,0.0
17932,Andrew Stevenson,2020,115.0,101.0,21.0,14.0,11.0,1.0,4.0,21.0,11.0,27.0,2.0,0.0,3.0
1159,Andrew Romine,2020,10.0,9.0,2.0,1.0,1.0,0.0,0.0,1.0,1.0,2.0,0.0,0.0,0.0
9847,Andrew McCutchen,2020,590.0,530.0,77.0,86.0,23.0,1.0,23.0,79.0,54.0,124.0,4.0,3.0,9.0
19514,Andrew Knizner,2020,42.0,38.0,4.0,6.0,2.0,0.0,1.0,7.0,2.0,11.0,0.0,1.0,0.0
14942,Andrew Knapp,2020,218.0,184.0,24.0,31.0,10.0,2.0,6.0,32.0,29.0,49.0,3.0,2.0,1.0
17901,Andrew Benintendi,2020,127.0,105.0,13.0,12.0,4.0,0.0,2.0,9.0,19.0,36.0,2.0,0.0,2.0
19950,Andres Gimenez,2020,323.0,289.0,48.0,51.0,10.0,3.0,9.0,33.0,22.0,72.0,10.0,2.0,13.0
10847,Andrelton Simmons,2020,311.0,284.0,43.0,58.0,16.0,0.0,4.0,30.0,23.0,53.0,3.0,1.0,5.0
19909,Anderson Tejeda,2020,189.0,176.0,20.0,26.0,9.0,2.0,7.0,21.0,11.0,60.0,1.0,1.0,6.0
15518,Amed Rosario,2020,360.0,339.0,47.0,61.0,11.0,2.0,11.0,39.0,19.0,84.0,2.0,1.0,2.0
18551,Ali Sanchez,2020,24.0,22.0,2.0,3.0,1.0,0.0,0.0,2.0,2.0,6.0,0.0,0.0,0.0
17027,Alex Verdugo,2020,541.0,489.0,81.0,90.0,34.0,1.0,16.0,46.0,44.0,116.0,6.0,3.0,9.0
17276,Alex Jackson,2020,17.0,16.0,1.0,2.0,1.0,0.0,0.0,1.0,1.0,6.0,0.0,0.0,0.0
5209,Alex Gordon,2020,451.0,400.0,44.0,63.0,13.0,1.0,12.0,37.0,43.0,96.0,7.0,1.0,2.0
12649,Alex Dickerson,2020,416.0,370.0,62.0,58.0,22.0,2.0,21.0,60.0,39.0,83.0,5.0,2.0,2.0
17678,Alex Bregman,2020,441.0,381.0,50.0,50.0,25.0,2.0,15.0,54.0,52.0,78.0,5.0,3.0,2.0
7476,Alex Avila,2020,152.0,127.0,17.0,18.0,6.0,0.0,4.0,11.0,21.0,45.0,3.0,0.0,1.0
22581,Alejandro Kirk,2020,61.0,56.0,9.0,11.0,4.0,0.0,2.0,7.0,4.0,12.0,0.0,0.0,0.0
15937,Aledmys Diaz,2020,145.0,135.0,19.0,17.0,9.0,0.0,6.0,16.0,8.0,32.0,1.0,0.0,1.0
13834,Alec Mills,2020,2.0,2.0,0.0,0.0,0.0,0.0,0.0,0.0,0.0,1.0,0.0,0.0,0.0
21618,Alec Bohm,2020,441.0,392.0,58.0,82.0,24.0,1.0,12.0,55.0,40.0,94.0,5.0,4.0,4.0
1177,Albert Pujols,2020,399.0,366.0,42.0,51.0,19.0,1.0,14.0,56.0,28.0,74.0,3.0,2.0,2.0
14109,Albert Almora Jr.,2020,83.0,74.0,10.0,11.0,3.0,0.0,2.0,6.0,7.0,21.0,2.0,0.0,1.0
19287,Adolis Garcia,2020,17.0,15.0,1.0,1.0,0.0,0.0,0.0,1.0,2.0,6.0,0.0,0.0,0.0
10459,Adeiny Hechavarria,2020,154.0,141.0,18.0,25.0,7.0,0.0,3.0,12.0,12.0,33.0,1.0,0.0,1.0
19878,Adam Haseley,2020,225.0,198.0,22.0,37.0,11.0,0.0,4.0,30.0,19.0,47.0,4.0,2.0,1.0
15223,Adam Frazier,2020,564.0,509.0,60.0,81.0,19.0,1.0,18.0,60.0,45.0,101.0,7.0,1.0,4.0
15082,Adam Engel,2020,228.0,210.0,28.0,37.0,11.0,2.0,8.0,28.0,13.0,50.0,4.0,1.0,3.0
11205,Adam Eaton,2020,431.0,390.0,54.0,53.0,24.0,2.0,12.0,45.0,33.0,87.0,4.0,1.0,7.0
10950,Adam Duvall,2020,512.0,462.0,77.0,58.0,20.0,1.0,32.0,74.0,40.0,128.0,7.0,3.0,2.0
13769,Adalberto Mondesi,2020,571.0,528.0,78.0,85.0,26.0,6.0,16.0,59.0,35.0,159.0,4.0,1.0,42.0
19844,Abraham Toro,2020,238.0,212.0,31.0,25.0,7.0,0.0,8.0,25.0,14.0,56.0,11.0,1.0,3.0
5486,Abraham Almonte,2020,32.0,28.0,2.0,4.0,1.0,0.0,1.0,2.0,4.0,8.0,0.0,0.0,1.0
19938,Aaron Whitefield,2020,2.0,2.0,0.0,0.0,0.0,0.0,0.0,0.0,0.0,1.0,0.0,0.0,0.0
15640,Aaron Judge,2020,279.0,248.0,47.0,36.0,9.0,0.0,17.0,45.0,25.0,73.0,4.0,1.0,2.0
5297,Aaron Hicks,2020,517.0,430.0,67.0,56.0,24.0,4.0,16.0,55.0,82.0,103.0,4.0,1.0,9.0
9256,A.J. Pollock,2020,514.0,472.0,70.0,71.0,22.0,1.0,32.0,76.0,36.0,114.0,2.0,4.0,6.0
