bdbID,First,Last,Year,age,rel,DraftKingsPoints,DKp/PA,wOBA,AVG,OBP,SLG,PA,AB,R,H,D,T,HR,RBI,SB,CS,BB,SO,IBB,HP,SH,SF,GDP
sotoju01,Juan,Soto,2021,23,0.84,1180,2.318,0.42,0.296,0.417,0.556,506,419,86,124,27,2,26,82,10,2,85,96,9,3,0,2,7
tatisfe02,Fernando,Tatis,2021,22,0.79,1275,2.301,0.385,0.281,0.363,0.534,552,487,95,137,22,4,31,85,19,5,55,136,1,9,0,3,10
troutmi01,Mike,Trout,2021,30,0.86,1273,2.29,0.415,0.274,0.401,0.564,555,452,90,124,22,2,35,87,10,2,89,124,9,10,0,5,5
acunaro01,Ronald,Acuna,2021,24,0.85,1192,2.284,0.385,0.269,0.372,0.518,519,446,94,120,22,1,29,72,20,4,66,136,2,8,0,2,7
bettsmo01,Mookie,Betts,2021,29,0.86,1290,2.251,0.392,0.289,0.377,0.529,572,495,104,143,29,3,28,74,18,3,68,97,3,5,0,5,7
alvaryo01,Yordan,Alvarez,2021,24,0.57,551,2.213,0.4,0.284,0.378,0.558,248,215,37,61,14,0,15,45,1,0,30,59,1,3,0,1,6
ramirjo01,Jose,Ramirez,2021,29,0.86,1250,2.208,0.374,0.262,0.355,0.509,565,489,84,128,30,2,29,87,21,4,67,93,3,6,0,4,6
yelicch01,Christian,Yelich,2021,30,0.86,1229,2.187,0.387,0.268,0.375,0.518,560,477,89,128,23,3,30,75,16,3,77,138,5,6,0,2,10
freemfr01,Freddie,Freeman,2021,32,0.87,1273,2.161,0.395,0.291,0.389,0.523,590,505,92,147,35,2,26,96,6,1,76,111,8,6,0,2,12
storytr01,Trevor,Story,2021,29,0.87,1250,2.144,0.365,0.276,0.345,0.503,583,525,87,145,30,4,27,75,22,5,51,149,1,5,0,2,8
turnetr01,Trea,Turner,2021,28,0.86,1223,2.123,0.361,0.286,0.354,0.472,574,517,89,148,28,4,20,69,27,5,51,107,1,5,0,3,9
mondera02,Adalberto,Mondesi,2021,26,0.82,1113,2.112,0.316,0.255,0.302,0.424,530,490,73,125,23,6,16,63,42,9,31,148,0,3,3,3,8
bellico01,Cody,Bellinger,2021,26,0.86,1182,2.092,0.371,0.263,0.358,0.5,564,490,84,129,25,2,29,79,12,2,70,112,7,3,0,2,8
smithwi05,Will,Smith,2021,26,0.67,809,2.08,0.374,0.26,0.357,0.506,388,334,58,87,19,0,21,64,3,0,45,84,1,7,0,3,6
harpebr03,Bryce,Harper,2021,29,0.87,1177,2.076,0.379,0.252,0.377,0.484,567,465,83,117,25,1,27,81,12,3,92,133,9,5,1,5,9
arozara01,Randy,Arozarena,2021,26,0.46,615,2.071,0.361,0.256,0.347,0.481,295,258,45,66,10,0,16,38,9,1,27,75,0,10,0,2,6
voitlu01,Luke,Voit,2021,30,0.82,1111,2.069,0.368,0.26,0.345,0.51,538,473,81,123,17,1,33,88,2,0,55,138,1,7,0,2,11
bogaexa01,Xander,Bogaerts,2021,29,0.86,1125,2.064,0.373,0.284,0.358,0.501,545,483,78,137,31,1,24,81,9,1,55,106,2,3,0,4,10
rendoan01,Anthony,Rendon,2021,31,0.86,1129,2.053,0.388,0.284,0.382,0.506,549,468,80,133,31,2,23,84,3,1,68,88,4,9,0,5,13
cruzne02,Nelson,Cruz,2021,41,0.84,1049,2.049,0.375,0.265,0.352,0.519,514,449,69,119,18,0,32,81,2,1,52,132,5,9,0,2,15
hayeske01,Ke'Bryan,Hayes,2021,24,0.49,647,2.041,0.387,0.299,0.375,0.52,316,281,47,84,17,3,13,38,3,1,31,71,3,4,0,1,6
bregmal01,Alex,Bregman,2021,27,0.86,1001,2.039,0.385,0.268,0.381,0.501,490,411,71,110,28,1,22,70,4,1,70,73,1,7,0,3,8
bichebo01,Bo,Bichette,2021,23,0.67,772,2.032,0.359,0.284,0.339,0.493,378,349,53,99,23,1,16,53,8,3,27,85,1,3,0,1,6
tuckeky01,Kyle,Tucker,2021,24,0.73,987,2.027,0.337,0.252,0.32,0.457,487,440,70,111,24,6,18,75,14,2,42,106,2,3,0,2,6
judgeaa01,Aaron,Judge,2021,29,0.8,777,2.023,0.369,0.258,0.357,0.491,383,330,61,85,14,0,21,53,3,2,48,112,1,4,0,2,10
machama01,Manny,Machado,2021,29,0.87,1166,2.021,0.363,0.27,0.345,0.493,577,511,78,138,23,2,29,85,9,3,58,105,6,3,0,5,19
springe01,George,Springer,2021,32,0.85,1057,2.013,0.363,0.26,0.349,0.486,526,457,83,119,18,2,27,73,5,3,57,109,0,7,0,4,10
lowebr01,Brandon,Lowe,2021,27,0.79,1021,2.01,0.358,0.256,0.341,0.487,507,446,70,114,22,3,25,76,7,1,51,139,0,8,0,3,6
ozunama01,Marcell,Ozuna,2021,31,0.86,1167,2.009,0.365,0.272,0.351,0.49,582,514,76,140,23,1,29,94,5,1,62,127,3,2,0,3,12
stevean01,Andrew,Stevenson,2021,27,0.45,524,2.008,0.361,0.275,0.356,0.467,261,229,38,63,16,2,8,38,5,1,26,64,0,4,0,2,3
smithdo02,Dominic,Smith,2021,26,0.75,930,2.004,0.368,0.275,0.343,0.511,464,415,63,114,33,1,21,72,2,1,37,111,0,8,0,4,7
deverra01,Rafael,Devers,2021,25,0.86,1151,2.002,0.353,0.272,0.33,0.489,574,526,85,143,35,2,25,89,5,2,42,129,3,5,0,2,11
alonspe01,Pete,Alonso,2021,27,0.83,1127,1.998,0.361,0.241,0.337,0.501,562,489,77,118,20,1,35,85,3,0,58,144,4,14,0,3,10
seageco01,Corey,Seager,2021,27,0.82,1073,1.994,0.359,0.274,0.338,0.491,538,485,80,133,31,1,24,83,3,0,45,101,1,4,0,4,12
yastrmi01,Mike,Yastrzemski,2021,31,0.79,1028,1.992,0.364,0.265,0.351,0.488,517,453,78,120,27,4,22,71,4,3,55,131,2,6,0,2,6
abreujo02,Jose,Abreu,2021,34,0.86,1171,1.988,0.356,0.271,0.329,0.495,590,535,78,145,31,1,29,101,2,1,40,135,3,9,0,5,18
riosed01,Edwin,Rios,2021,27,0.51,612,1.987,0.351,0.244,0.318,0.502,307,275,43,67,15,1,18,46,2,0,26,75,0,5,0,2,6
buxtoby01,Byron,Buxton,2021,28,0.72,782,1.985,0.325,0.241,0.289,0.471,395,365,54,88,20,2,20,59,10,2,22,99,1,4,1,3,6
lemahdj01,DJ,LeMahieu,2021,33,0.85,1049,1.979,0.365,0.299,0.357,0.478,530,481,84,144,25,2,19,68,6,2,41,81,0,4,1,4,10
suareeu01,Eugenio,Suarez,2021,30,0.86,1086,1.978,0.358,0.243,0.335,0.495,549,477,70,116,19,1,33,84,4,1,61,149,3,7,0,4,12
jimenel02,Eloy,Jimenez,2021,25,0.8,1044,1.977,0.355,0.272,0.324,0.506,527,486,67,132,25,1,29,84,2,0,36,132,0,3,0,3,10
ohtansh01,Shohei,Ohtani,2021,27,0.8,905,1.976,0.34,0.246,0.328,0.453,457,406,61,100,20,2,20,64,13,3,47,122,1,3,0,2,7
arenano01,Nolan,Arenado,2021,30,0.86,1009,1.971,0.364,0.275,0.344,0.495,512,455,71,125,23,1,25,77,2,1,48,84,5,3,0,6,13
albieoz01,Ozzie,Albies,2021,24,0.84,834,1.967,0.347,0.276,0.333,0.466,422,388,64,107,22,2,16,53,9,2,30,80,1,4,0,2,3
martest01,Starling,Marte,2021,33,0.86,1103,1.956,0.335,0.267,0.326,0.438,565,514,80,137,28,3,18,68,21,5,33,106,1,14,1,3,12
gorete01,Terrance,Gore,2021,30,0.17,403,1.956,0.318,0.24,0.32,0.393,206,183,31,44,8,1,6,21,12,3,19,52,0,3,0,1,3
walshja01,Jared,Walsh,2021,28,0.58,666,1.953,0.346,0.254,0.317,0.485,341,307,46,78,14,3,17,54,2,0,25,76,1,5,0,4,3
realmjt01,J. T.,Realmuto,2021,30,0.84,972,1.952,0.346,0.26,0.329,0.464,498,446,74,116,23,1,22,70,7,1,39,113,1,9,0,4,9
hernate01,Teoscar,Hernandez,2021,29,0.83,972,1.952,0.341,0.246,0.313,0.481,499,451,67,111,21,2,27,67,8,3,42,151,0,3,0,2,10
myerswi01,Wil,Myers,2021,31,0.83,1004,1.946,0.343,0.251,0.326,0.467,516,463,67,116,27,2,23,69,11,3,48,148,0,4,0,1,8
confomi01,Michael,Conforto,2021,28,0.86,1071,1.944,0.365,0.264,0.363,0.465,550,473,78,125,24,1,23,73,6,3,65,134,2,10,0,3,11
anderti01,Tim,Anderson,2021,28,0.85,1015,1.944,0.342,0.285,0.328,0.46,522,487,82,139,26,1,19,55,14,4,28,121,0,4,0,3,11
chapmma01,Matt,Chapman,2021,28,0.84,879,1.94,0.351,0.248,0.327,0.489,453,403,67,100,25,3,22,60,2,1,42,117,0,6,0,2,9
martijd02,J. D.,Martinez,2021,34,0.86,1073,1.937,0.357,0.263,0.341,0.48,556,490,73,129,29,1,25,81,4,0,56,132,5,4,0,4,15
frazicl01,Clint,Frazier,2021,27,0.72,817,1.936,0.356,0.255,0.351,0.459,421,364,58,93,18,1,18,60,5,1,48,112,1,7,0,3,9
puigya01,Yasiel,Puig,2021,31,0.76,505,1.935,0.337,0.254,0.322,0.453,261,236,33,60,12,1,11,35,7,2,21,58,1,3,0,1,6
rosared01,Eddie,Rosario,2021,30,0.85,1045,1.935,0.333,0.26,0.307,0.464,542,500,76,130,22,1,26,85,6,1,35,95,2,1,0,4,8
aquinar01,Aristides,Aquino,2021,27,0.57,565,1.935,0.332,0.233,0.315,0.446,291,258,38,60,10,0,15,45,6,0,26,77,1,6,0,2,5
dickeal01,Alex,Dickerson,2021,31,0.7,826,1.934,0.352,0.264,0.337,0.474,428,382,62,101,22,2,18,59,3,1,38,92,2,5,0,2,10
lindofr01,Francisco,Lindor,2021,28,0.87,1143,1.934,0.346,0.263,0.333,0.459,591,529,84,139,30,1,24,67,15,4,52,100,4,6,1,4,11
mooredy01,Dylan,Moore,2021,29,0.72,815,1.927,0.331,0.232,0.326,0.422,423,370,57,86,20,1,16,46,18,8,38,118,0,14,0,1,9
gurrilo01,Lourdes,Gurriel,2021,28,0.8,978,1.925,0.349,0.275,0.327,0.481,509,466,66,128,25,1,23,70,6,3,34,119,0,4,1,4,10
muncyma01,Max,Muncy,2021,31,0.85,1085,1.924,0.354,0.228,0.349,0.453,563,470,84,107,17,1,29,77,4,1,82,144,3,8,0,4,7
blackch02,Charlie,Blackmon,2021,35,0.86,1084,1.922,0.354,0.281,0.342,0.47,566,509,83,143,27,3,21,74,5,3,44,111,3,6,0,5,10
dalbebo01,Bobby,Dalbec,2021,26,0.48,601,1.92,0.35,0.246,0.332,0.475,312,276,42,68,12,0,17,44,2,1,31,97,0,5,0,1,4
santada01,Danny,Santana,2021,31,0.71,627,1.917,0.322,0.242,0.303,0.438,328,297,44,72,15,2,13,44,10,2,24,98,1,3,0,3,6
polloaj01,AJ,Pollock,2021,34,0.82,941,1.916,0.338,0.252,0.312,0.47,492,445,66,112,20,1,25,68,7,2,35,113,1,6,0,5,11
marchra01,Rafael,Marchan,2021,22,0.08,406,1.915,0.348,0.266,0.344,0.447,211,188,30,50,8,1,8,29,3,1,20,49,0,3,0,1,3
perezsa02,Salvador,Perez,2021,31,0.75,745,1.91,0.34,0.264,0.308,0.485,391,363,46,96,20,0,20,61,3,1,18,89,0,6,0,3,7
solerjo01,Jorge,Soler,2021,29,0.82,912,1.908,0.353,0.245,0.335,0.48,479,417,58,102,23,0,25,69,3,1,51,136,1,7,0,3,10
roberlu01,Luis,Robert,2021,24,0.7,912,1.908,0.326,0.238,0.314,0.428,476,425,66,101,18,0,21,63,14,3,45,136,0,4,0,4,8
urshegi01,Gio,Urshela,2021,30,0.78,879,1.907,0.354,0.278,0.343,0.465,461,413,64,115,26,0,17,67,3,1,38,88,0,5,0,5,13
freesda01,David,Freese,2021,38,0.58,417,1.904,0.356,0.268,0.347,0.469,219,194,30,52,10,1,9,30,1,0,21,54,0,3,0,1,6
huffsa01,Sam,Huff,2021,23,0.25,457,1.904,0.355,0.269,0.338,0.481,240,216,32,58,13,0,11,30,2,1,21,61,0,2,0,1,3
gimenan01,Andres,Gimenez,2021,23,0.57,691,1.904,0.332,0.255,0.333,0.413,362,322,54,82,12,3,11,39,13,2,28,81,0,11,0,2,3
campulu01,Luis,Campusano,2021,23,0.04,390,1.902,0.343,0.249,0.332,0.453,205,181,29,45,8,1,9,26,3,1,19,50,0,4,0,1,4
gregodi01,Didi,Gregorius,2021,31,0.83,995,1.902,0.332,0.253,0.314,0.449,525,474,73,120,21,3,22,80,6,3,38,83,3,6,1,5,9
grishtr01,Trent,Grisham,2021,25,0.76,999,1.899,0.339,0.244,0.338,0.426,526,455,79,111,18,4,19,60,13,1,60,131,0,7,1,4,6
hoskirh01,Rhys,Hoskins,2021,28,0.85,945,1.898,0.359,0.234,0.357,0.457,497,414,70,97,24,1,22,65,3,1,72,119,2,9,0,3,8
meadoau01,Austin,Meadows,2021,26,0.8,846,1.897,0.346,0.255,0.334,0.46,445,396,58,101,21,3,18,54,8,3,43,112,2,5,0,2,3
torregl01,Gleyber,Torres,2021,25,0.83,867,1.893,0.351,0.262,0.343,0.458,456,404,60,106,19,0,20,62,5,1,46,99,1,5,0,3,9
biggica01,Cavan,Biggio,2021,26,0.8,1077,1.893,0.349,0.242,0.359,0.424,566,479,83,116,28,1,19,64,13,1,82,141,0,6,0,2,5
stephty01,Tyler,Stephenson,2021,25,0.17,426,1.893,0.344,0.253,0.338,0.444,224,198,31,50,8,0,10,33,2,1,22,59,0,4,0,1,3
tellero01,Rowdy,Tellez,2021,26,0.74,751,1.892,0.343,0.251,0.32,0.47,396,355,53,89,18,0,20,58,2,1,33,93,2,5,0,4,6
sanomi01,Miguel,Sano,2021,28,0.81,936,1.891,0.333,0.221,0.305,0.469,495,439,71,97,23,1,28,69,2,1,51,179,1,3,0,2,8
merriwh01,Whit,Merrifield,2021,32,0.87,1124,1.886,0.335,0.278,0.334,0.427,598,546,80,152,30,3,15,62,22,6,41,104,1,6,0,3,8
pederjo01,Joc,Pederson,2021,29,0.81,791,1.883,0.339,0.23,0.317,0.465,419,370,62,85,16,1,23,54,2,1,39,95,1,9,0,2,7
donaljo02,Josh,Donaldson,2021,36,0.79,736,1.882,0.357,0.237,0.353,0.459,391,329,53,78,16,0,19,48,3,1,55,96,1,5,0,2,9
olsonma02,Matt,Olson,2021,27,0.86,1044,1.881,0.344,0.235,0.33,0.46,555,485,70,114,20,1,29,83,2,0,62,149,3,7,0,1,9
baezja01,Javier,Baez,2021,29,0.85,1021,1.88,0.32,0.247,0.293,0.451,544,506,75,125,28,3,23,73,10,3,29,153,2,5,0,3,14
hiurake01,Keston,Hiura,2021,25,0.79,1009,1.879,0.338,0.243,0.322,0.451,536,477,70,116,19,1,26,71,8,3,41,161,2,16,0,3,12
casteni01,Nick,Castellanos,2021,29,0.86,1056,1.876,0.346,0.26,0.323,0.479,563,511,79,133,34,3,24,70,2,2,43,138,2,6,0,3,10
stantmi03,Giancarlo,Stanton,2021,32,0.75,602,1.875,0.352,0.249,0.343,0.458,321,277,42,69,16,0,14,42,3,1,37,93,2,4,0,3,8
hanigmi01,Mitch,Haniger,2021,31,0.73,427,1.873,0.344,0.25,0.333,0.45,228,200,31,50,11,1,9,29,3,0,23,56,1,3,0,2,3
gallojo01,Joey,Gallo,2021,28,0.83,949,1.872,0.337,0.212,0.323,0.449,507,434,66,92,20,1,27,69,5,2,66,169,3,6,0,1,3
santaan02,Anthony,Santander,2021,27,0.77,830,1.869,0.334,0.248,0.306,0.472,442,407,55,101,24,2,21,66,2,2,30,89,2,5,0,2,5
morelmi01,Mitch,Moreland,2021,36,0.79,781,1.868,0.335,0.239,0.318,0.452,420,372,55,89,20,1,19,64,2,0,42,97,2,2,0,2,8
goldspa01,Paul,Goldschmidt,2021,34,0.86,1027,1.867,0.363,0.266,0.364,0.46,550,474,73,126,24,1,22,64,4,1,70,130,2,4,0,2,9
lewisky01,Kyle,Lewis,2021,26,0.73,943,1.867,0.344,0.253,0.343,0.433,504,439,71,111,13,0,22,62,8,1,60,141,0,2,0,4,9
castrwi01,Willi,Castro,2021,24,0.64,713,1.866,0.351,0.286,0.343,0.457,382,346,51,99,14,3,13,53,2,2,27,99,0,5,2,4,5
locasti01,Tim,Locastro,2021,29,0.63,604,1.864,0.332,0.249,0.346,0.388,326,281,49,70,14,2,7,30,13,0,27,67,0,15,1,1,3
braunry02,Ryan,Braun,2021,38,0.81,781,1.864,0.326,0.243,0.305,0.445,421,382,51,93,21,1,18,61,7,1,30,92,1,5,0,2,12
winkeje01,Jesse,Winker,2021,28,0.8,863,1.86,0.365,0.258,0.364,0.463,462,395,61,102,19,1,20,54,2,1,58,96,1,9,0,2,9
turneju01,Justin,Turner,2021,37,0.82,870,1.859,0.361,0.275,0.363,0.452,469,407,65,112,22,1,16,56,3,0,46,83,1,12,0,3,9
brantmi02,Michael,Brantley,2021,34,0.85,913,1.859,0.353,0.284,0.348,0.456,493,443,65,126,29,1,15,61,5,1,41,71,1,4,0,3,12
happia01,Ian,Happ,2021,27,0.8,927,1.858,0.351,0.246,0.345,0.457,499,431,62,106,21,2,22,61,5,3,62,141,3,4,1,2,5
marteke01,Ketel,Marte,2021,28,0.85,934,1.857,0.353,0.28,0.342,0.467,502,454,63,127,27,5,16,58,6,1,39,77,1,6,0,4,7
brossmi01,Mike,Brosseau,2021,27,0.6,622,1.857,0.351,0.265,0.34,0.463,334,298,41,79,15,1,14,40,4,0,28,91,0,7,1,2,6
darnatr01,Travis,d'Arnaud,2021,32,0.76,858,1.853,0.342,0.265,0.333,0.446,465,415,54,110,18,0,19,74,3,1,40,117,0,4,0,4,12
laurera01,Ramon,Laureano,2021,27,0.81,965,1.852,0.341,0.248,0.336,0.431,520,452,72,112,24,1,19,64,9,2,47,134,0,16,0,6,11
mcneije01,Jeff,McNeil,2021,29,0.82,947,1.85,0.364,0.292,0.363,0.463,513,456,63,133,29,2,15,59,5,3,41,78,2,12,1,3,7
alforan01,Anthony,Alford,2021,27,0.31,442,1.849,0.307,0.227,0.297,0.403,238,216,31,49,7,2,9,31,8,1,19,62,0,3,0,1,3
bertijo01,Jon,Berti,2021,31,0.72,755,1.846,0.327,0.249,0.345,0.376,411,354,59,88,16,1,9,41,17,3,46,104,0,7,2,2,4
rizzoan01,Anthony,Rizzo,2021,32,0.86,1029,1.844,0.356,0.253,0.358,0.441,559,474,67,120,21,1,22,72,6,2,61,92,5,19,0,4,12
nimmobr01,Brandon,Nimmo,2021,28,0.82,925,1.843,0.366,0.252,0.376,0.445,501,416,69,105,21,4,17,49,5,3,71,119,1,13,0,2,5
swansda01,Dansby,Swanson,2021,27,0.85,1063,1.842,0.331,0.252,0.326,0.425,578,515,83,130,28,2,19,71,10,3,52,142,3,6,1,4,5
tayloch03,Chris,Taylor,2021,31,0.84,924,1.841,0.339,0.251,0.335,0.437,503,442,66,111,26,4,16,63,7,3,51,137,1,6,1,3,7
keplema01,Max,Kepler,2021,28,0.85,922,1.84,0.337,0.233,0.323,0.447,500,438,71,102,23,1,23,61,4,2,54,93,0,6,0,3,5
canhama01,Mark,Canha,2021,32,0.84,1006,1.839,0.352,0.245,0.358,0.428,547,458,76,112,23,2,19,68,5,1,67,126,2,17,0,5,9
cordefr02,Franchy,Cordero,2021,27,0.47,465,1.838,0.326,0.236,0.316,0.427,254,225,33,53,11,1,10,32,5,1,25,61,0,2,0,1,4
tauchmi01,Mike,Tauchman,2021,31,0.69,671,1.838,0.321,0.241,0.329,0.388,366,320,53,77,18,1,9,47,10,0,40,91,3,3,0,2,9
mancitr01,Trey,Mancini,2021,29,0.79,492,1.836,0.346,0.258,0.328,0.467,268,240,36,62,12,1,12,32,1,0,23,61,1,3,0,2,7
profaju01,Jurickson,Profar,2021,28,0.84,918,1.836,0.33,0.244,0.324,0.423,499,442,66,108,21,2,18,63,10,1,45,83,1,9,1,4,8
reyesfr01,Franmil,Reyes,2021,26,0.83,1009,1.835,0.346,0.258,0.327,0.466,550,489,67,126,21,0,27,74,2,0,52,150,0,2,0,7,13
hicksaa01,Aaron,Hicks,2021,32,0.82,886,1.834,0.341,0.229,0.346,0.419,484,406,67,93,19,2,18,58,7,2,71,106,1,3,0,3,6
moustmi01,Mike,Moustakas,2021,33,0.84,838,1.834,0.337,0.237,0.317,0.459,458,405,51,96,22,1,22,66,3,0,42,91,2,7,0,3,10
mountry01,Ryan,Mountcastle,2021,24,0.59,681,1.831,0.354,0.286,0.355,0.446,372,332,40,95,14,0,13,54,3,2,33,84,0,4,0,3,6
bohmal01,Alec,Bohm,2021,25,0.65,770,1.829,0.356,0.291,0.363,0.436,420,374,55,109,21,0,11,53,4,2,39,91,0,5,0,3,9
aguilje01,Jesus,Aguilar,2021,31,0.83,916,1.828,0.343,0.252,0.333,0.443,501,436,65,110,20,0,21,75,1,1,53,114,1,4,0,8,14
altuvjo01,Jose,Altuve,2021,31,0.85,936,1.828,0.335,0.262,0.33,0.433,512,462,74,121,23,1,18,56,8,4,44,92,1,4,1,2,14
duvalad01,Adam,Duvall,2021,33,0.78,853,1.827,0.322,0.225,0.296,0.45,469,422,63,95,18,1,25,65,2,1,37,126,1,6,0,2,7
verdual01,Alex,Verdugo,2021,25,0.79,929,1.825,0.352,0.284,0.348,0.452,508,458,71,130,30,1,15,49,7,1,42,98,1,5,0,4,10
phamth01,Tommy,Pham,2021,33,0.83,763,1.825,0.333,0.247,0.342,0.401,418,364,54,90,15,1,13,44,13,2,49,94,1,4,0,1,11
beninan01,Andrew,Benintendi,2021,27,0.81,589,1.824,0.339,0.255,0.344,0.418,325,282,42,72,18,2,8,37,7,2,36,71,0,3,1,2,4
taverle01,Leody,Taveras,2021,23,0.58,664,1.824,0.323,0.238,0.321,0.409,364,323,51,77,15,2,12,31,13,0,37,99,0,3,1,1,3
schwaky01,Kyle,Schwarber,2021,28,0.85,977,1.823,0.34,0.226,0.328,0.447,536,461,70,104,19,1,27,67,3,2,67,145,5,5,0,3,7
walkech02,Christian,Walker,2021,30,0.82,1017,1.823,0.337,0.251,0.328,0.44,558,495,76,124,29,1,21,70,5,1,52,136,2,7,0,4,12
croncj01,C. J.,Cron,2021,31,0.78,572,1.822,0.338,0.239,0.315,0.464,313,280,37,67,15,0,16,43,1,1,25,78,1,7,0,2,7
grichra01,Randal,Grichuk,2021,30,0.85,993,1.822,0.324,0.243,0.297,0.456,546,502,73,122,25,2,26,72,3,1,35,135,1,5,0,3,12
guerrvl02,Vladimir,Guerrero,2021,22,0.81,1005,1.821,0.343,0.265,0.339,0.443,549,494,70,131,27,2,19,74,3,1,51,100,1,5,0,2,14
slateau01,Austin,Slater,2021,29,0.69,631,1.818,0.335,0.247,0.346,0.4,347,300,44,74,12,2,10,35,11,1,40,91,1,6,1,1,6
odorro01,Rougned,Odor,2021,27,0.83,798,1.818,0.308,0.213,0.285,0.423,440,395,56,84,18,1,21,67,6,5,36,123,1,5,1,3,5
kirkal01,Alejandro,Kirk,2021,23,0.2,418,1.817,0.343,0.271,0.339,0.44,230,207,31,56,11,0,8,28,2,1,20,51,0,2,0,1,3
calhoko01,Kole,Calhoun,2021,34,0.85,985,1.817,0.329,0.219,0.312,0.439,543,471,74,103,21,1,27,70,4,1,58,134,2,8,0,5,12
tejedan01,Anderson,Tejeda,2021,23,0.44,536,1.817,0.32,0.247,0.305,0.432,294,271,34,67,13,2,11,34,8,2,21,85,0,2,0,1,6
renfrhu01,Hunter,Renfroe,2021,29,0.81,763,1.817,0.317,0.211,0.288,0.447,420,374,53,79,17,1,23,58,4,0,38,115,1,4,0,4,7
nottija01,Jacob,Nottingham,2021,26,0.39,485,1.816,0.32,0.225,0.311,0.415,267,236,35,53,9,0,12,42,2,1,26,74,0,4,0,1,4
villajo01,Jonathan,Villar,2021,30,0.85,950,1.816,0.313,0.249,0.319,0.381,525,470,60,117,18,1,14,50,28,6,47,135,1,3,1,3,8
dahlda01,David,Dahl,2021,27,0.75,657,1.815,0.324,0.252,0.312,0.429,363,329,47,83,16,3,12,49,5,2,26,94,1,4,1,3,4
desmoia01,Ian,Desmond,2021,36,0.76,448,1.814,0.318,0.237,0.304,0.424,248,224,32,53,11,2,9,33,4,2,20,62,0,2,0,1,6
kendrho01,Howie,Kendrick,2021,38,0.73,649,1.813,0.343,0.277,0.332,0.449,360,325,46,90,18,1,12,47,2,1,26,68,2,3,0,4,11
hillisa01,Sam,Hilliard,2021,27,0.59,630,1.81,0.322,0.23,0.305,0.438,348,313,43,72,11,3,16,38,7,0,31,102,0,3,0,1,4
rufda01,Darin,Ruf,2021,35,0.51,584,1.808,0.336,0.246,0.334,0.426,322,284,37,70,15,0,12,45,4,1,35,78,0,3,0,1,5
murphse01,Sean,Murphy,2021,27,0.62,683,1.807,0.342,0.234,0.339,0.437,378,325,54,76,15,0,17,42,2,0,49,96,0,3,0,1,12
moncayo01,Yoan,Moncada,2021,26,0.85,972,1.807,0.338,0.255,0.333,0.437,539,478,70,122,25,4,18,63,6,2,54,157,1,3,1,3,4
edmanto01,Tommy,Edman,2021,26,0.78,929,1.807,0.329,0.261,0.329,0.415,513,463,71,121,20,3,15,59,10,4,38,108,0,10,0,3,9
garvemi01,Mitch,Garver,2021,30,0.74,605,1.806,0.332,0.236,0.319,0.439,335,296,46,70,13,1,15,44,1,0,33,93,1,4,0,2,6
jonesja08,Jahmai,Jones,2021,24,0.07,379,1.805,0.334,0.257,0.333,0.422,208,187,28,48,8,1,7,25,3,1,19,50,0,3,0,1,4
rookebr01,Brent,Rooker,2021,27,0.18,408,1.805,0.332,0.249,0.327,0.423,226,201,30,50,11,0,8,31,2,1,18,54,0,6,0,1,3
austity01,Tyler,Austin,2021,30,0.56,393,1.803,0.316,0.218,0.298,0.425,218,193,30,42,8,1,10,30,2,1,21,68,0,2,0,2,3
bryankr01,Kris,Bryant,2021,29,0.83,800,1.802,0.345,0.249,0.345,0.434,443,385,64,96,21,1,16,48,3,1,46,109,1,11,0,2,6
marisja01,Jake,Marisnick,2021,30,0.67,490,1.801,0.312,0.237,0.298,0.418,273,249,37,59,13,1,10,32,6,2,18,80,0,4,1,1,5
boteda01,David,Bote,2021,28,0.76,745,1.8,0.327,0.232,0.329,0.405,413,358,49,83,15,1,15,61,6,1,46,109,1,7,0,3,11
nunezre01,Renato,Nunez,2021,27,0.83,944,1.798,0.334,0.246,0.318,0.448,524,471,65,116,23,0,24,70,2,1,43,135,0,8,0,3,9
tayloty01,Tyrone,Taylor,2021,27,0.31,451,1.797,0.333,0.244,0.319,0.444,251,225,32,55,15,0,10,31,2,1,21,57,0,4,0,1,5
haggesa01,Sam,Haggerty,2021,27,0.36,478,1.797,0.314,0.242,0.312,0.396,266,240,35,58,13,0,8,31,8,1,23,69,0,2,0,1,3
beatyma01,Matt,Beaty,2021,28,0.59,524,1.795,0.318,0.244,0.308,0.417,293,266,39,65,14,1,10,39,4,0,21,59,1,4,0,1,8
beltbr01,Brandon,Belt,2021,33,0.83,861,1.794,0.349,0.249,0.35,0.441,481,413,59,103,24,2,17,56,3,1,62,108,2,3,0,2,8
belljo02,Josh,Bell,2021,29,0.85,960,1.794,0.343,0.248,0.336,0.44,534,464,67,115,22,2,21,70,2,1,61,119,5,4,0,6,9
croneja01,Jake,Cronenworth,2021,27,0.66,782,1.794,0.338,0.26,0.335,0.433,435,388,57,101,26,4,11,48,6,2,41,85,0,4,0,3,9
encared01,Edwin,Encarnacion,2021,38,0.83,837,1.792,0.32,0.21,0.302,0.43,469,409,60,86,15,0,25,67,2,1,48,120,1,7,0,3,8
coopega03,Garrett,Cooper,2021,31,0.74,725,1.79,0.34,0.262,0.336,0.438,405,363,52,95,17,1,15,50,2,0,35,102,0,6,0,1,11
quinnro01,Roman,Quinn,2021,28,0.66,630,1.79,0.293,0.225,0.293,0.366,354,320,43,72,12,3,9,32,20,1,26,99,0,5,2,1,4
jonesry01,Ryder,Jones,2021,27,0.02,356,1.789,0.325,0.242,0.317,0.421,200,178,25,43,8,0,8,25,3,1,18,49,0,2,0,1,4
evansph01,Phillip,Evans,2021,29,0.34,456,1.788,0.338,0.262,0.345,0.413,255,225,31,59,10,0,8,34,3,2,25,58,0,4,0,1,5
munozya01,Yairo,Munoz,2021,26,0.65,488,1.788,0.327,0.268,0.326,0.416,273,250,33,67,14,1,7,30,7,2,19,61,2,3,0,1,5
grandya01,Yasmani,Grandal,2021,33,0.84,895,1.786,0.344,0.231,0.347,0.424,501,420,63,97,19,1,20,63,3,1,73,128,1,4,0,4,11
florewi01,Wilmer,Flores,2021,30,0.81,873,1.785,0.335,0.262,0.319,0.451,490,446,59,117,25,1,19,64,2,0,34,81,1,5,0,4,11
murphto04,Tom,Murphy,2021,30,0.54,407,1.785,0.331,0.25,0.311,0.452,228,208,25,52,10,1,10,29,2,1,17,68,0,2,0,1,2
pillake01,Kevin,Pillar,2021,32,0.85,957,1.785,0.314,0.255,0.299,0.421,538,499,70,127,29,3,16,65,11,3,27,99,2,6,0,4,10
baderha01,Harrison,Bader,2021,27,0.79,703,1.784,0.323,0.231,0.325,0.398,394,342,56,79,17,2,12,39,10,2,39,112,2,10,1,3,4
goodwbr01,Brian,Goodwin,2021,31,0.79,794,1.784,0.321,0.234,0.31,0.421,447,397,54,93,22,2,16,53,9,2,41,131,1,4,1,3,4
santaca01,Carlos,Santana,2021,35,0.87,1034,1.783,0.343,0.231,0.352,0.414,581,485,78,112,21,1,22,71,3,0,89,104,4,3,0,3,11
ruizke01,Keibert,Ruiz,2021,23,0.08,376,1.782,0.329,0.245,0.322,0.426,210,188,26,46,8,1,8,25,3,1,19,51,0,3,0,1,3
lowena01,Nate,Lowe,2021,26,0.57,556,1.782,0.328,0.239,0.321,0.424,310,276,41,66,12,0,13,39,3,0,31,89,2,3,0,2,7
whiteaa01,Aaron,Whitefield,2021,25,0.01,360,1.782,0.325,0.24,0.322,0.413,201,179,27,43,8,1,7,24,3,1,19,47,0,3,0,1,4
contrwi01,Willson,Contreras,2021,29,0.83,919,1.781,0.341,0.246,0.341,0.425,516,447,68,110,22,2,18,63,3,2,49,127,2,17,0,3,11
blanktr01,Travis,Blankenhorn,2021,25,0.04,365,1.78,0.332,0.243,0.327,0.425,205,181,25,44,10,1,7,24,3,1,19,47,0,4,0,1,4
nolaau01,Austin,Nola,2021,32,0.73,802,1.778,0.336,0.253,0.333,0.429,452,399,58,101,20,1,16,59,2,0,42,101,1,7,0,3,10
semiema01,Marcus,Semien,2021,31,0.87,1001,1.778,0.328,0.248,0.327,0.415,564,501,76,124,26,2,18,62,9,3,58,108,1,2,0,2,9
millebr02,Brad,Miller,2021,32,0.75,757,1.777,0.333,0.234,0.326,0.43,426,372,51,87,18,2,17,55,3,0,47,117,1,5,0,2,6
hosmeer01,Eric,Hosmer,2021,32,0.85,812,1.777,0.322,0.254,0.313,0.42,458,417,54,106,19,1,16,66,5,1,34,104,2,3,0,3,9
bradlja02,Jackie,Bradley,2021,31,0.84,927,1.776,0.326,0.239,0.324,0.413,523,460,69,110,25,2,17,56,10,3,51,133,2,8,1,3,6
anderbr06,Brian,Anderson,2021,28,0.85,948,1.775,0.341,0.254,0.341,0.429,532,468,64,119,24,2,18,69,3,1,50,127,1,13,0,3,11
gennesc01,Scooter,Gennett,2021,31,0.67,378,1.775,0.329,0.267,0.319,0.431,214,195,27,52,9,1,7,27,2,1,14,49,1,2,1,2,4
mccutan01,Andrew,McCutchen,2021,35,0.83,924,1.774,0.331,0.241,0.334,0.408,521,453,68,109,20,1,18,60,8,2,60,116,0,5,0,3,8
davisjo06,Johnny,Davis,2021,31,0.01,353,1.774,0.318,0.236,0.312,0.41,200,178,28,42,8,1,7,23,3,1,18,49,0,2,0,1,4
fishede01,Derek,Fisher,2021,28,0.54,470,1.774,0.317,0.216,0.309,0.407,265,231,35,50,10,2,10,33,4,2,30,79,0,2,0,2,3
haysau01,Austin,Hays,2021,26,0.62,659,1.772,0.331,0.263,0.331,0.416,372,334,52,88,12,0,13,38,6,4,30,78,0,5,0,3,4
onajo01,Jorge,Ona,2021,25,0.13,388,1.772,0.329,0.24,0.329,0.411,218,192,30,46,9,0,8,27,2,1,22,57,0,4,0,1,3
choosh01,Shin-Soo,Choo,2021,39,0.84,744,1.771,0.336,0.243,0.343,0.409,422,362,52,88,16,1,14,42,9,2,48,108,1,8,0,2,6
peralda01,David,Peralta,2021,34,0.84,901,1.77,0.338,0.27,0.33,0.441,509,463,55,125,24,2,17,69,3,0,39,112,1,4,0,3,11
culbech01,Charlie,Culberson,2021,32,0.58,393,1.77,0.319,0.246,0.306,0.424,223,203,29,50,10,1,8,29,2,1,16,61,1,2,0,1,5
basablu01,Luis Alexander,Basabe,2021,25,0.15,393,1.77,0.312,0.232,0.324,0.366,222,194,33,45,8,0,6,25,6,1,25,53,0,2,0,1,3
adamsla01,Lane,Adams,2021,32,0.07,352,1.769,0.318,0.237,0.317,0.401,200,177,27,42,8,0,7,25,3,1,19,49,0,2,0,1,4
gonzalu03,Luis,Gonzalez,2021,26,0.02,359,1.768,0.323,0.235,0.32,0.408,202,179,27,42,8,1,7,24,3,1,19,49,0,4,0,1,4
correca01,Carlos,Correa,2021,27,0.82,889,1.767,0.335,0.254,0.33,0.427,503,445,60,113,21,1,18,68,3,0,48,117,2,5,0,5,12
francty01,Ty,France,2021,27,0.69,726,1.766,0.336,0.262,0.333,0.43,410,370,49,97,19,2,13,54,2,1,31,99,0,9,0,1,9
roblevi01,Victor,Robles,2021,24,0.81,867,1.766,0.317,0.245,0.32,0.389,493,437,63,107,20,2,13,52,15,4,32,119,1,18,2,4,5
seageky01,Kyle,Seager,2021,34,0.85,967,1.765,0.323,0.228,0.314,0.415,548,479,66,109,25,1,21,75,6,1,54,108,2,9,0,6,11
rileyau01,Austin,Riley,2021,24,0.76,854,1.764,0.321,0.238,0.306,0.428,482,437,61,104,18,1,21,67,2,1,39,128,2,5,0,3,9
sanchga02,Gary,Sanchez,2021,29,0.81,816,1.762,0.312,0.199,0.294,0.42,463,407,58,81,15,0,25,66,2,1,47,135,1,8,0,1,10
smithpa04,Pavin,Smith,2021,25,0.31,449,1.761,0.327,0.247,0.325,0.408,254,223,34,55,8,2,8,29,4,1,26,56,0,2,0,4,3
arroych01,Christian,Arroyo,2021,26,0.47,479,1.761,0.324,0.242,0.316,0.422,272,244,34,59,9,1,11,35,2,0,25,65,0,2,1,1,5
gardnbr01,Brett,Gardner,2021,38,0.83,787,1.761,0.321,0.228,0.32,0.403,448,390,62,89,17,3,15,47,8,3,50,96,0,4,1,3,4
flories01,Estevan,Florial,2021,24,0.03,359,1.76,0.326,0.243,0.324,0.414,204,181,25,44,8,1,7,24,3,1,19,50,0,3,0,1,4
schoojo01,Jonathan,Schoop,2021,30,0.82,813,1.76,0.32,0.246,0.299,0.439,462,426,61,105,18,2,20,57,2,1,25,111,1,8,0,3,14
harrimo01,Monte,Harrison,2021,26,0.34,463,1.76,0.294,0.22,0.297,0.36,262,236,36,52,9,0,8,27,11,1,24,82,0,2,0,1,3
reynobr01,Bryan,Reynolds,2021,26,0.8,897,1.759,0.332,0.249,0.327,0.427,509,454,67,113,24,3,17,57,4,2,49,125,0,5,0,2,7
contrwi02,William,Contreras,2021,24,0.09,373,1.759,0.328,0.257,0.325,0.419,212,191,25,49,10,0,7,26,3,1,18,52,0,2,0,1,3
adamsma01,Matt,Adams,2021,33,0.71,522,1.758,0.309,0.221,0.286,0.428,296,271,35,60,11,0,15,45,1,0,22,86,1,3,0,1,7
pachecr01,Cristian,Pache,2021,23,0.04,362,1.757,0.328,0.246,0.325,0.415,205,183,25,45,8,1,7,24,3,1,19,50,0,3,0,1,4
diazal02,Aledmys,Diaz,2021,31,0.72,520,1.757,0.323,0.249,0.307,0.431,297,269,38,67,16,0,11,38,2,1,21,52,1,3,0,3,7
barretr01,Tres,Barrera,2021,27,0.01,353,1.756,0.322,0.236,0.318,0.41,200,178,25,42,8,1,7,24,3,1,19,47,0,3,0,1,4
vasquan02,Andrew,Vasquez,2021,28,0,353,1.756,0.322,0.236,0.318,0.41,200,178,25,42,8,1,7,24,3,1,19,48,0,3,0,1,4
adamewi01,Willy,Adames,2021,26,0.83,895,1.755,0.333,0.255,0.327,0.43,509,458,66,117,24,1,18,54,5,2,47,147,1,3,1,2,9
fuentjo01,Josh,Fuentes,2021,28,0.55,581,1.755,0.316,0.259,0.308,0.41,332,305,43,79,16,0,10,45,4,0,19,89,0,4,0,3,5
lasteto01,Tommy,La Stella,2021,32,0.79,893,1.754,0.337,0.263,0.34,0.42,511,452,68,119,22,2,15,59,3,1,49,65,0,5,1,3,12
stewadj01,DJ,Stewart,2021,28,0.63,614,1.754,0.331,0.221,0.331,0.411,351,299,42,66,12,0,15,44,3,1,44,94,1,6,2,1,4
dickeco01,Corey,Dickerson,2021,32,0.81,847,1.754,0.328,0.265,0.315,0.439,484,446,58,118,24,3,16,57,4,2,32,93,2,2,0,3,11
luplojo01,Jordan,Luplow,2021,28,0.67,593,1.754,0.328,0.231,0.322,0.42,339,295,44,68,16,2,12,39,3,2,38,76,0,3,0,2,10
smithma05,Mallex,Smith,2021,28,0.79,549,1.754,0.299,0.238,0.313,0.349,314,281,36,67,13,3,4,25,19,4,26,73,0,5,1,1,5
arraelu01,Luis,Arraez,2021,24,0.71,676,1.751,0.351,0.301,0.365,0.419,385,346,53,104,21,1,6,40,3,1,35,53,1,2,0,3,5
doziehu01,Hunter,Dozier,2021,30,0.83,851,1.751,0.33,0.244,0.325,0.425,487,431,62,105,19,4,17,52,5,1,50,127,1,3,0,2,9
mcmahry01,Ryan,McMahon,2021,27,0.81,858,1.751,0.322,0.234,0.314,0.417,490,436,60,102,18,1,20,66,3,1,48,147,1,4,0,2,10
leybado01,Domingo,Leyba,2021,26,0.09,355,1.749,0.326,0.246,0.325,0.408,203,179,27,44,9,1,6,25,2,1,20,49,0,2,0,2,3
lintz01,Tzu-Wei,Lin,2021,27,0.2,355,1.749,0.322,0.239,0.32,0.406,202,180,28,43,10,1,6,22,3,1,20,48,0,2,0,1,3
sosaed01,Edmundo,Sosa,2021,25,0.04,353,1.748,0.325,0.242,0.327,0.404,201,178,26,43,8,0,7,23,3,1,20,47,0,3,0,1,4
caveja01,Jake,Cave,2021,29,0.74,652,1.748,0.321,0.239,0.311,0.418,373,335,51,80,15,3,13,46,2,2,27,115,1,9,1,2,4
merceye01,Yermin,Mercedes,2021,28,0.01,353,1.748,0.321,0.235,0.317,0.408,201,179,25,42,8,1,7,24,3,1,19,48,0,3,0,1,4
oneilty01,Tyler,O'Neill,2021,26,0.71,713,1.748,0.307,0.219,0.297,0.4,408,365,55,80,15,0,17,51,6,1,36,116,0,5,0,2,7
andujmi01,Miguel,Andujar,2021,26,0.7,498,1.747,0.325,0.261,0.309,0.439,284,264,34,69,15,1,10,35,2,0,17,53,1,2,0,2,6
tapiara01,Raimel,Tapia,2021,27,0.78,864,1.745,0.326,0.277,0.331,0.403,495,452,62,125,22,4,9,50,12,3,35,107,0,4,1,4,6
dejonpa01,Paul,DeJong,2021,28,0.84,836,1.745,0.323,0.237,0.317,0.41,479,422,62,100,20,1,17,62,4,2,44,120,1,8,0,5,10
heathni01,Nick,Heath,2021,28,0.15,384,1.745,0.31,0.228,0.318,0.368,221,193,27,44,9,0,6,28,6,3,22,56,0,4,2,1,3
ogradbr01,Brian,O'Grady,2021,29,0.17,368,1.744,0.319,0.234,0.313,0.41,211,188,27,44,10,1,7,22,4,1,19,54,0,3,0,1,3
segurje01,Jean,Segura,2021,31,0.85,917,1.743,0.325,0.267,0.327,0.407,528,479,69,128,22,3,13,56,9,4,39,89,2,5,1,3,12
choiji01,Ji-Man,Choi,2021,30,0.79,740,1.741,0.34,0.242,0.339,0.426,426,364,48,88,23,1,14,52,3,1,52,103,2,4,0,5,5
wendljo01,Joey,Wendle,2021,31,0.8,787,1.741,0.322,0.261,0.325,0.397,452,406,55,106,22,3,9,45,13,3,31,91,1,10,0,5,7
senzeni01,Nick,Senzel,2021,26,0.68,583,1.74,0.311,0.238,0.304,0.399,335,303,42,72,17,1,10,37,8,3,28,78,0,2,0,2,6
iglesjo01,Jose,Iglesias,2021,31,0.82,758,1.739,0.332,0.286,0.33,0.424,437,406,48,116,27,1,9,53,6,3,21,65,1,7,1,2,9
dietrde01,Derek,Dietrich,2021,32,0.76,560,1.739,0.332,0.226,0.326,0.423,322,279,41,63,11,1,14,35,2,1,27,83,1,15,0,1,6
zimmery01,Ryan,Zimmerman,2021,37,0.59,379,1.739,0.327,0.241,0.317,0.431,219,195,24,47,11,1,8,29,1,1,20,47,0,2,0,1,5
eatonad02,Adam,Eaton,2021,33,0.83,826,1.739,0.326,0.254,0.335,0.396,481,422,67,107,21,3,11,44,9,1,44,92,1,8,5,1,8
uptonju01,Justin,Upton,2021,34,0.8,746,1.739,0.32,0.223,0.31,0.412,429,376,53,84,14,0,19,57,3,2,40,120,0,9,0,4,10
garciro02,Robel,Garcia,2021,28,0.21,360,1.739,0.319,0.232,0.309,0.416,208,185,25,43,8,1,8,26,2,1,19,59,0,2,0,1,4
hernaen02,Enrique,Hernandez,2021,30,0.81,741,1.739,0.316,0.234,0.303,0.417,428,384,56,90,18,2,16,54,3,1,34,91,2,5,1,3,8
grullde01,Deivy,Grullon,2021,25,0.07,358,1.738,0.322,0.24,0.32,0.404,206,183,24,44,9,0,7,26,3,1,20,49,0,2,0,1,4
daviskh01,Khris,Davis,2021,34,0.82,650,1.738,0.318,0.224,0.305,0.417,375,331,46,74,13,0,17,53,1,0,34,101,1,6,0,3,10
allengr01,Greg,Allen,2021,28,0.66,457,1.738,0.302,0.233,0.304,0.369,265,236,33,55,10,2,6,27,10,2,18,61,1,7,2,2,4
canoro01,Robinson,Cano,2021,39,0.81,806,1.737,0.333,0.264,0.321,0.441,465,424,54,112,24,0,17,58,1,0,32,83,2,5,0,3,15
kempma01,Matt,Kemp,2021,37,0.74,637,1.736,0.319,0.245,0.313,0.411,368,331,44,81,13,0,14,52,2,0,32,99,1,2,0,2,10
heywaja01,Jason,Heyward,2021,32,0.83,833,1.735,0.334,0.248,0.342,0.404,480,416,60,103,17,3,14,55,5,1,57,93,2,4,0,3,7
villach01,Christian,Villanueva,2021,30,0.49,347,1.735,0.32,0.233,0.305,0.428,200,180,23,42,8,0,9,24,2,0,15,52,0,4,0,1,5
uriasra01,Ramon,Urias,2021,27,0.22,404,1.734,0.332,0.258,0.33,0.421,233,209,28,54,10,0,8,27,2,1,21,55,0,2,0,1,5
vazquch01,Christian,Vazquez,2021,31,0.81,834,1.734,0.32,0.254,0.312,0.417,484,441,56,112,21,0,17,57,7,3,36,104,1,2,1,2,13
gourryu01,Yuli,Gurriel,2021,37,0.85,940,1.734,0.319,0.256,0.304,0.425,543,497,67,127,28,1,18,71,4,2,33,78,1,5,0,7,14
mathiwy01,Wyatt,Mathisen,2021,28,0.25,416,1.733,0.323,0.233,0.325,0.4,240,210,31,49,8,0,9,30,2,1,25,64,0,4,0,1,3
thomala02,Lane,Thomas,2021,26,0.36,440,1.732,0.315,0.222,0.307,0.409,253,225,32,50,10,1,10,30,3,1,25,64,0,3,0,1,5
mckinza01,Zach,McKinstry,2021,26,0.07,360,1.731,0.322,0.246,0.317,0.412,208,187,26,46,10,0,7,23,3,1,18,52,0,2,0,1,5
thameer01,Eric,Thames,2021,35,0.79,720,1.731,0.32,0.221,0.312,0.413,417,366,50,81,17,1,17,48,5,1,42,126,2,7,0,1,4
weissza01,Zack,Weiss,2021,29,0,348,1.731,0.319,0.236,0.318,0.399,200,178,25,42,8,0,7,24,3,1,19,48,0,3,0,1,4
cabreas01,Asdrubal,Cabrera,2021,36,0.84,884,1.73,0.322,0.241,0.311,0.419,512,456,60,110,23,2,18,72,2,0,46,109,1,3,0,6,12
hernaos01,Oscar,Hernandez,2021,28,0.04,353,1.73,0.32,0.246,0.319,0.404,205,183,26,45,8,0,7,23,3,1,18,50,0,2,0,1,5
jonesja07,JaCoby,Jones,2021,29,0.77,633,1.73,0.315,0.231,0.303,0.413,366,329,47,76,20,2,12,36,7,2,27,105,1,8,1,2,6
piscost01,Stephen,Piscotty,2021,30,0.82,775,1.73,0.314,0.241,0.304,0.41,449,407,52,98,21,0,16,61,5,0,33,109,0,5,1,3,12
rendato01,Tony,Renda,2021,30,0,344,1.729,0.315,0.236,0.312,0.399,200,178,25,42,8,0,7,24,3,1,18,48,0,2,0,1,4
gattiev01,Evan,Gattis,2021,35,0.53,344,1.729,0.311,0.223,0.291,0.419,200,179,23,40,8,0,9,29,1,0,16,48,1,2,0,2,5
vogelda01,Dan,Vogelbach,2021,29,0.78,731,1.728,0.327,0.212,0.329,0.404,422,359,52,76,12,0,19,53,2,0,59,108,1,4,0,1,7
parrage01,Gerardo,Parra,2021,34,0.68,394,1.728,0.307,0.246,0.311,0.377,230,207,28,51,9,0,6,30,5,2,17,47,1,3,1,1,4
mckinbi01,Billy,McKinney,2021,27,0.56,399,1.727,0.319,0.236,0.303,0.428,231,208,30,49,11,1,9,25,2,1,19,57,0,2,1,2,2
suzukku01,Kurt,Suzuki,2021,38,0.77,668,1.726,0.324,0.247,0.318,0.413,389,344,45,85,18,0,13,55,2,1,29,64,0,9,0,5,10
kiermke01,Kevin,Kiermaier,2021,31,0.81,763,1.726,0.296,0.221,0.296,0.369,443,398,51,88,16,5,11,51,15,3,38,109,2,5,1,1,7
davisjd01,J. D.,Davis,2021,28,0.81,909,1.725,0.343,0.255,0.347,0.424,526,458,65,117,21,1,18,54,3,0,57,125,1,9,0,3,15
carpema01,Matt,Carpenter,2021,36,0.83,783,1.725,0.329,0.22,0.333,0.402,456,386,60,85,20,1,16,52,3,1,58,120,3,8,0,2,3
escobed01,Eduardo,Escobar,2021,32,0.86,933,1.725,0.32,0.243,0.305,0.425,542,489,64,119,24,4,19,70,3,1,42,111,4,4,0,6,10
ahmedni01,Nick,Ahmed,2021,31,0.85,911,1.725,0.315,0.244,0.309,0.403,528,476,65,116,25,3,15,67,7,1,44,110,1,3,0,5,11
margoma01,Manuel,Margot,2021,27,0.81,755,1.724,0.305,0.244,0.308,0.375,439,397,53,97,21,2,9,41,17,5,36,84,1,2,1,3,5
diazya01,Yandy,Diaz,2021,30,0.74,696,1.723,0.346,0.268,0.359,0.413,404,351,52,94,16,1,11,42,2,1,48,74,1,3,0,2,12
moranco01,Colin,Moran,2021,29,0.83,853,1.723,0.33,0.256,0.323,0.427,495,445,57,114,23,1,17,65,1,1,41,116,2,5,0,4,14
jeffery01,Ryan,Jeffers,2021,24,0.39,477,1.722,0.333,0.252,0.332,0.419,276,246,31,62,8,0,11,33,2,1,25,71,0,5,0,1,4
chishja01,Jazz,Chisholm,2021,23,0.39,477,1.722,0.306,0.219,0.3,0.393,276,247,35,54,9,2,10,32,5,3,25,70,0,4,0,1,4
cainlo01,Lorenzo,Cain,2021,35,0.79,494,1.721,0.325,0.263,0.341,0.38,288,255,37,67,12,0,6,23,9,3,28,52,1,3,0,1,6
boltsk01,Skye,Bolt,2021,27,0.04,346,1.721,0.317,0.235,0.313,0.402,201,179,25,42,9,0,7,23,3,1,19,48,0,2,0,1,4
cespeyo01,Yoenis,Cespedes,2021,36,0.42,413,1.721,0.307,0.222,0.296,0.403,242,216,28,48,9,0,10,32,3,0,20,73,1,3,0,1,4
vielmen01,Engelb,Vielma,2021,27,0.02,344,1.72,0.317,0.236,0.315,0.399,200,178,25,42,8,0,7,23,3,1,19,49,0,2,0,1,4
jacksdr01,Drew,Jackson,2021,28,0.01,344,1.72,0.317,0.236,0.315,0.399,200,178,25,42,8,0,7,23,3,1,19,48,0,2,0,1,4
trompch01,Chadwick,Tromp,2021,26,0.4,480,1.72,0.302,0.228,0.283,0.406,278,254,39,58,9,0,12,37,2,1,19,73,0,2,0,4,8
polanjo01,Jorge,Polanco,2021,28,0.85,937,1.719,0.328,0.267,0.328,0.411,547,494,68,132,25,2,14,59,7,4,43,100,1,4,2,4,11
bautira01,Rafael,Bautista,2021,28,0.01,342,1.719,0.315,0.236,0.312,0.399,200,178,25,42,8,0,7,23,3,1,18,48,0,2,0,1,4
vinceza01,Zach,Vincej,2021,30,0.01,342,1.719,0.315,0.236,0.312,0.399,200,178,24,42,8,0,7,24,3,1,18,48,0,2,0,1,4
chavimi01,Michael,Chavis,2021,26,0.74,741,1.719,0.31,0.235,0.302,0.404,432,391,50,92,14,2,16,57,5,1,33,128,1,5,0,2,12
luxga01,Gavin,Lux,2021,24,0.49,505,1.718,0.31,0.224,0.303,0.399,293,263,37,59,11,1,11,35,4,0,28,74,0,2,0,1,3
astudwi01,Willians,Astudillo,2021,30,0.52,412,1.717,0.318,0.259,0.312,0.409,240,220,32,57,10,1,7,31,1,0,14,35,0,4,0,2,6
bruceja01,Jay,Bruce,2021,34,0.75,618,1.717,0.307,0.212,0.281,0.429,359,326,40,69,16,2,17,48,2,1,30,86,1,2,0,2,5
solakni01,Nick,Solak,2021,26,0.74,858,1.716,0.323,0.26,0.332,0.386,499,443,61,115,21,1,11,55,11,1,45,103,1,6,0,6,11
higasky01,Kyle,Higashioka,2021,31,0.47,453,1.716,0.299,0.224,0.277,0.412,265,245,32,55,10,0,12,37,2,0,16,69,0,2,0,1,4
wadety01,Tyler,Wade,2021,27,0.62,580,1.716,0.295,0.209,0.302,0.348,339,296,50,62,12,1,9,36,10,1,34,81,0,6,2,2,4
lowrije01,Jed,Lowrie,2021,37,0.63,343,1.715,0.327,0.243,0.325,0.412,201,177,23,43,9,0,7,26,1,0,21,44,0,1,0,1,3
rosaram01,Amed,Rosario,2021,26,0.84,763,1.715,0.309,0.262,0.306,0.397,446,416,56,109,17,3,11,47,10,5,24,94,1,3,1,2,9
arciafr01,Francisco,Arcia,2021,32,0.21,343,1.715,0.307,0.227,0.295,0.403,200,181,23,41,8,0,8,28,2,1,15,49,0,3,0,1,5
chiselo01,Lonnie,Chisenhall,2021,33,0.19,341,1.714,0.327,0.249,0.327,0.412,200,177,24,44,9,1,6,22,2,1,18,44,1,3,1,1,4
phillbr02,Brett,Phillips,2021,27,0.55,480,1.714,0.293,0.206,0.293,0.36,280,247,36,51,8,3,8,28,10,2,29,78,0,2,1,2,4
francma02,Maikel,Franco,2021,29,0.84,924,1.711,0.322,0.252,0.309,0.425,540,492,58,124,25,0,20,75,2,0,41,93,7,2,0,5,13
grossro01,Robbie,Grossman,2021,32,0.83,824,1.71,0.327,0.241,0.336,0.394,483,419,56,101,24,2,12,50,9,2,55,98,2,6,0,2,5
lavarry01,Ryan,Lavarnway,2021,34,0.16,366,1.71,0.32,0.253,0.318,0.407,215,194,26,49,9,0,7,26,2,1,17,52,0,2,0,1,3
frankni01,Nick,Franklin,2021,30,0,340,1.709,0.315,0.236,0.312,0.399,200,178,24,42,8,0,7,23,3,1,18,48,0,2,0,1,4
fowledu01,Dustin,Fowler,2021,27,0.34,340,1.709,0.304,0.232,0.296,0.392,200,181,23,42,6,1,7,24,4,2,15,47,0,2,0,1,3
hampsga01,Garrett,Hampson,2021,27,0.76,777,1.708,0.306,0.238,0.303,0.386,458,412,58,98,14,4,13,39,14,2,38,129,1,2,3,3,5
strawmy01,Myles,Straw,2021,27,0.57,545,1.708,0.295,0.233,0.307,0.345,318,287,42,67,12,1,6,31,13,3,29,74,0,2,1,1,4
candeje01,Jeimer,Candelario,2021,28,0.83,838,1.707,0.327,0.241,0.328,0.41,491,432,60,104,22,3,15,54,4,1,51,123,1,6,0,2,6
taylomi02,Michael,Taylor,2021,30,0.7,563,1.706,0.296,0.22,0.288,0.383,331,300,39,66,17,1,10,35,10,2,26,93,1,3,1,1,6
guerrja02,Javy,Guerra,2021,26,0.05,341,1.705,0.32,0.237,0.32,0.401,200,177,25,42,8,0,7,23,2,1,20,50,0,2,0,1,4
kniznan01,Andrew,Knizner,2021,26,0.27,387,1.705,0.313,0.241,0.313,0.389,227,203,27,49,9,0,7,30,3,1,19,55,0,3,0,2,7
mejiase01,Seth,Mejias-Brean,2021,30,0.1,346,1.704,0.318,0.238,0.315,0.403,203,181,24,43,9,0,7,25,2,1,19,50,0,2,0,1,4
kaczmke01,Kevin,Kaczmarski,2021,30,0.01,339,1.704,0.314,0.232,0.312,0.395,200,177,24,41,8,0,7,23,3,1,19,48,0,2,0,1,4
sweenda02,Darnell,Sweeney,2021,30,0.01,339,1.704,0.314,0.232,0.312,0.395,200,177,24,41,8,0,7,23,3,1,19,48,0,2,0,1,4
varshda01,Daulton,Varsho,2021,25,0.54,581,1.704,0.306,0.216,0.305,0.382,341,301,45,65,14,3,10,35,7,2,34,88,0,5,0,1,5
moniami01,Mickey,Moniak,2021,23,0.15,378,1.703,0.325,0.242,0.333,0.392,222,194,30,47,8,0,7,24,2,1,25,54,0,2,0,1,3
palkada01,Daniel,Palka,2021,30,0.59,356,1.703,0.306,0.221,0.292,0.411,209,190,24,42,7,1,9,26,2,1,17,65,1,2,0,0,4
mccanja02,James,McCann,2021,31,0.79,652,1.702,0.32,0.25,0.313,0.414,384,348,47,87,15,0,14,44,3,2,27,104,0,6,0,2,8
navarbr01,Brian,Navarreto,2021,27,0.05,349,1.702,0.319,0.245,0.317,0.402,206,184,24,45,8,0,7,23,3,1,18,49,0,2,0,1,4
mazarno01,Nomar,Mazara,2021,26,0.82,732,1.702,0.318,0.249,0.314,0.406,429,389,52,97,20,1,13,55,3,1,32,105,1,6,0,3,6
travisa01,Sam,Travis,2021,28,0.38,366,1.702,0.308,0.227,0.298,0.402,216,194,26,44,8,1,8,25,3,0,18,51,1,2,0,1,5
polangr01,Gregory,Polanco,2021,30,0.78,730,1.702,0.302,0.212,0.289,0.398,429,382,48,81,19,2,16,55,7,2,40,124,1,3,0,4,7
solando01,Donovan,Solano,2021,34,0.74,801,1.701,0.335,0.286,0.338,0.42,471,433,53,124,26,1,10,58,2,1,30,104,0,5,0,3,7
aveliab01,Abiatal,Avelino,2021,26,0.05,342,1.701,0.32,0.24,0.318,0.402,201,179,24,43,8,0,7,24,2,1,19,48,0,2,0,1,3
garciar01,Aramis,Garcia,2021,28,0.24,347,1.701,0.311,0.234,0.304,0.402,205,184,25,43,7,0,8,25,2,0,17,60,1,2,0,1,4
kellyca02,Carson,Kelly,2021,27,0.73,669,1.698,0.318,0.23,0.31,0.412,394,352,44,81,16,0,16,51,2,0,37,89,3,4,1,1,10
bradlbo01,Bobby,Bradley,2021,25,0.14,348,1.698,0.317,0.235,0.312,0.404,205,183,25,43,10,0,7,24,2,1,19,53,0,2,0,1,4
schimry01,Ryan,Schimpf,2021,33,0.02,338,1.698,0.314,0.232,0.312,0.395,200,177,25,41,8,0,7,24,2,1,19,50,0,2,0,1,4
powelbo02,Boog,Powell,2021,28,0.06,338,1.698,0.313,0.236,0.312,0.393,200,178,25,42,8,1,6,22,3,1,18,48,0,2,0,1,4
reyesvi01,Victor,Reyes,2021,27,0.79,832,1.698,0.309,0.263,0.31,0.388,490,456,64,120,19,4,10,41,14,3,28,109,0,4,0,2,9
cervefr01,Francisco,Cervelli,2021,35,0.69,492,1.697,0.327,0.235,0.334,0.394,292,251,33,59,11,1,9,34,3,1,31,69,0,7,1,1,8
greenza01,Zach,Green,2021,27,0.05,341,1.697,0.315,0.235,0.313,0.397,202,179,25,42,8,0,7,24,2,1,19,49,0,2,0,1,5
sierrma01,Magneuris,Sierra,2021,25,0.52,453,1.697,0.304,0.242,0.311,0.367,269,240,33,58,11,2,5,28,8,3,22,59,1,3,3,2,2
wongko01,Kolten,Wong,2021,31,0.83,858,1.696,0.324,0.256,0.338,0.378,510,445,58,114,18,3,10,50,13,4,46,88,2,11,4,4,5
ciuffni01,Nick,Ciuffo,2021,26,0.12,339,1.695,0.317,0.236,0.315,0.399,201,178,24,42,8,0,7,24,2,1,18,49,0,3,1,1,4
alvarpe01,Pedro,Alvarez,2021,34,0.24,339,1.695,0.31,0.22,0.305,0.395,200,177,25,39,7,0,8,24,2,0,20,51,0,2,0,1,4
youngan02,Andy,Young,2021,27,0.26,410,1.694,0.326,0.23,0.331,0.397,242,209,28,48,11,0,8,29,2,1,25,61,0,7,0,1,3
goodrni01,Niko,Goodrum,2021,29,0.82,791,1.694,0.306,0.224,0.302,0.387,467,416,52,93,22,2,14,50,12,2,45,142,1,3,0,3,9
estrath01,Thairo,Estrada,2021,25,0.43,459,1.694,0.3,0.225,0.299,0.373,270,244,38,55,9,0,9,30,5,0,19,72,0,7,1,1,3
gyorkje01,Jedd,Gyorko,2021,33,0.73,633,1.693,0.32,0.233,0.316,0.406,376,330,45,77,12,0,15,43,3,0,38,92,1,3,0,3,10
santado01,Domingo,Santana,2021,29,0.76,601,1.693,0.318,0.231,0.318,0.397,354,312,39,72,14,1,12,44,4,1,38,107,1,3,0,2,7
gonzaal04,Alfredo,Gonzalez,2021,29,0.02,337,1.693,0.315,0.236,0.312,0.399,200,178,24,42,8,0,7,24,2,1,18,49,0,2,0,1,4
trahabl01,Blake,Trahan,2021,28,0.03,337,1.693,0.315,0.236,0.312,0.399,200,178,25,42,8,0,7,23,2,1,18,48,0,2,0,1,4
brothre01,Rex,Brothers,2021,34,0,337,1.693,0.31,0.23,0.307,0.393,200,178,24,41,8,0,7,23,3,1,18,49,0,2,0,1,4
tolesan01,Andrew,Toles,2021,29,0.07,337,1.693,0.309,0.236,0.312,0.382,200,178,25,42,8,0,6,24,3,1,18,48,1,2,0,1,4
floripe01,Pedro,Florimon,2021,35,0.16,337,1.693,0.306,0.229,0.302,0.391,200,179,26,41,9,1,6,22,3,1,17,54,0,2,0,1,3
vottojo01,Joey,Votto,2021,38,0.85,902,1.692,0.341,0.241,0.353,0.407,534,452,66,109,22,1,17,51,3,0,75,110,2,4,0,2,12
wongke01,Kean,Wong,2021,26,0.06,340,1.692,0.316,0.239,0.313,0.4,202,180,25,43,8,0,7,23,2,1,18,49,0,2,0,1,3
davisra01,Rajai,Davis,2021,41,0.39,340,1.692,0.287,0.22,0.289,0.352,203,182,26,40,7,1,5,19,8,3,15,49,0,3,1,1,3
williju02,Justin,Williams,2021,26,0.06,350,1.691,0.318,0.239,0.319,0.397,208,184,24,44,8,0,7,23,3,1,20,50,0,2,0,1,4
garcilu04,Luis,Garcia,2021,21,0.59,629,1.691,0.313,0.262,0.317,0.388,370,343,49,90,16,0,9,45,4,2,25,81,0,3,0,1,7
davisjo05,Jonathan,Davis,2021,29,0.42,421,1.691,0.308,0.228,0.313,0.37,250,219,29,50,10,0,7,29,6,1,21,65,0,7,1,2,5
pencehu01,Hunter,Pence,2021,38,0.69,507,1.69,0.298,0.223,0.287,0.392,300,273,35,61,11,1,11,40,4,1,22,74,0,3,0,2,5
maybica01,Cameron,Maybin,2021,34,0.74,591,1.689,0.317,0.246,0.323,0.387,350,313,40,77,18,1,8,33,9,3,33,85,0,3,0,1,8
hoernni01,Nico,Hoerner,2021,24,0.61,613,1.689,0.306,0.237,0.317,0.356,362,320,51,76,12,1,8,45,6,2,33,74,1,6,0,4,8
casalcu01,Curt,Casali,2021,33,0.68,569,1.688,0.333,0.239,0.332,0.416,338,293,37,70,13,0,13,37,2,1,37,89,1,5,0,2,6
spande01,Denard,Span,2021,37,0.56,336,1.688,0.317,0.244,0.322,0.386,200,176,24,43,8,1,5,23,3,1,19,40,0,2,0,2,4
brownse01,Seth,Brown,2021,29,0.25,363,1.688,0.313,0.24,0.316,0.385,214,192,26,46,11,1,5,26,3,1,19,55,0,3,0,1,4
peterdu01,Dustin,Peterson,2021,27,0.14,346,1.688,0.312,0.235,0.312,0.388,205,183,24,43,10,0,6,25,3,1,18,51,0,3,0,1,4
tuckepr01,Preston,Tucker,2021,31,0.32,336,1.688,0.312,0.23,0.307,0.399,200,178,23,41,9,0,7,25,2,0,17,48,0,3,0,1,3
ramirha01,Hanley,Ramirez,2021,38,0.4,346,1.688,0.307,0.23,0.307,0.383,206,183,24,42,7,0,7,26,3,1,19,49,0,2,0,1,6
craigwi01,Will,Craig,2021,27,0.04,344,1.686,0.307,0.23,0.304,0.388,205,183,25,42,8,0,7,24,3,1,18,49,0,2,0,1,4
marmojo01,Jose,Marmolejos,2021,28,0.54,575,1.686,0.302,0.22,0.29,0.398,341,309,39,68,13,0,14,46,3,2,27,88,0,4,0,1,6
dubonma01,Mauricio,Dubon,2021,27,0.68,718,1.685,0.322,0.258,0.326,0.394,427,383,51,99,14,1,12,46,6,4,37,93,0,3,1,3,9
pompeda01,Dalton,Pompey,2021,29,0.03,337,1.685,0.317,0.236,0.315,0.399,200,178,24,42,8,0,7,23,2,1,19,50,0,2,0,1,4
cozendy01,Dylan,Cozens,2021,27,0.1,337,1.685,0.316,0.232,0.315,0.395,200,177,23,41,8,0,7,22,3,1,20,54,0,2,0,1,3
kivlepa01,Patrick,Kivlehan,2021,32,0.03,337,1.685,0.315,0.236,0.315,0.393,200,178,25,42,8,1,6,23,2,1,18,50,0,3,0,1,4
zavalse01,Seby,Zavala,2021,28,0.04,337,1.685,0.313,0.235,0.31,0.397,201,179,25,42,8,0,7,23,2,1,18,52,0,2,0,1,4
carlsdy01,Dylan,Carlson,2021,23,0.55,583,1.685,0.305,0.224,0.295,0.397,346,312,39,70,17,2,11,45,4,2,29,90,0,3,0,2,7
guzmaro01,Ronald,Guzman,2021,27,0.75,564,1.684,0.317,0.232,0.31,0.406,335,298,39,69,14,1,12,41,2,1,31,92,1,4,0,2,6
gonzaca01,Carlos,Gonzalez,2021,36,0.64,362,1.684,0.314,0.242,0.312,0.397,217,194,28,47,10,1,6,24,2,1,19,55,1,1,0,1,3
tsutsyo01,Yoshi,Tsutsugo,2021,30,0.65,719,1.684,0.312,0.211,0.311,0.385,426,369,57,78,14,1,16,53,2,0,51,112,1,4,0,3,10
dinini01,Nick,Dini,2021,28,0.18,347,1.684,0.311,0.23,0.306,0.393,206,183,27,42,9,0,7,24,2,1,18,51,0,3,1,2,4
mcbrory01,Ryan,McBroom,2021,29,0.53,525,1.683,0.32,0.246,0.308,0.425,312,285,34,70,12,0,13,35,2,0,24,91,0,2,0,1,7
barnebr02,Brandon,Barnes,2021,35,0.05,335,1.683,0.315,0.236,0.312,0.399,200,178,24,42,8,0,7,23,2,1,18,49,0,2,0,1,4
marteje01,Jefry,Marte,2021,30,0.34,335,1.683,0.306,0.228,0.296,0.4,200,180,25,41,8,1,7,23,2,1,16,45,0,2,0,1,4
gomesya01,Yan,Gomes,2021,34,0.78,639,1.682,0.32,0.245,0.311,0.417,382,343,43,84,18,1,13,43,3,0,29,92,2,5,0,3,6
camarjo01,Johan,Camargo,2021,28,0.77,639,1.682,0.312,0.235,0.303,0.409,380,345,47,81,19,1,13,45,2,0,30,87,1,4,0,1,7
davidma02,Matt,Davidson,2021,30,0.63,432,1.681,0.313,0.219,0.304,0.408,258,228,27,50,10,0,11,35,1,0,25,75,0,3,0,1,5
nogowjo01,John,Nogowski,2021,28,0.04,343,1.681,0.311,0.235,0.309,0.393,205,183,24,43,8,0,7,23,3,1,18,50,0,2,0,1,4
hansoal01,Alen,Hanson,2021,29,0.48,343,1.681,0.299,0.235,0.289,0.39,205,187,24,44,9,1,6,24,4,1,13,51,0,2,1,2,3
sardilu01,Luis,Sardinas,2021,28,0.05,336,1.68,0.312,0.23,0.31,0.393,200,178,25,41,8,0,7,23,2,1,19,48,0,2,0,1,4
pearcst01,Steve,Pearce,2021,38,0.49,351,1.679,0.316,0.232,0.316,0.395,210,185,25,43,9,0,7,27,1,0,20,50,0,3,0,1,4
hamilbi02,Billy,Hamilton,2021,31,0.75,465,1.679,0.277,0.22,0.289,0.32,279,250,38,55,9,2,4,19,16,4,24,68,0,1,1,2,2
sotoel01,Elliot,Soto,2021,32,0.07,349,1.678,0.318,0.243,0.322,0.389,208,185,27,45,9,0,6,23,2,1,20,50,0,2,0,1,4
bauerja01,Jake,Bauers,2021,26,0.7,406,1.678,0.315,0.224,0.318,0.386,242,210,29,47,11,1,7,28,3,2,28,63,0,2,0,2,3
ramirha02,Harold,Ramirez,2021,27,0.61,433,1.678,0.313,0.256,0.31,0.399,258,238,33,61,11,1,7,30,2,1,16,56,0,3,0,1,4
rosalad01,Adam,Rosales,2021,38,0.05,334,1.678,0.31,0.23,0.307,0.393,200,178,25,41,8,0,7,23,2,1,18,50,0,2,1,1,4
plouftr01,Trevor,Plouffe,2021,35,0.03,334,1.678,0.31,0.23,0.307,0.393,200,178,24,41,8,0,7,24,2,1,18,51,0,2,0,1,4
crawfjp01,J. P.,Crawford,2021,26,0.8,879,1.677,0.314,0.24,0.326,0.368,524,459,67,110,21,4,10,58,9,4,54,108,0,7,1,4,8
davista01,Taylor,Davis,2021,32,0.08,337,1.677,0.312,0.235,0.308,0.391,202,179,24,42,7,0,7,25,2,1,18,48,0,2,0,2,4
rojasmi02,Miguel,Rojas,2021,32,0.82,714,1.676,0.321,0.264,0.329,0.391,428,386,46,102,20,1,9,46,8,3,32,66,2,6,1,2,11
thaisma01,Matt,Thaiss,2021,26,0.44,414,1.676,0.313,0.22,0.308,0.399,247,218,29,48,9,0,10,29,2,0,26,67,0,2,0,1,5
zagunma01,Mark,Zagunis,2021,28,0.13,340,1.675,0.318,0.243,0.32,0.392,204,181,23,44,9,0,6,25,2,1,19,53,0,2,0,1,4
alcanse01,Sergio,Alcantara,2021,25,0.19,382,1.675,0.314,0.227,0.307,0.404,228,203,27,46,8,2,8,25,2,1,22,52,0,2,0,1,3
guerrga01,Gabriel,Guerrero,2021,28,0.04,335,1.675,0.313,0.235,0.31,0.397,200,179,24,42,8,0,7,23,2,1,18,50,0,2,0,1,4
readra01,Raudy,Read,2021,28,0.04,335,1.675,0.313,0.235,0.31,0.397,201,179,24,42,8,0,7,23,2,1,18,50,0,2,0,1,4
phegljo01,Josh,Phegley,2021,33,0.61,427,1.675,0.295,0.221,0.282,0.385,256,231,33,51,11,0,9,38,1,1,17,56,0,4,1,3,6
ruizri01,Rio,Ruiz,2021,27,0.78,822,1.674,0.31,0.227,0.301,0.402,491,440,55,100,21,1,18,64,3,2,46,112,1,2,1,3,11
nunezdo01,Dom,Nunez,2021,26,0.13,343,1.673,0.312,0.231,0.307,0.396,204,182,25,42,9,0,7,24,2,1,19,52,0,2,0,2,3
smithdw02,Dwight,Smith,2021,29,0.69,547,1.673,0.31,0.233,0.306,0.39,327,292,40,68,14,1,10,38,4,1,28,76,1,4,0,3,6
trumbma01,Mark,Trumbo,2021,35,0.5,339,1.67,0.316,0.239,0.305,0.413,203,184,23,44,8,0,8,24,1,0,16,50,0,2,0,1,5
tulowtr01,Troy,Tulowitzki,2021,37,0.04,334,1.67,0.312,0.23,0.31,0.393,201,178,24,41,8,0,7,23,2,1,19,50,0,2,0,1,4
sanchal04,Ali,Sanchez,2021,24,0.09,354,1.67,0.311,0.233,0.311,0.386,212,189,25,44,8,0,7,24,3,1,20,51,0,2,0,1,7
jonesta01,Taylor,Jones,2021,28,0.18,379,1.67,0.308,0.23,0.304,0.392,227,204,28,47,9,0,8,27,2,1,20,58,0,2,0,1,7
fieldjo04,Johnny,Field,2021,29,0.37,334,1.67,0.304,0.231,0.295,0.396,200,182,24,42,9,0,7,22,3,0,14,54,0,3,0,1,3
hernaya01,Yadiel,Hernandez,2021,34,0.22,389,1.67,0.303,0.224,0.292,0.395,234,210,27,47,12,0,8,31,2,1,19,66,0,2,0,2,3
guilllu01,Luis,Guillorme,2021,27,0.53,484,1.669,0.331,0.26,0.345,0.39,290,254,31,66,15,0,6,32,4,0,32,64,0,2,1,2,8
puellce01,Cesar,Puello,2021,30,0.38,377,1.668,0.324,0.242,0.332,0.389,228,198,26,48,8,0,7,26,2,0,20,56,1,7,2,1,4
courtry01,Ryan,Court,2021,33,0.08,337,1.668,0.31,0.232,0.307,0.392,202,181,23,42,8,0,7,25,2,1,18,53,0,2,0,1,4
fontano01,Nolan,Fontana,2021,30,0.03,332,1.668,0.31,0.23,0.307,0.393,200,178,24,41,8,0,7,23,2,1,18,50,0,2,0,1,4
mooread01,Adam,Moore,2021,37,0.05,332,1.668,0.31,0.23,0.307,0.393,200,178,24,41,8,0,7,23,2,1,18,51,0,2,1,1,4
herreod01,Odubel,Herrera,2021,30,0.66,355,1.667,0.313,0.242,0.305,0.407,214,194,23,47,9,1,7,25,2,1,16,48,1,2,0,1,3
rodriro03,Ronny,Rodriguez,2021,29,0.6,380,1.667,0.297,0.224,0.276,0.405,229,210,24,47,9,1,9,29,3,1,15,57,0,1,1,2,5
garcile02,Leury,Garcia,2021,30,0.77,558,1.666,0.306,0.262,0.307,0.383,339,313,43,82,12,1,8,32,7,2,18,77,0,3,3,1,4
taylobe04,Beau,Taylor,2021,31,0.1,338,1.665,0.315,0.229,0.315,0.391,203,179,24,41,8,0,7,23,2,1,20,49,0,3,0,1,3
gentrcr01,Craig,Gentry,2021,38,0.3,333,1.665,0.305,0.239,0.31,0.372,200,180,21,43,7,1,5,20,6,1,17,46,0,2,0,1,3
morofma01,Max,Moroff,2021,28,0.22,338,1.665,0.302,0.221,0.3,0.376,204,181,24,40,7,0,7,25,3,1,19,56,1,2,1,1,3
jankotr01,Travis,Jankowski,2021,30,0.55,373,1.665,0.296,0.231,0.312,0.337,223,199,28,46,7,1,4,17,10,3,22,51,0,2,1,1,4
ramoswi01,Wilson,Ramos,2021,34,0.81,734,1.664,0.325,0.26,0.324,0.41,442,400,44,104,18,0,14,56,2,0,35,85,2,4,0,2,14
alfarjo01,Jorge,Alfaro,2021,28,0.78,614,1.664,0.311,0.246,0.309,0.395,369,337,39,83,12,1,12,46,4,1,22,119,2,9,0,1,7
hillde01,Derek,Hill,2021,26,0.11,356,1.664,0.304,0.225,0.304,0.377,214,191,30,43,8,0,7,24,2,1,20,56,0,2,0,1,4
adamecr01,Cristhian,Adames,2021,30,0.07,336,1.663,0.317,0.244,0.322,0.389,202,180,24,44,8,0,6,23,2,1,19,50,0,2,0,1,4
peterja01,Jace,Peterson,2021,31,0.61,474,1.663,0.309,0.213,0.319,0.361,285,244,31,52,10,1,8,31,7,1,36,74,0,3,0,2,5
wisdopa01,Patrick,Wisdom,2021,30,0.21,341,1.663,0.303,0.224,0.302,0.377,205,183,25,41,7,0,7,24,3,1,18,56,0,3,1,1,3
youngch04,Chris,Young,2021,38,0.24,331,1.663,0.302,0.215,0.296,0.384,200,177,24,38,7,1,7,22,3,1,18,52,0,3,0,1,3
haselad01,Adam,Haseley,2021,25,0.64,555,1.662,0.32,0.258,0.329,0.385,337,299,38,77,17,0,7,42,3,0,27,76,1,6,3,2,9
nollja01,Jake,Noll,2021,27,0.18,369,1.662,0.32,0.255,0.324,0.395,222,200,27,51,10,0,6,24,2,1,19,54,0,2,0,1,5
pindech01,Chad,Pinder,2021,29,0.73,517,1.662,0.313,0.238,0.305,0.404,312,282,39,67,14,0,11,36,1,1,24,76,0,4,1,1,8
hermomi01,Michael,Hermosillo,2021,26,0.29,362,1.661,0.309,0.226,0.312,0.374,217,190,26,43,8,1,6,24,4,1,20,55,0,5,0,3,3
fordmi01,Mike,Ford,2021,29,0.58,530,1.661,0.304,0.209,0.295,0.394,319,282,37,59,13,0,13,41,2,0,30,68,1,5,0,2,7
martijo08,Jose,Martinez,2021,33,0.79,591,1.66,0.32,0.25,0.323,0.397,357,320,40,80,15,1,10,43,2,1,33,81,1,2,0,1,12
garciav01,Avisail,Garcia,2021,30,0.83,840,1.66,0.316,0.246,0.316,0.396,506,455,57,112,21,1,15,56,6,3,39,125,2,9,0,3,10
bostich01,Christopher,Bostick,2021,28,0.04,332,1.66,0.312,0.236,0.315,0.382,200,178,24,42,8,0,6,24,2,1,19,49,0,2,0,1,4
reynoma01,Mark,Reynolds,2021,38,0.53,357,1.66,0.31,0.218,0.307,0.388,216,188,23,41,8,0,8,28,2,0,23,62,0,2,0,2,5
tomasya01,Yasmany,Tomas,2021,31,0.02,332,1.66,0.309,0.229,0.305,0.391,201,179,24,41,8,0,7,23,2,1,18,50,0,2,0,1,4
madrini01,Nick,Madrigal,2021,24,0.53,554,1.659,0.33,0.286,0.347,0.385,334,304,34,87,12,0,6,38,5,2,23,54,0,6,0,1,10
valerbr01,Breyvic,Valera,2021,29,0.27,340,1.659,0.311,0.236,0.312,0.385,205,182,25,43,7,1,6,24,2,0,19,45,0,2,1,2,3
lamarry01,Ryan,LaMarre,2021,33,0.35,335,1.658,0.314,0.243,0.312,0.392,203,181,22,44,9,0,6,23,3,1,17,52,0,2,0,2,3
fowlede01,Dexter,Fowler,2021,35,0.79,630,1.658,0.311,0.221,0.318,0.37,381,330,46,73,13,0,12,44,5,2,43,97,0,5,0,2,5
gomezmi01,Miguel,Gomez,2021,29,0.04,330,1.658,0.309,0.236,0.312,0.382,200,178,25,42,8,0,6,23,2,1,18,49,0,2,0,1,4
leebr01,Braxton,Lee,2021,28,0.04,330,1.658,0.309,0.236,0.312,0.382,200,178,24,42,8,0,6,24,2,1,18,50,0,2,0,1,4
cruzto03,Tony,Cruz,2021,35,0.06,330,1.658,0.307,0.229,0.302,0.391,200,179,24,41,8,0,7,23,2,1,17,51,0,2,0,1,5
reinhja01,Jack,Reinheimer,2021,29,0.08,330,1.658,0.307,0.232,0.312,0.373,200,177,25,41,7,0,6,22,3,1,19,49,0,2,0,1,4
lopesti01,Tim,Lopes,2021,27,0.66,660,1.658,0.302,0.24,0.307,0.37,398,362,44,87,23,0,8,42,11,2,30,93,0,5,0,1,6
plaweke01,Kevin,Plawecki,2021,30,0.69,542,1.657,0.322,0.25,0.327,0.394,326,292,34,73,16,1,8,42,2,1,27,69,1,7,0,1,10
reyespa01,Pablo,Reyes,2021,28,0.41,358,1.657,0.306,0.232,0.306,0.381,216,194,27,45,9,1,6,26,2,1,19,50,0,2,0,1,3
andruel01,Elvis,Andrus,2021,33,0.81,663,1.657,0.296,0.243,0.297,0.368,401,367,48,89,17,1,9,39,12,3,27,69,0,3,0,3,10
markani01,Nick,Markakis,2021,38,0.83,692,1.656,0.324,0.259,0.33,0.396,419,374,48,97,25,1,8,51,2,1,39,68,2,2,0,3,11
espinsa01,Santiago,Espinal,2021,27,0.4,462,1.656,0.308,0.247,0.315,0.371,281,251,37,62,13,0,6,31,4,1,24,68,0,2,1,2,5
spangco01,Cory,Spangenberg,2021,30,0.54,346,1.656,0.305,0.233,0.301,0.386,210,189,24,44,7,2,6,21,4,1,17,62,0,2,1,1,4
fletcda02,David,Fletcher,2021,27,0.84,902,1.655,0.331,0.283,0.345,0.395,547,494,70,140,27,2,8,48,6,2,46,74,1,2,2,3,9
valenje01,Jesmuel,Valentin,2021,27,0.18,331,1.655,0.311,0.226,0.31,0.39,200,177,24,40,9,1,6,22,2,1,19,49,0,3,0,1,3
waldimi01,Mitch,Walding,2021,29,0.05,331,1.655,0.308,0.225,0.305,0.388,200,178,24,40,8,0,7,23,2,1,19,53,0,2,0,1,4
murphda08,Daniel,Murphy,2021,36,0.79,673,1.654,0.312,0.254,0.307,0.401,408,374,44,95,19,0,12,54,2,1,28,72,2,2,0,3,8
andrejo03,John,Andreoli,2021,31,0.14,329,1.653,0.309,0.236,0.312,0.382,200,178,23,42,8,0,6,22,3,1,18,50,0,2,0,1,4
bonifem01,Emilio,Bonifacio,2021,36,0.03,334,1.653,0.306,0.227,0.302,0.387,204,181,25,41,8,0,7,23,2,2,18,52,0,2,0,1,4
ruary01,Ryan,Rua,2021,31,0.27,329,1.653,0.296,0.221,0.286,0.387,200,181,24,40,7,1,7,22,3,1,15,55,0,2,1,1,3
broxtke01,Keon,Broxton,2021,31,0.5,367,1.653,0.285,0.202,0.284,0.354,223,198,27,40,7,1,7,22,7,3,21,75,0,2,0,1,4
schebsc01,Scott,Schebler,2021,31,0.58,347,1.652,0.312,0.227,0.314,0.384,210,185,26,42,8,0,7,23,2,1,21,51,0,3,0,1,4
obriepe04,Peter,O'Brien,2021,31,0.25,337,1.652,0.311,0.231,0.309,0.39,205,182,23,42,8,0,7,24,2,0,19,55,0,2,0,1,5
mathima01,Mark,Mathias,2021,27,0.27,403,1.652,0.306,0.247,0.307,0.381,244,223,27,55,12,0,6,29,4,1,18,56,0,2,0,1,3
hernace02,Cesar,Hernandez,2021,31,0.87,964,1.651,0.325,0.261,0.337,0.386,585,521,73,136,27,1,12,55,7,2,56,122,2,5,1,2,9
longoev01,Evan,Longoria,2021,36,0.84,834,1.651,0.309,0.239,0.297,0.404,507,460,57,110,21,2,17,62,3,1,34,111,1,6,0,5,16
beckhti01,Tim,Beckham,2021,31,0.68,383,1.651,0.307,0.231,0.293,0.41,233,212,27,49,11,0,9,27,1,1,17,63,0,2,0,1,5
mullice01,Cedric,Mullins,2021,27,0.7,644,1.651,0.304,0.24,0.308,0.376,395,354,45,85,13,4,9,35,10,3,30,91,0,5,5,1,4
bautijo02,Jose,Bautista,2021,41,0.5,330,1.65,0.314,0.212,0.325,0.365,200,170,25,36,8,0,6,23,2,1,26,54,1,3,0,1,2
valaipa01,Pat,Valaika,2021,29,0.68,645,1.65,0.308,0.237,0.297,0.407,393,359,52,85,14,1,15,38,2,2,29,99,0,2,2,1,8
torrera01,Ramon,Torres,2021,28,0.07,330,1.65,0.308,0.235,0.31,0.38,200,179,25,42,8,0,6,23,2,1,18,46,0,2,0,1,4
willima07,Mason,Williams,2021,30,0.31,333,1.649,0.317,0.253,0.322,0.39,203,182,23,46,8,1,5,20,3,1,17,47,1,2,1,1,4
healyry01,Ryon,Healy,2021,29,0.67,376,1.649,0.306,0.231,0.289,0.409,227,208,25,48,10,0,9,29,1,0,16,52,0,2,0,2,6
smithke04,Kevan,Smith,2021,33,0.61,440,1.648,0.32,0.248,0.326,0.391,267,238,29,59,13,0,7,32,2,0,23,55,0,5,0,1,7
castrst01,Starlin,Castro,2021,31,0.82,565,1.647,0.316,0.261,0.306,0.415,345,318,39,83,15,2,10,37,2,1,21,67,1,1,0,3,9
simmoan01,Andrelton,Simmons,2021,32,0.81,654,1.647,0.31,0.265,0.32,0.374,398,366,48,97,17,1,7,42,7,1,27,52,1,3,0,1,14
martile01,Leonys,Martin,2021,33,0.64,372,1.646,0.306,0.228,0.305,0.381,226,202,28,46,8,1,7,21,4,2,20,58,0,3,1,1,2
naquity01,Tyler,Naquin,2021,30,0.74,660,1.646,0.303,0.243,0.292,0.399,402,371,46,90,20,1,12,50,3,2,23,102,1,4,1,3,8
ravelra01,Rangel,Ravelo,2021,29,0.36,418,1.646,0.303,0.219,0.295,0.384,254,224,30,49,10,0,9,33,2,1,24,58,0,2,0,4,4
kozmape01,Pete,Kozma,2021,33,0.15,326,1.646,0.303,0.229,0.298,0.385,200,179,24,41,8,1,6,23,2,1,16,48,0,2,1,1,4
szczuma01,Matt,Szczur,2021,32,0.17,329,1.645,0.303,0.225,0.305,0.371,200,178,25,40,8,0,6,22,3,1,19,50,0,2,1,1,4
stubbga01,Garrett,Stubbs,2021,28,0.19,352,1.645,0.298,0.225,0.299,0.366,216,191,29,43,9,0,6,24,3,2,19,47,0,2,1,2,4
cabreme01,Melky,Cabrera,2021,37,0.67,393,1.644,0.314,0.259,0.314,0.395,240,220,26,57,12,0,6,29,2,0,16,39,1,2,0,1,7
brantro01,Rob,Brantly,2021,32,0.03,332,1.644,0.306,0.227,0.302,0.387,204,181,24,41,8,0,7,23,2,1,18,49,0,2,0,1,4
mateojo01,Jorge,Mateo,2021,26,0.22,383,1.644,0.296,0.224,0.296,0.367,234,210,30,47,12,0,6,26,4,1,20,62,0,2,2,1,5
mercaos01,Oscar,Mercado,2021,27,0.72,592,1.644,0.29,0.226,0.286,0.366,362,328,44,74,14,1,10,38,9,2,26,81,0,3,3,3,5
alberha01,Hanser,Alberto,2021,29,0.81,879,1.643,0.313,0.273,0.312,0.395,538,501,69,137,26,1,11,53,6,2,24,80,0,6,3,4,11
kipnija01,Jason,Kipnis,2021,34,0.82,682,1.643,0.311,0.23,0.311,0.385,417,366,44,84,19,1,12,50,5,1,41,93,1,4,1,4,5
osunajo01,Jose,Osuna,2021,29,0.67,539,1.643,0.303,0.232,0.287,0.407,329,302,39,70,17,0,12,40,1,1,22,68,0,2,0,2,6
janseda01,Danny,Jansen,2021,26,0.75,683,1.642,0.308,0.212,0.308,0.38,418,363,50,77,14,1,15,51,2,1,45,91,0,6,3,2,6
milleia01,Ian,Miller,2021,29,0.05,330,1.642,0.306,0.233,0.308,0.378,202,180,25,42,8,0,6,23,2,1,18,48,0,2,0,1,4
zobribe01,Ben,Zobrist,2021,40,0.65,356,1.641,0.33,0.263,0.346,0.384,218,190,27,50,9,1,4,23,1,1,23,37,0,2,0,2,5
neusesh01,Sheldon,Neuse,2021,27,0.17,338,1.641,0.311,0.239,0.311,0.386,206,184,23,44,9,0,6,25,2,1,18,52,0,2,0,2,4
wrighda03,David,Wright,2021,39,0.01,325,1.641,0.306,0.232,0.308,0.379,200,177,24,41,8,0,6,23,2,1,18,49,0,2,0,1,4
baronst01,Steven,Baron,2021,31,0.04,328,1.64,0.308,0.235,0.31,0.38,201,179,24,42,8,0,6,23,2,1,18,52,0,2,0,1,4
dixonbr01,Brandon,Dixon,2021,29,0.65,423,1.64,0.299,0.228,0.283,0.401,259,237,27,54,12,1,9,31,3,1,17,77,0,2,0,2,4
arauzjo01,Jonathan,Arauz,2021,23,0.45,490,1.639,0.316,0.248,0.328,0.376,298,266,35,66,10,0,8,36,2,1,30,72,0,2,0,1,4
davisja03,Jaylin,Davis,2021,27,0.22,359,1.639,0.301,0.223,0.297,0.381,219,197,26,44,7,0,8,24,3,2,18,57,0,3,0,1,4
negrokr01,Kristopher,Negron,2021,35,0.26,341,1.639,0.3,0.234,0.303,0.367,208,188,27,44,7,0,6,23,3,1,17,55,1,2,0,1,4
vanmejo01,Josh,VanMeter,2021,26,0.63,531,1.639,0.299,0.21,0.299,0.371,323,286,40,60,14,1,10,32,6,1,32,80,0,5,0,1,5
dysonja01,Jarrod,Dyson,2021,37,0.74,531,1.639,0.274,0.21,0.29,0.307,326,290,42,61,8,1,6,25,17,2,31,66,1,2,1,1,3
telisto01,Tomas,Telis,2021,30,0.07,326,1.638,0.309,0.236,0.312,0.382,200,178,24,42,8,0,6,22,2,1,18,49,0,2,0,1,4
petitgr01,Gregorio,Petit,2021,37,0.14,326,1.638,0.305,0.23,0.307,0.376,200,178,24,41,8,0,6,21,3,1,18,49,0,2,0,1,3
cronke01,Kevin,Cron,2021,28,0.32,380,1.638,0.3,0.209,0.293,0.383,232,206,27,43,9,0,9,28,2,1,19,64,0,6,0,1,4
smoakju01,Justin,Smoak,2021,35,0.82,673,1.637,0.316,0.209,0.314,0.395,412,354,45,74,18,0,16,49,1,0,50,108,1,5,0,2,9
doziebr01,Brian,Dozier,2021,34,0.77,437,1.637,0.309,0.218,0.311,0.38,268,234,31,51,11,0,9,29,3,1,30,61,1,2,0,1,6
kiebosp01,Spencer,Kieboom,2021,30,0.26,327,1.635,0.311,0.232,0.315,0.379,200,177,24,41,8,0,6,22,2,0,20,46,0,2,0,1,4
johnssh01,Sherman,Johnson,2021,31,0.03,327,1.635,0.307,0.23,0.31,0.376,200,178,24,41,8,0,6,23,2,1,18,49,0,3,0,1,4
castiwi01,Wilkin,Castillo,2021,37,0.02,327,1.635,0.303,0.229,0.305,0.374,201,179,24,41,8,0,6,24,2,1,18,50,0,2,0,1,4
gamelbe01,Ben,Gamel,2021,29,0.76,637,1.633,0.32,0.243,0.328,0.388,391,345,47,84,19,2,9,36,4,3,41,105,1,3,0,1,6
shawtr01,Travis,Shaw,2021,31,0.81,730,1.633,0.315,0.22,0.313,0.396,448,391,48,86,18,0,17,49,3,1,50,114,2,4,0,2,8
beltrad01,Adrian,Beltre,2021,42,0.55,325,1.633,0.313,0.246,0.312,0.391,200,179,22,44,8,0,6,25,1,0,16,46,1,2,0,2,5
descada01,Daniel,Descalso,2021,35,0.63,356,1.633,0.311,0.218,0.317,0.372,219,188,26,41,9,1,6,25,2,1,27,59,0,1,0,2,3
butleda01,Dan,Butler,2021,35,0.02,325,1.633,0.306,0.232,0.307,0.379,200,177,24,41,8,0,6,23,2,1,18,49,0,2,0,2,4
kellyty01,Ty,Kelly,2021,33,0.03,325,1.633,0.305,0.23,0.307,0.376,200,178,24,41,8,0,6,23,2,1,18,48,0,2,0,1,4
snydebr03,Brandon,Snyder,2021,35,0.01,325,1.633,0.305,0.23,0.307,0.376,200,178,24,41,8,0,6,23,2,1,18,49,0,2,0,1,4
navaref01,Efren,Navarro,2021,35,0.01,325,1.633,0.305,0.23,0.307,0.376,200,178,24,41,8,0,6,23,2,1,18,50,0,2,0,1,4
maxwebr01,Bruce,Maxwell,2021,31,0.13,325,1.633,0.303,0.229,0.302,0.38,200,179,24,41,9,0,6,23,2,1,17,48,0,2,0,1,5
alvared01,Eddy,Alvarez,2021,31,0.29,408,1.632,0.298,0.224,0.304,0.359,250,223,32,50,9,0,7,25,5,1,22,71,0,4,0,1,3
robindr01,Drew,Robinson,2021,29,0.25,328,1.632,0.298,0.219,0.303,0.36,201,178,27,39,7,0,6,21,3,1,20,59,0,2,0,1,3
inciaen01,Ender,Inciarte,2021,31,0.79,625,1.632,0.296,0.232,0.308,0.343,384,341,48,79,13,2,7,37,11,4,35,71,1,4,1,3,3
cabremi01,Miguel,Cabrera,2021,38,0.82,874,1.631,0.32,0.249,0.325,0.392,538,477,55,119,17,0,17,67,2,0,52,120,3,3,0,4,13
gutieke01,Kelvin,Gutierrez,2021,27,0.28,362,1.631,0.31,0.234,0.315,0.376,222,197,23,46,8,1,6,26,3,1,22,60,0,2,0,1,4
martini02,Nick,Martini,2021,31,0.45,342,1.629,0.323,0.245,0.333,0.386,211,184,25,45,9,1,5,22,1,0,22,49,0,3,0,1,2
deshide02,Delino,DeShields,2021,29,0.78,619,1.629,0.297,0.236,0.316,0.336,388,339,43,80,13,3,5,31,15,4,37,93,0,3,6,1,4
valenda01,Danny,Valencia,2021,37,0.41,324,1.628,0.31,0.24,0.307,0.391,200,179,22,43,7,1,6,22,2,1,17,45,1,1,0,2,5
olivaed02,Edward,Olivares,2021,25,0.51,526,1.628,0.306,0.241,0.3,0.393,324,295,36,71,11,2,10,36,3,3,23,78,0,3,0,2,5
phillbr01,Brandon,Phillips,2021,40,0.06,324,1.628,0.303,0.22,0.302,0.379,200,177,24,39,7,0,7,22,2,1,19,50,0,2,0,1,4
jonesad01,Adam,Jones,2021,36,0.77,410,1.627,0.309,0.253,0.306,0.395,253,233,28,59,12,0,7,29,2,1,15,49,1,3,0,1,7
kangju01,Jung Ho,Kang,2021,34,0.39,353,1.627,0.294,0.208,0.276,0.396,218,197,23,41,8,1,9,26,2,0,17,61,0,2,0,1,4
roberda10,Daniel,Robertson,2021,27,0.65,413,1.626,0.324,0.242,0.343,0.37,253,219,31,53,10,0,6,26,2,1,28,61,0,6,0,1,6
engelad01,Adam,Engel,2021,30,0.75,548,1.626,0.303,0.245,0.303,0.381,339,310,38,76,14,2,8,34,6,3,20,90,0,6,2,1,4
darnach01,Chase,d'Arnaud,2021,34,0.2,322,1.626,0.299,0.229,0.298,0.374,200,179,23,41,8,0,6,22,3,1,16,54,0,2,1,1,3
stassma01,Max,Stassi,2021,30,0.69,559,1.625,0.312,0.225,0.308,0.391,343,302,36,68,11,0,13,42,2,0,33,89,0,5,0,4,10
galvifr01,Freddy,Galvis,2021,32,0.84,736,1.625,0.306,0.237,0.298,0.396,454,414,50,98,19,1,15,50,4,2,32,105,1,5,0,2,10
stewach01,Chris,Stewart,2021,39,0.04,325,1.625,0.305,0.23,0.305,0.376,200,178,24,41,8,0,6,23,2,1,18,48,0,2,0,2,5
reedmi02,Michael,Reed,2021,29,0.04,325,1.625,0.303,0.229,0.305,0.374,201,179,24,41,8,0,6,23,2,1,18,52,0,2,0,1,4
joeco01,Connor,Joe,2021,29,0.05,325,1.625,0.303,0.229,0.305,0.374,202,179,24,41,8,0,6,23,2,1,18,49,0,2,0,1,4
tejadru01,Ruben,Tejada,2021,32,0.03,325,1.625,0.303,0.229,0.305,0.374,201,179,24,41,8,0,6,23,2,1,18,49,0,2,0,1,4
gimench01,Chris,Gimenez,2021,39,0.14,325,1.625,0.302,0.226,0.305,0.367,200,177,23,40,7,0,6,23,3,1,18,50,0,3,0,2,4
guyerbr01,Brandon,Guyer,2021,35,0.36,325,1.625,0.302,0.22,0.305,0.367,200,177,24,39,8,0,6,24,2,1,17,48,0,5,0,1,4
waltodo01,Donovan,Walton,2021,27,0.17,354,1.624,0.302,0.227,0.307,0.366,219,194,25,44,9,0,6,28,2,2,21,55,0,2,0,1,5
martija03,Jason,Martin,2021,26,0.2,354,1.624,0.3,0.223,0.307,0.358,218,193,29,43,8,0,6,23,3,1,22,54,0,2,0,1,3
kempto01,Tony,Kemp,2021,30,0.74,594,1.623,0.313,0.233,0.325,0.363,367,317,45,74,15,1,8,33,7,3,38,66,1,7,2,4,5
frazito01,Todd,Frazier,2021,35,0.82,745,1.623,0.308,0.227,0.305,0.388,460,410,52,93,19,1,15,50,4,2,38,110,1,9,0,2,7
fernajo03,Jose,Fernandez,2021,33,0.24,323,1.623,0.308,0.239,0.307,0.389,200,180,22,43,9,0,6,22,2,0,16,43,0,2,0,1,4
herredi01,Dilson,Herrera,2021,27,0.23,336,1.623,0.305,0.223,0.304,0.38,208,184,24,41,8,0,7,23,2,1,18,59,0,4,0,1,3
wilkest01,Stevie,Wilkerson,2021,29,0.57,383,1.623,0.302,0.225,0.297,0.385,236,213,27,48,11,1,7,25,3,1,18,66,0,4,0,1,4
castrda01,Daniel,Castro,2021,29,0.11,323,1.623,0.301,0.229,0.302,0.374,200,179,23,41,8,0,6,24,2,1,17,46,1,2,0,1,4
fraziad01,Adam,Frazier,2021,30,0.84,876,1.622,0.314,0.249,0.317,0.392,543,490,65,122,24,2,14,53,4,4,42,90,1,7,2,1,7
hollima01,Matt,Holliday,2021,41,0.14,321,1.621,0.314,0.234,0.318,0.383,200,175,22,41,8,0,6,21,2,1,20,51,0,2,0,1,3
willini01,Nick,Williams,2021,28,0.6,342,1.621,0.306,0.23,0.303,0.387,211,191,24,44,7,1,7,22,2,1,16,56,1,4,0,0,3
deanau01,Austin,Dean,2021,28,0.5,368,1.621,0.305,0.229,0.3,0.39,227,205,26,47,12,0,7,25,2,1,19,54,1,2,0,1,4
whitety01,Tyler,White,2021,31,0.6,371,1.62,0.319,0.23,0.319,0.395,228,200,23,46,10,1,7,27,1,0,25,57,0,2,0,2,4
naylojo01,Josh,Naylor,2021,24,0.66,575,1.62,0.312,0.248,0.315,0.385,354,322,43,80,15,1,9,36,3,1,29,70,1,3,0,1,6
grandcu01,Curtis,Granderson,2021,40,0.69,379,1.62,0.308,0.21,0.303,0.39,236,205,30,43,11,1,8,23,1,1,26,64,0,2,0,1,3
mesorde01,Devin,Mesoraco,2021,33,0.41,324,1.62,0.308,0.225,0.305,0.388,200,178,22,40,8,0,7,24,1,0,18,45,1,3,0,1,5
heinesc01,Scott,Heineman,2021,29,0.45,444,1.62,0.282,0.209,0.277,0.357,274,249,32,52,13,0,8,32,6,1,22,64,0,2,0,1,6
crawfbr01,Brandon,Crawford,2021,34,0.84,795,1.619,0.311,0.235,0.31,0.388,492,438,56,103,23,1,14,56,3,3,43,114,4,6,0,4,9
calhowi01,Willie,Calhoun,2021,27,0.71,594,1.619,0.305,0.234,0.294,0.396,366,333,38,78,13,1,13,46,2,0,26,70,0,4,0,4,5
trevijo01,Jose,Trevino,2021,29,0.56,505,1.619,0.302,0.241,0.292,0.392,314,286,39,69,19,0,8,36,2,0,19,69,0,3,2,4,7
bricejo01,Jose,Briceno,2021,29,0.28,335,1.618,0.313,0.238,0.314,0.389,208,185,23,44,7,0,7,21,2,1,18,51,0,3,1,1,4
bourju01,Justin,Bour,2021,33,0.65,351,1.618,0.31,0.213,0.313,0.378,217,188,23,40,7,0,8,27,1,0,26,57,1,2,0,1,5
castiwe01,Welington,Castillo,2021,34,0.56,364,1.618,0.305,0.225,0.293,0.402,225,204,22,46,9,0,9,28,1,0,17,61,0,3,0,1,6
perazjo01,Jose,Peraza,2021,27,0.81,623,1.618,0.304,0.251,0.304,0.38,387,355,44,89,18,2,8,35,8,3,21,61,1,7,1,2,8
saltaja01,Jarrod,Saltalamacchia,2021,36,0.02,322,1.618,0.3,0.225,0.302,0.371,200,178,24,40,8,0,6,23,2,1,18,50,0,2,0,1,4
souzast01,Steven,Souza,2021,32,0.5,385,1.618,0.299,0.218,0.303,0.365,238,211,25,46,11,1,6,28,4,1,24,69,0,2,0,1,3
blashja01,Jabari,Blash,2021,32,0.1,322,1.618,0.299,0.22,0.302,0.367,200,177,24,39,8,0,6,21,3,1,19,55,0,2,0,1,3
wadela01,LaMonte,Wade,2021,27,0.4,422,1.617,0.316,0.231,0.322,0.384,261,229,30,53,12,1,7,24,3,2,27,57,0,4,0,1,3
schwifr01,Frank,Schwindel,2021,29,0.05,325,1.617,0.302,0.228,0.303,0.372,202,180,24,41,8,0,6,23,2,1,18,48,0,2,0,1,4
travide01,Devon,Travis,2021,30,0.49,325,1.617,0.299,0.23,0.294,0.383,200,183,23,42,8,1,6,23,2,1,14,42,0,3,0,1,4
lagarju01,Juan,Lagares,2021,32,0.53,367,1.617,0.294,0.229,0.3,0.356,228,205,29,47,9,1,5,24,4,1,19,57,2,2,1,1,6
olivaja01,Jared,Oliva,2021,26,0.14,354,1.616,0.301,0.234,0.306,0.365,220,197,25,46,8,0,6,23,4,1,19,56,0,2,0,1,3
pujolal01,Albert,Pujols,2021,41,0.83,732,1.616,0.296,0.225,0.283,0.391,454,414,45,93,18,0,17,64,2,0,32,76,1,3,0,4,13
younger03,Eric,Young,2021,36,0.23,320,1.616,0.293,0.223,0.293,0.363,200,179,23,40,8,1,5,21,4,1,16,49,0,2,0,1,5
sierrmo01,Moises,Sierra,2021,33,0.13,323,1.615,0.301,0.225,0.3,0.371,200,178,23,40,8,0,6,22,3,1,17,51,0,3,0,2,4
perezhe01,Hernan,Perez,2021,30,0.63,373,1.615,0.294,0.234,0.286,0.383,232,214,26,50,9,1,7,21,5,1,15,57,0,1,1,1,5
orfna01,Nate,Orf,2021,31,0.12,336,1.615,0.294,0.215,0.293,0.366,208,186,26,40,7,0,7,22,3,1,18,51,0,3,0,1,4
saladty01,Tyler,Saladino,2021,32,0.37,331,1.615,0.294,0.222,0.293,0.368,207,185,23,41,6,0,7,24,3,1,17,57,0,2,1,1,4
russead02,Addison,Russell,2021,27,0.66,360,1.614,0.314,0.245,0.318,0.385,224,200,26,49,8,1,6,22,2,0,20,51,1,2,0,1,4
chiriro01,Robinson,Chirinos,2021,37,0.77,553,1.612,0.309,0.212,0.309,0.377,344,297,37,63,14,1,11,42,2,1,34,100,0,9,1,3,10
grateju01,Juan,Graterol,2021,32,0.08,324,1.612,0.305,0.233,0.308,0.372,202,180,24,42,7,0,6,22,2,1,18,48,0,2,0,1,4
parkeja03,Jarrett,Parker,2021,32,0.05,324,1.612,0.305,0.225,0.308,0.371,202,178,24,40,8,0,6,22,2,1,20,52,0,2,0,1,4
heimjo01,Jonah,Heim,2021,26,0.29,403,1.612,0.301,0.232,0.308,0.362,250,224,31,52,8,0,7,30,2,1,23,50,0,2,0,1,5
gomezca01,Carlos,Gomez,2021,36,0.57,337,1.612,0.296,0.211,0.297,0.362,210,185,23,39,8,1,6,20,5,1,16,55,0,7,1,1,4
reddijo01,Josh,Reddick,2021,34,0.84,821,1.61,0.309,0.243,0.31,0.385,511,460,57,112,19,2,14,54,5,1,45,94,1,1,1,4,10
jacksal02,Alex,Jackson,2021,26,0.11,338,1.61,0.307,0.234,0.31,0.378,210,188,24,44,9,0,6,23,2,1,18,55,1,3,0,1,6
gosseph01,Philip,Gosselin,2021,33,0.57,533,1.61,0.304,0.235,0.308,0.372,332,298,41,70,14,0,9,38,2,0,30,85,2,2,0,1,8
castrha01,Harold,Castro,2021,28,0.64,486,1.609,0.319,0.279,0.325,0.393,303,280,32,78,12,1,6,31,3,1,19,70,0,1,1,2,5
shawch01,Chris,Shaw,2021,28,0.18,325,1.609,0.303,0.223,0.307,0.369,202,179,21,40,8,0,6,23,3,1,20,54,0,2,0,1,3
johnsda07,Daniel,Johnson,2021,26,0.12,346,1.609,0.302,0.224,0.302,0.375,216,192,25,43,8,0,7,24,2,1,20,55,2,2,0,1,4
centeju01,Juan,Centeno,2021,32,0.13,325,1.609,0.298,0.222,0.302,0.361,202,180,23,40,7,0,6,23,3,1,18,47,0,3,0,1,4
kineris01,Isiah,Kiner-Falefa,2021,26,0.8,804,1.608,0.309,0.257,0.32,0.367,502,455,59,117,17,3,9,41,11,5,37,92,0,6,1,2,14
ohearry01,Ryan,O'Hearn,2021,28,0.75,640,1.608,0.309,0.215,0.307,0.387,398,349,38,75,16,1,14,50,2,1,45,105,2,2,0,2,9
garnedu01,Dustin,Garneau,2021,34,0.45,423,1.608,0.304,0.216,0.308,0.368,266,231,31,50,9,1,8,30,2,0,27,69,0,4,2,1,5
lobatjo01,Jose,Lobaton,2021,37,0.12,320,1.608,0.303,0.22,0.302,0.379,200,177,22,39,8,1,6,22,2,1,19,50,0,2,0,1,4
bonifjo01,Jorge,Bonifacio,2021,28,0.63,508,1.608,0.302,0.23,0.304,0.371,317,283,35,65,14,1,8,41,2,1,27,83,0,4,0,2,5
marjami01,Mike,Marjama,2021,32,0.07,320,1.608,0.302,0.225,0.302,0.376,200,178,23,40,9,0,6,22,2,1,18,48,0,2,0,1,4
ngoepgi01,Gift,Ngoepe,2021,31,0.05,320,1.608,0.3,0.225,0.302,0.371,200,178,24,40,8,0,6,22,2,1,18,52,0,2,0,1,4
robinsh01,Shane,Robinson,2021,37,0.12,320,1.608,0.294,0.219,0.296,0.36,200,178,25,39,7,0,6,21,3,1,18,46,0,2,1,1,4
riverre01,Rene,Rivera,2021,38,0.25,331,1.607,0.301,0.226,0.296,0.382,207,186,23,42,8,0,7,23,2,1,17,59,0,2,0,1,4
longsh01,Shed,Long,2021,26,0.65,601,1.607,0.296,0.217,0.294,0.372,374,336,40,73,17,1,11,36,8,2,35,96,0,2,0,1,4
willima08,Mac,Williamson,2021,31,0.43,344,1.607,0.293,0.211,0.294,0.358,214,190,25,40,7,0,7,25,3,1,21,57,0,2,0,1,4
toroab01,Abraham,Toro,2021,25,0.56,527,1.607,0.291,0.206,0.293,0.354,328,291,43,60,11,1,10,36,4,2,24,76,0,12,0,1,5
freemmi01,Mike,Freeman,2021,34,0.53,432,1.606,0.314,0.245,0.323,0.371,274,237,33,58,12,0,6,29,2,1,25,73,0,4,3,3,3
ellisaj01,A. J.,Ellis,2021,40,0.31,318,1.606,0.312,0.236,0.323,0.368,200,174,23,41,8,0,5,21,2,0,21,48,1,2,1,1,3
wardta01,Taylor,Ward,2021,28,0.61,530,1.606,0.304,0.236,0.309,0.37,330,297,42,70,15,2,7,29,5,0,29,92,0,3,0,1,4
montemi01,Miguel,Montero,2021,38,0.03,318,1.606,0.302,0.226,0.303,0.373,200,177,23,40,8,0,6,22,2,1,18,50,1,2,0,1,4
vargail01,Ildemaro,Vargas,2021,30,0.57,461,1.606,0.299,0.235,0.289,0.39,287,264,34,62,10,2,9,31,2,0,19,55,0,2,0,2,7
kingesc01,Scott,Kingery,2021,27,0.81,644,1.606,0.295,0.224,0.287,0.383,402,366,47,82,20,1,12,37,7,2,29,109,1,4,1,2,4
barrefr02,Franklin,Barreto,2021,25,0.4,387,1.606,0.273,0.204,0.266,0.348,240,221,32,45,8,0,8,29,4,0,15,75,0,4,0,1,4
caratvi01,Victor,Caratini,2021,28,0.74,626,1.605,0.318,0.244,0.328,0.378,389,344,41,84,16,0,10,46,2,1,36,89,1,8,1,2,9
iannech01,Chris,Iannetta,2021,38,0.59,345,1.605,0.312,0.219,0.316,0.38,216,187,24,41,9,0,7,24,1,0,24,59,2,3,0,1,7
cuevano01,Noel,Cuevas,2021,30,0.28,321,1.605,0.302,0.232,0.3,0.381,200,181,23,42,7,1,6,21,2,0,16,44,1,2,0,1,3
galero01,Rocky,Gale,2021,33,0.05,321,1.605,0.3,0.228,0.3,0.372,202,180,24,41,8,0,6,22,2,1,17,52,0,2,0,1,4
mejiaer01,Erick,Mejia,2021,27,0.2,353,1.605,0.293,0.219,0.295,0.357,221,196,26,43,9,0,6,24,4,1,20,58,0,2,1,2,4
swihabl01,Blake,Swihart,2021,29,0.46,337,1.605,0.29,0.221,0.29,0.358,210,190,27,42,8,0,6,23,3,1,17,58,0,2,0,1,4
siscoch01,Chance,Sisco,2021,26,0.7,592,1.604,0.322,0.217,0.333,0.377,368,313,41,68,14,0,12,37,2,1,41,110,0,14,0,1,6
gallaca01,Cam,Gallagher,2021,29,0.56,457,1.604,0.312,0.242,0.316,0.383,288,256,36,62,15,0,7,27,2,1,25,63,0,3,2,1,5
alonsyo01,Yonder,Alonso,2021,34,0.72,375,1.603,0.304,0.222,0.303,0.377,234,207,26,46,8,0,8,29,1,0,23,53,1,2,0,2,6
adducji02,Jim,Adduci,2021,36,0.32,319,1.603,0.298,0.236,0.296,0.374,200,182,23,43,8,1,5,23,2,0,14,51,0,2,1,1,3
colonch01,Christian,Colon,2021,32,0.21,367,1.603,0.289,0.218,0.293,0.35,230,206,28,45,9,0,6,26,4,1,19,51,0,3,0,1,5
hundlni01,Nick,Hundley,2021,38,0.5,333,1.601,0.302,0.228,0.293,0.392,207,189,23,43,8,1,7,21,2,1,16,55,1,2,0,1,7
gonzaad01,Adrian,Gonzalez,2021,39,0.32,317,1.601,0.301,0.23,0.303,0.371,200,178,21,41,7,0,6,24,2,0,17,46,1,2,0,1,4
narvaom01,Omar,Narvaez,2021,29,0.79,645,1.6,0.323,0.241,0.333,0.388,403,353,43,85,13,0,13,42,1,1,44,95,1,5,0,1,5
ervinph01,Phil,Ervin,2021,29,0.71,536,1.6,0.306,0.227,0.313,0.366,335,295,39,67,13,2,8,32,5,1,33,82,0,5,0,2,6
mccarjo04,Joe,McCarthy,2021,27,0.09,339,1.599,0.295,0.22,0.292,0.372,212,191,25,42,8,0,7,24,2,1,18,55,0,2,0,1,4
mahtomi01,Mikie,Mahtook,2021,32,0.41,323,1.599,0.294,0.211,0.287,0.372,202,180,22,38,6,1,7,22,3,1,18,53,0,2,0,2,3
velazan01,Andrew,Velazquez,2021,27,0.47,467,1.599,0.284,0.205,0.295,0.329,297,258,40,53,10,2,6,25,8,3,31,81,0,2,5,1,6
sandopa01,Pablo,Sandoval,2021,35,0.72,548,1.598,0.305,0.235,0.3,0.389,345,311,36,73,15,0,11,40,2,0,27,79,1,3,1,2,10
garliky01,Kyle,Garlick,2021,29,0.29,374,1.598,0.299,0.224,0.299,0.371,233,210,26,47,10,0,7,28,2,1,19,62,1,4,0,1,3
pinama01,Manny,Pina,2021,34,0.65,436,1.597,0.311,0.23,0.308,0.391,273,243,27,56,10,1,9,30,2,0,22,65,1,6,0,2,5
whiteev01,Evan,White,2021,25,0.67,717,1.597,0.292,0.205,0.285,0.372,448,400,48,82,16,0,17,56,4,3,42,150,0,4,0,3,7
changyu01,Yu,Chang,2021,26,0.29,359,1.596,0.307,0.223,0.316,0.365,224,197,26,44,8,1,6,24,2,1,25,56,0,2,0,1,8
severpe01,Pedro,Severino,2021,28,0.78,720,1.596,0.306,0.233,0.31,0.374,452,404,47,94,16,1,13,52,4,1,41,103,1,5,1,1,8
sanchad01,Adrian,Sanchez,2021,31,0.2,324,1.596,0.302,0.239,0.305,0.37,203,184,25,44,7,1,5,21,2,1,16,48,0,2,0,1,3
rodrise01,Sean,Rodriguez,2021,36,0.51,364,1.596,0.3,0.21,0.303,0.365,230,200,29,42,8,1,7,23,2,1,24,68,0,3,1,1,3
mccanbr01,Brian,McCann,2021,37,0.61,370,1.595,0.311,0.23,0.31,0.382,232,204,24,47,7,0,8,28,1,0,22,48,0,3,0,3,6
hernama02,Marco,Hernandez,2021,29,0.34,343,1.595,0.302,0.24,0.302,0.378,216,196,26,47,9,0,6,22,2,1,15,54,0,3,1,1,3
bemboan01,Anthony,Bemboom,2021,31,0.44,440,1.594,0.3,0.213,0.297,0.373,279,244,34,52,9,0,10,29,2,2,25,71,0,5,3,2,4
holtbr01,Brock,Holt,2021,33,0.75,572,1.593,0.315,0.249,0.329,0.366,360,317,42,79,17,1,6,36,4,2,34,80,1,5,0,3,7
herrmch01,Chris,Herrmann,2021,34,0.35,333,1.593,0.305,0.226,0.306,0.376,209,186,23,42,8,1,6,22,2,0,20,56,0,2,1,1,4
dendema01,Matt,den Dekker,2021,34,0.05,317,1.593,0.297,0.22,0.296,0.367,200,177,23,39,8,0,6,23,2,1,18,51,0,2,0,2,4
rominau01,Austin,Romine,2021,33,0.74,618,1.593,0.294,0.241,0.289,0.377,390,361,43,87,16,0,11,51,2,1,23,107,0,2,1,2,10
nidoto01,Tomas,Nido,2021,27,0.49,392,1.593,0.292,0.223,0.289,0.371,246,224,27,50,9,0,8,31,2,0,19,62,1,2,1,1,7
torrelu01,Luis,Torrens,2021,25,0.46,471,1.591,0.316,0.245,0.321,0.389,297,265,31,65,14,0,8,30,2,1,28,67,0,2,1,1,5
hechaad01,Adeiny,Hechavarria,2021,32,0.69,474,1.591,0.297,0.238,0.295,0.374,299,273,37,65,13,0,8,31,3,1,21,65,1,2,1,2,6
rickajo01,Joey,Rickard,2021,30,0.56,361,1.59,0.301,0.227,0.304,0.369,226,203,25,46,9,1,6,21,4,1,20,56,0,3,0,1,3
torrero01,Ronald,Torreyes,2021,29,0.28,334,1.59,0.301,0.24,0.3,0.38,210,192,25,46,10,1,5,21,2,0,15,45,0,2,0,1,5
kinslia01,Ian,Kinsler,2021,39,0.69,361,1.59,0.295,0.223,0.291,0.374,228,206,26,46,10,0,7,21,4,2,18,42,0,2,0,1,5
fraleja01,Jake,Fraley,2021,26,0.3,380,1.59,0.293,0.219,0.293,0.363,240,215,28,47,9,2,6,21,5,2,19,65,0,4,0,1,3
marrede01,Deven,Marrero,2021,31,0.19,318,1.59,0.291,0.218,0.295,0.352,200,179,24,39,7,1,5,22,3,1,18,51,0,2,0,1,5
wallach01,Chad,Wallach,2021,30,0.44,418,1.589,0.305,0.229,0.304,0.381,264,236,28,54,12,0,8,29,2,0,23,69,0,3,2,1,4
elmorja01,Jake,Elmore,2021,34,0.14,324,1.588,0.298,0.228,0.299,0.37,205,184,23,42,8,0,6,23,2,1,17,48,0,2,0,1,3
toccica01,Carlos,Tocci,2021,26,0.25,314,1.586,0.304,0.236,0.308,0.371,200,178,23,42,7,1,5,20,2,1,17,50,0,2,2,1,3
lambja01,Jake,Lamb,2021,31,0.7,544,1.586,0.302,0.211,0.306,0.365,344,299,38,63,14,1,10,41,2,2,36,88,0,6,0,2,6
vogtst01,Stephen,Vogt,2021,37,0.64,517,1.586,0.297,0.218,0.288,0.382,327,293,34,64,19,1,9,38,3,1,28,79,1,2,0,3,4
paytoma01,Mark,Payton,2021,30,0.17,355,1.585,0.298,0.225,0.304,0.36,224,200,24,45,9,0,6,23,4,1,21,55,0,2,0,1,5
lopezra02,Rafael,Lopez,2021,34,0.23,317,1.585,0.298,0.22,0.3,0.362,200,177,23,39,7,0,6,23,2,1,19,55,1,2,0,2,3
joycema01,Matthew,Joyce,2021,37,0.74,640,1.584,0.319,0.238,0.337,0.364,405,349,48,83,14,0,10,38,3,1,51,100,1,2,0,2,7
molinya01,Yadier,Molina,2021,39,0.81,689,1.584,0.302,0.246,0.299,0.381,436,399,43,98,15,0,13,52,4,1,25,72,0,7,1,4,14
mcguire01,Reese,McGuire,2021,26,0.47,415,1.584,0.295,0.221,0.282,0.392,265,240,30,53,11,0,10,26,2,0,19,61,0,2,4,1,4
knappan01,Andrew,Knapp,2021,30,0.66,513,1.583,0.318,0.229,0.33,0.373,325,279,33,64,14,1,8,35,2,0,39,88,1,4,1,2,5
blandal01,Alex,Blandino,2021,29,0.35,323,1.583,0.315,0.237,0.328,0.362,205,177,24,42,7,0,5,20,2,0,21,52,1,4,1,2,4
urenari01,Richard,Urena,2021,25,0.35,326,1.583,0.312,0.251,0.316,0.385,208,187,22,47,10,0,5,20,2,1,16,53,0,2,2,1,3
mejiafr01,Francisco,Mejia,2021,26,0.58,437,1.583,0.296,0.22,0.29,0.38,276,250,33,55,11,1,9,28,2,1,20,65,1,5,0,1,6
demertr01,Travis,Demeritte,2021,27,0.49,410,1.583,0.294,0.224,0.301,0.353,259,232,34,52,10,1,6,26,3,0,23,77,0,3,1,1,4
colliza01,Zack,Collins,2021,26,0.34,367,1.582,0.3,0.211,0.302,0.368,232,204,26,43,9,1,7,25,2,0,25,64,1,2,0,1,3
apostsh01,Sherten,Apostel,2021,22,0.18,356,1.582,0.298,0.223,0.298,0.371,226,202,26,45,9,0,7,24,2,1,20,58,0,2,0,1,3
garciad02,Adolis,Garcia,2021,28,0.1,329,1.582,0.295,0.22,0.298,0.36,208,186,25,41,8,0,6,23,2,1,19,55,0,2,0,1,3
bourjpe01,Peter,Bourjos,2021,34,0.21,321,1.581,0.286,0.212,0.281,0.364,205,184,24,39,8,1,6,21,3,1,16,54,0,2,1,1,4
bandyje01,Jett,Bandy,2021,31,0.15,316,1.58,0.303,0.225,0.305,0.371,200,178,23,40,8,0,6,20,2,1,17,51,0,4,0,1,3
farmeky01,Kyle,Farmer,2021,31,0.61,482,1.58,0.302,0.236,0.305,0.373,306,276,30,65,12,1,8,33,4,1,23,75,1,5,0,1,3
gallois01,Isaac,Galloway,2021,32,0.27,324,1.58,0.292,0.222,0.293,0.362,205,185,24,41,8,0,6,21,3,1,17,53,0,2,1,1,3
bartjo01,Joey,Bart,2021,25,0.53,532,1.579,0.301,0.237,0.309,0.362,336,304,44,72,14,3,6,32,3,0,22,99,0,10,0,1,5
castrja01,Jason,Castro,2021,34,0.67,535,1.578,0.307,0.212,0.307,0.38,340,297,39,63,17,0,11,35,1,0,38,105,0,3,0,1,5
susacan01,Andrew,Susac,2021,31,0.1,322,1.578,0.3,0.221,0.304,0.365,205,181,23,40,8,0,6,22,2,1,20,51,0,2,0,1,3
utleych01,Chase,Utley,2021,43,0.32,314,1.578,0.298,0.22,0.302,0.362,200,177,22,39,8,1,5,20,3,1,18,47,1,3,0,1,4
britoso01,Socrates,Brito,2021,29,0.2,322,1.578,0.294,0.214,0.294,0.363,204,182,24,39,7,1,6,22,2,1,19,52,0,2,0,1,4
federti01,Tim,Federowicz,2021,34,0.28,325,1.578,0.292,0.215,0.286,0.371,208,186,23,40,8,0,7,23,2,0,17,59,0,2,1,1,4
maldoma01,Martin,Maldonado,2021,35,0.8,689,1.577,0.303,0.216,0.307,0.369,439,385,50,83,17,0,14,48,2,0,44,117,0,7,2,1,9
heredgu01,Guillermo,Heredia,2021,30,0.66,418,1.577,0.303,0.229,0.309,0.364,267,236,32,54,11,0,7,25,3,2,24,60,0,4,2,1,4
rondojo02,Jose,Rondon,2021,27,0.44,339,1.577,0.3,0.227,0.298,0.376,216,194,24,44,8,0,7,22,2,1,18,53,0,2,0,1,5
barneau01,Austin,Barnes,2021,32,0.71,552,1.577,0.299,0.218,0.317,0.333,352,303,44,66,12,1,7,34,6,1,38,87,2,7,2,2,7
arciaor01,Orlando,Arcia,2021,27,0.82,765,1.577,0.297,0.238,0.299,0.367,486,442,52,105,19,1,12,52,7,2,37,101,1,3,1,3,16
hernago01,Gorkys,Hernandez,2021,34,0.57,323,1.576,0.292,0.222,0.288,0.368,206,185,24,41,7,1,6,20,3,1,16,52,0,2,1,2,5
gonzama01,Marwin,Gonzalez,2021,32,0.83,770,1.575,0.307,0.233,0.307,0.38,490,437,50,102,17,1,15,57,2,1,42,111,1,6,1,4,8
skolema01,Matt,Skole,2021,32,0.23,326,1.575,0.299,0.227,0.304,0.362,208,185,24,42,7,0,6,22,2,1,19,57,0,2,0,1,3
rasmuco01,Colby,Rasmus,2021,35,0.11,315,1.575,0.296,0.219,0.3,0.36,200,178,24,39,7,0,6,21,2,1,18,53,0,3,0,1,3
almonab01,Abraham,Almonte,2021,32,0.39,345,1.575,0.295,0.212,0.301,0.352,220,193,27,41,7,1,6,21,3,2,23,54,0,2,0,1,5
birdgr01,Greg,Bird,2021,29,0.48,321,1.574,0.306,0.218,0.304,0.38,204,179,21,39,8,0,7,23,1,0,20,53,0,3,0,2,3
wietema01,Matt,Wieters,2021,35,0.63,420,1.573,0.302,0.224,0.303,0.371,268,237,26,53,8,0,9,32,2,1,24,63,1,4,1,2,5
dudalu01,Lucas,Duda,2021,35,0.57,332,1.573,0.302,0.223,0.299,0.378,212,188,21,42,8,0,7,26,1,0,18,57,1,3,0,2,4
wynnsau01,Austin,Wynns,2021,31,0.35,324,1.573,0.294,0.234,0.296,0.362,207,188,25,44,6,0,6,22,2,0,15,48,0,2,1,1,6
martiri01,Richie,Martin,2021,27,0.51,360,1.572,0.288,0.221,0.288,0.356,231,208,25,46,8,1,6,22,5,1,16,59,0,4,2,1,4
camerda01,Daz,Cameron,2021,24,0.38,429,1.571,0.292,0.225,0.289,0.369,272,249,30,56,11,2,7,27,4,1,21,71,0,2,0,1,5
barnhtu01,Tucker,Barnhart,2021,30,0.78,581,1.57,0.31,0.229,0.316,0.376,371,327,37,75,13,1,11,40,2,1,40,85,2,2,1,1,7
zimmebr01,Bradley,Zimmer,2021,29,0.46,413,1.57,0.299,0.211,0.312,0.339,263,227,28,48,8,0,7,25,6,2,26,74,0,8,0,2,5
machadi01,Dixon,Machado,2021,29,0.37,314,1.57,0.295,0.222,0.295,0.367,200,180,22,40,9,1,5,22,2,1,16,44,1,3,0,1,3
nunezed02,Eduardo,Nunez,2021,34,0.65,342,1.569,0.289,0.244,0.284,0.371,220,205,23,50,9,1,5,22,4,1,11,40,0,1,0,1,6
perezca02,Carlos,Perez,2021,31,0.16,312,1.568,0.292,0.218,0.291,0.363,200,179,21,39,8,0,6,21,3,1,16,50,0,3,1,1,5
josepco01,Corban,Joseph,2021,33,0.22,323,1.568,0.291,0.22,0.291,0.36,207,186,23,41,8,0,6,24,2,1,17,48,0,2,0,1,4
blancgr01,Gregor,Blanco,2021,38,0.34,312,1.568,0.289,0.222,0.291,0.356,200,180,22,40,7,1,5,19,4,1,16,53,0,2,0,1,3
tilsoch01,Charlie,Tilson,2021,29,0.45,337,1.567,0.298,0.238,0.312,0.347,216,193,23,46,7,1,4,22,4,1,18,50,1,3,1,1,3
whiteel04,Eli,White,2021,27,0.35,412,1.567,0.292,0.224,0.293,0.359,264,237,31,53,11,0,7,26,4,2,22,68,0,2,0,2,3
mauerjo01,Joe,Mauer,2021,38,0.58,310,1.566,0.312,0.253,0.323,0.371,200,178,23,45,9,0,4,20,1,0,18,40,1,1,0,1,4
sanchca01,Carlos,Sanchez,2021,29,0.79,437,1.566,0.306,0.244,0.319,0.36,281,250,32,61,13,2,4,25,4,2,25,62,0,3,1,1,4
walkene01,Neil,Walker,2021,36,0.73,449,1.564,0.305,0.231,0.31,0.369,288,255,32,59,12,1,7,30,2,0,28,68,1,2,0,2,4
krameke01,Kevin,Kramer,2021,28,0.21,319,1.564,0.291,0.221,0.299,0.343,205,181,25,40,7,0,5,24,2,1,19,56,0,2,0,2,3
newmake01,Kevin,Newman,2021,28,0.79,722,1.563,0.305,0.256,0.314,0.367,464,422,47,108,16,2,9,45,7,4,32,74,1,5,1,3,5
duffyma01,Matt,Duffy,2021,30,0.66,339,1.562,0.318,0.264,0.341,0.358,217,193,23,51,9,0,3,20,3,1,20,42,0,3,0,1,5
cuthbch01,Cheslor,Cuthbert,2021,29,0.58,365,1.56,0.3,0.235,0.299,0.376,234,213,23,50,9,0,7,26,2,1,18,51,0,2,0,1,8
lugoda01,Dawel,Lugo,2021,27,0.57,376,1.56,0.296,0.239,0.29,0.378,242,222,29,53,9,2,6,25,1,0,15,52,0,2,0,2,6
harrijo05,Josh,Harrison,2021,34,0.7,505,1.559,0.293,0.232,0.293,0.358,326,293,36,68,11,1,8,36,4,2,21,64,0,6,1,4,6
morrilo01,Logan,Morrison,2021,34,0.57,371,1.559,0.287,0.198,0.282,0.363,238,212,28,42,8,0,9,25,2,0,22,58,0,3,0,1,3
gordode01,Dee,Strange-Gordon,2021,33,0.79,530,1.559,0.282,0.247,0.291,0.335,343,316,37,78,10,3,4,26,13,4,17,59,0,4,2,3,6
mendida01,Danny,Mendick,2021,28,0.56,536,1.558,0.304,0.242,0.302,0.382,344,314,39,76,12,1,10,30,3,2,25,81,0,3,0,2,8
headlch01,Chase,Headley,2021,37,0.13,310,1.558,0.293,0.215,0.296,0.356,200,177,22,38,7,0,6,22,2,1,18,52,0,3,0,1,5
dazayo01,Yonathan,Daza,2021,27,0.26,327,1.557,0.298,0.233,0.305,0.36,210,189,23,44,7,1,5,20,3,0,18,48,0,2,0,1,4
ortegra01,Rafael,Ortega,2021,30,0.4,327,1.557,0.294,0.228,0.3,0.354,210,189,21,43,7,1,5,21,4,1,18,47,0,2,0,1,5
willima10,Mason,Williams,2021,29,0.15,344,1.557,0.293,0.22,0.29,0.37,222,200,24,44,8,2,6,23,2,2,18,61,0,2,0,1,4
rogerja03,Jake,Rogers,2021,26,0.3,330,1.557,0.293,0.207,0.292,0.362,213,188,24,39,8,0,7,22,2,0,21,61,0,2,1,1,4
pedrodu01,Dustin,Pedroia,2021,38,0.09,313,1.557,0.291,0.217,0.294,0.356,202,180,23,39,7,0,6,22,2,1,18,47,0,2,0,1,5
heinety01,Tyler,Heineman,2021,30,0.36,403,1.556,0.3,0.226,0.309,0.357,263,230,28,52,9,0,7,24,4,1,23,56,0,5,3,1,3
cordery01,Ryan,Cordell,2021,29,0.5,361,1.556,0.29,0.22,0.289,0.359,235,209,24,46,8,0,7,24,4,1,18,63,0,3,2,2,3
asuajca01,Carlos,Asuaje,2021,30,0.35,311,1.555,0.301,0.222,0.305,0.364,200,176,21,39,8,1,5,21,2,1,20,46,1,2,0,2,4
tomlike01,Kelby,Tomlinson,2021,31,0.28,311,1.555,0.3,0.229,0.305,0.363,200,179,21,41,7,1,5,21,2,1,17,48,0,3,0,1,4
stallja01,Jacob,Stallings,2021,32,0.69,612,1.553,0.306,0.239,0.315,0.366,396,352,42,84,15,0,10,43,2,0,37,99,2,3,2,2,7
reyesjo01,Jose,Reyes,2021,38,0.39,309,1.553,0.286,0.212,0.286,0.352,200,179,24,38,8,1,5,19,3,1,18,43,0,1,0,1,4
flahery01,Ryan,Flaherty,2021,35,0.35,312,1.552,0.292,0.222,0.299,0.35,202,180,23,40,8,0,5,20,3,1,18,50,1,2,1,1,5
beckhgo01,Gordon,Beckham,2021,35,0.48,346,1.552,0.29,0.218,0.287,0.366,224,202,26,44,10,1,6,20,3,1,17,59,0,3,1,1,5
almoral01,Albert,Almora,2021,27,0.73,428,1.551,0.299,0.248,0.301,0.37,278,254,34,63,11,1,6,26,2,1,18,55,1,2,1,2,6
reedaj01,A. J.,Reed,2021,28,0.15,318,1.551,0.295,0.22,0.298,0.357,205,182,22,40,7,0,6,23,2,1,19,55,0,2,0,2,4
uriaslu01,Luis,Urias,2021,24,0.69,578,1.55,0.304,0.236,0.322,0.345,372,330,41,78,13,1,7,39,4,2,35,89,0,7,0,1,9
cowarka01,Kaleb,Cowart,2021,29,0.28,313,1.55,0.288,0.21,0.287,0.359,203,181,21,38,10,1,5,21,3,0,18,55,0,2,0,1,4
stameer01,Eric,Stamets,2021,30,0.14,316,1.549,0.289,0.21,0.289,0.354,205,181,24,38,8,0,6,22,2,1,19,57,0,2,1,2,4
thomptr01,Trayce,Thompson,2021,30,0.26,308,1.548,0.278,0.206,0.276,0.344,200,180,24,37,7,0,6,21,3,1,16,55,1,2,1,1,3
flowety01,Tyler,Flowers,2021,35,0.72,506,1.547,0.309,0.22,0.315,0.371,329,286,35,63,14,1,9,33,1,0,33,104,1,7,0,1,7
akiyash01,Shogo,Akiyama,2021,33,0.65,652,1.545,0.305,0.234,0.332,0.33,423,367,43,86,15,1,6,34,11,4,49,92,0,5,0,1,5
diazis01,Isan,Diaz,2021,25,0.47,383,1.544,0.288,0.212,0.29,0.351,247,222,28,47,8,1,7,28,2,2,22,65,0,3,0,1,3
altheaa01,Aaron,Altherr,2021,30,0.48,318,1.544,0.287,0.199,0.291,0.343,207,181,23,36,8,0,6,24,2,1,21,60,0,3,0,1,6
hicksjo02,John,Hicks,2021,32,0.65,358,1.543,0.291,0.228,0.28,0.381,233,215,25,49,9,0,8,25,1,1,15,67,0,1,0,1,5
suzukic01,Ichiro,Suzuki,2021,48,0.12,307,1.543,0.291,0.218,0.291,0.358,201,179,23,39,7,0,6,20,2,1,17,49,0,2,0,1,3
valbulu01,Luis,Valbuena,2021,36,0.42,307,1.543,0.287,0.217,0.286,0.356,200,180,21,39,7,0,6,23,2,0,16,59,1,2,0,1,3
owingch01,Chris,Owings,2021,30,0.65,421,1.542,0.274,0.206,0.275,0.339,274,248,32,51,10,1,7,26,6,2,22,77,1,2,0,1,3
diazle01,Lewin,Diaz,2021,25,0.29,385,1.54,0.292,0.221,0.292,0.363,250,226,27,50,11,0,7,27,2,1,21,63,0,2,0,1,6
freitda01,David,Freitas,2021,32,0.24,309,1.537,0.296,0.223,0.303,0.352,202,179,23,40,8,0,5,20,2,0,19,50,0,2,1,1,4
duggast01,Steven,Duggar,2021,28,0.63,419,1.535,0.286,0.229,0.289,0.349,272,249,30,57,13,1,5,29,4,2,19,73,0,3,0,2,3
reynoma03,Matt,Reynolds,2021,31,0.13,327,1.535,0.283,0.214,0.286,0.344,214,192,26,41,7,0,6,23,2,1,18,59,0,2,0,1,3
garcigr01,Greg,Garcia,2021,32,0.71,492,1.533,0.302,0.227,0.324,0.331,324,278,37,63,12,1,5,34,3,1,37,75,1,4,2,2,4
moralke01,Kendrys,Morales,2021,38,0.65,337,1.532,0.307,0.224,0.314,0.365,220,192,22,43,6,0,7,23,1,1,23,45,1,3,0,2,6
pireljo01,Jose,Pirela,2021,32,0.56,311,1.532,0.3,0.239,0.305,0.364,202,184,23,44,9,1,4,18,2,1,16,44,0,2,0,1,4
rominan01,Andrew,Romine,2021,36,0.27,311,1.532,0.29,0.223,0.291,0.359,205,184,25,41,8,1,5,18,2,0,16,54,0,2,1,1,4
gerbemi01,Mike,Gerber,2021,29,0.17,308,1.532,0.288,0.211,0.289,0.356,203,180,22,38,8,0,6,21,2,1,18,58,0,2,0,1,4
sogarer01,Eric,Sogard,2021,35,0.75,612,1.53,0.301,0.232,0.307,0.361,401,357,43,83,17,1,9,35,5,0,36,75,1,4,1,3,5
penafr01,Francisco,Pena,2021,32,0.26,306,1.53,0.291,0.222,0.29,0.361,200,180,22,40,7,0,6,20,2,0,16,52,1,2,0,2,5
poseybu01,Buster,Posey,2021,34,0.72,373,1.529,0.312,0.251,0.324,0.37,244,219,26,55,11,0,5,23,1,1,22,42,1,2,0,1,7
hudsojo03,Joe,Hudson,2021,30,0.19,341,1.529,0.298,0.226,0.305,0.357,225,199,23,45,8,0,6,23,2,1,21,54,0,2,1,1,3
mercejo03,Jordy,Mercer,2021,35,0.69,388,1.528,0.307,0.242,0.307,0.385,254,231,26,56,13,1,6,23,1,0,19,55,2,3,0,1,6
tovarwi01,Wilfredo,Tovar,2021,30,0.23,319,1.526,0.291,0.223,0.297,0.351,209,188,23,42,9,0,5,22,2,1,18,47,0,2,0,1,3
avilaal01,Alex,Avila,2021,34,0.65,451,1.524,0.309,0.201,0.324,0.349,296,249,30,50,10,0,9,28,2,0,42,95,3,4,0,1,8
solarya01,Yangervis,Solarte,2021,34,0.6,315,1.522,0.289,0.222,0.285,0.365,208,189,23,42,9,0,6,22,1,1,15,40,1,2,0,1,7
gordoal01,Alex,Gordon,2021,37,0.84,742,1.52,0.301,0.231,0.314,0.35,489,432,51,100,18,0,11,48,5,1,43,101,2,10,0,3,7
allenau01,Austin,Allen,2021,27,0.36,374,1.52,0.296,0.229,0.297,0.368,246,223,24,51,10,0,7,25,2,1,20,70,2,2,0,1,4
haaseer01,Eric,Haase,2021,29,0.23,342,1.52,0.288,0.219,0.293,0.343,225,201,24,44,7,0,6,26,2,1,19,60,0,3,0,2,4
difowi01,Wilmer,Difo,2021,29,0.64,357,1.519,0.292,0.229,0.302,0.343,236,210,27,48,7,1,5,22,3,1,22,50,2,1,1,2,4
adriaeh01,Ehire,Adrianza,2021,32,0.73,525,1.517,0.299,0.231,0.309,0.351,347,308,41,71,17,1,6,31,3,1,31,78,1,5,1,2,6
diazel01,Elias,Diaz,2021,31,0.72,488,1.516,0.3,0.242,0.304,0.365,323,293,33,71,12,0,8,35,1,0,25,63,0,2,0,2,9
mailelu01,Luke,Maile,2021,30,0.5,321,1.514,0.288,0.216,0.292,0.347,213,190,22,41,8,1,5,23,2,0,19,56,0,2,1,1,3
rengilu01,Luis,Rengifo,2021,24,0.71,561,1.512,0.298,0.219,0.313,0.34,371,324,43,71,13,1,8,30,5,3,41,87,0,4,2,2,6
herrero02,Rosell,Herrera,2021,29,0.54,319,1.512,0.291,0.226,0.299,0.347,212,190,22,43,9,1,4,20,3,2,18,47,0,2,1,1,4
kieboca01,Carter,Kieboom,2021,24,0.58,538,1.511,0.302,0.218,0.329,0.317,354,303,44,66,9,0,7,34,3,2,42,91,1,9,0,2,10
refsnro01,Rob,Refsnyder,2021,30,0.38,364,1.51,0.294,0.217,0.303,0.344,242,212,29,46,9,0,6,22,2,1,24,63,0,3,0,2,5
arteahu01,Humberto,Arteaga,2021,27,0.31,320,1.509,0.293,0.226,0.302,0.347,214,190,24,43,8,0,5,20,2,1,18,49,0,3,1,1,4
josepca01,Caleb,Joseph,2021,35,0.48,323,1.509,0.282,0.219,0.28,0.352,215,196,25,43,9,1,5,21,2,1,14,52,0,3,1,1,3
escobal02,Alcides,Escobar,2021,35,0.57,297,1.508,0.286,0.228,0.289,0.35,200,180,22,41,8,1,4,17,3,1,14,38,0,2,2,1,5
gonzaer01,Erik,Gonzalez,2021,30,0.74,675,1.507,0.285,0.232,0.281,0.362,452,414,44,96,23,2,9,45,6,3,27,115,1,3,2,4,10
zuninmi01,Mike,Zunino,2021,30,0.74,501,1.505,0.277,0.189,0.264,0.362,332,301,35,57,13,0,13,38,1,0,25,114,0,6,0,1,5
sanchje02,Jesus,Sanchez,2021,24,0.23,355,1.504,0.287,0.207,0.297,0.337,236,208,25,43,9,0,6,26,2,1,25,61,0,2,0,1,5
paredis01,Isaac,Paredes,2021,22,0.52,502,1.503,0.3,0.236,0.308,0.359,332,301,33,71,13,0,8,31,3,0,29,75,0,3,0,1,5
stewach02,Christin,Stewart,2021,28,0.72,544,1.503,0.298,0.22,0.296,0.37,362,322,33,71,16,1,10,38,2,1,30,93,1,6,0,4,6
rojasjo01,Josh,Rojas,2021,27,0.55,453,1.5,0.286,0.218,0.301,0.32,302,266,37,58,9,0,6,27,5,2,31,73,0,2,0,3,5
orlanpa01,Paulo,Orlando,2021,36,0.19,300,1.5,0.282,0.215,0.285,0.343,200,181,22,39,8,0,5,21,2,1,16,50,0,2,0,1,4
tuckeco01,Cole,Tucker,2021,25,0.63,535,1.499,0.281,0.226,0.286,0.339,358,327,46,74,14,1,7,34,3,0,25,89,1,3,1,2,7
taylobe11,Beau,Taylor,2021,29,0.2,340,1.498,0.279,0.207,0.286,0.33,230,203,25,42,7,0,6,26,2,1,21,61,0,2,2,1,3
hedgeau01,Austin,Hedges,2021,29,0.74,497,1.497,0.279,0.197,0.271,0.358,336,299,32,59,10,1,12,35,3,1,27,94,1,4,4,2,7
lucrojo01,Jonathan,Lucroy,2021,35,0.69,347,1.496,0.293,0.23,0.297,0.354,233,209,23,48,9,1,5,26,1,0,18,42,0,3,0,2,8
rodgebr02,Brendan,Rodgers,2021,25,0.33,350,1.496,0.282,0.222,0.291,0.335,234,212,26,47,9,0,5,26,2,0,18,60,0,3,0,1,4
jacksau01,Austin,Jackson,2021,34,0.48,299,1.495,0.295,0.238,0.305,0.348,200,181,20,43,8,0,4,20,2,1,16,61,1,2,0,1,4
perezro02,Roberto,Perez,2021,33,0.76,562,1.495,0.292,0.208,0.295,0.352,380,332,36,69,10,1,12,40,2,0,37,114,0,5,3,2,9
delmoni01,Nick,Delmonico,2021,29,0.55,348,1.494,0.288,0.215,0.292,0.349,234,209,23,45,8,1,6,24,2,1,20,58,0,3,0,1,6
perezmi03,Michael,Perez,2021,29,0.57,476,1.492,0.283,0.214,0.288,0.337,320,285,34,61,14,0,7,38,2,0,28,86,0,3,0,3,7
machivi01,Vimael,Machin,2021,28,0.42,427,1.488,0.292,0.224,0.307,0.333,287,255,39,57,10,0,6,22,2,1,29,59,0,2,0,1,9
martiru01,Russell,Martin,2021,38,0.63,333,1.487,0.303,0.209,0.321,0.335,225,191,25,40,6,0,6,20,1,1,27,56,1,5,0,1,3
goinsry01,Ryan,Goins,2021,33,0.49,339,1.487,0.292,0.224,0.298,0.351,229,205,27,46,9,1,5,20,1,1,20,57,1,2,1,1,6
greingr01,Grayson,Greiner,2021,29,0.62,431,1.486,0.277,0.199,0.272,0.349,290,261,32,52,10,1,9,32,1,1,24,84,0,3,0,2,6
kratzer01,Erik,Kratz,2021,41,0.51,358,1.485,0.287,0.227,0.29,0.35,242,220,23,50,9,0,6,26,2,0,16,57,0,4,0,1,5
mayfija01,Jack,Mayfield,2021,31,0.41,389,1.485,0.277,0.21,0.275,0.345,264,238,31,50,11,0,7,26,2,1,19,68,0,3,1,2,4
riverya01,Yadiel,Rivera,2021,29,0.4,316,1.484,0.28,0.206,0.291,0.323,213,189,23,39,7,0,5,19,4,1,21,57,1,2,0,1,4
vilorme01,Meibrys,Viloria,2021,24,0.45,363,1.482,0.295,0.229,0.302,0.349,244,218,24,50,11,0,5,25,2,1,21,66,0,3,1,3,5
bishobr01,Braden,Bishop,2021,28,0.35,362,1.478,0.273,0.208,0.282,0.321,248,221,26,46,10,0,5,28,3,1,20,66,0,3,2,1,3
shuckja01,JB,Shuck,2021,34,0.35,300,1.471,0.286,0.22,0.299,0.33,206,182,21,40,6,1,4,18,3,1,19,45,1,2,1,1,3
wolteto01,Tony,Wolters,2021,29,0.75,548,1.469,0.294,0.233,0.311,0.332,375,331,39,77,14,2,5,39,2,1,33,80,2,6,2,3,7
holadbr01,Bryan,Holaday,2021,34,0.54,370,1.468,0.286,0.224,0.29,0.346,253,228,26,51,10,0,6,27,1,1,20,56,1,2,1,2,6
odomjo01,Joseph,Odom,2021,29,0.31,370,1.468,0.283,0.209,0.29,0.338,254,225,26,47,8,0,7,25,2,1,24,76,0,2,1,1,5
garcijo02,Jose,Garcia,2021,23,0.41,416,1.465,0.279,0.226,0.285,0.337,284,261,29,59,8,0,7,26,4,2,20,80,0,2,0,1,5
martivi01,Victor,Martinez,2021,43,0.56,290,1.457,0.291,0.232,0.291,0.359,200,181,17,42,8,0,5,21,1,0,15,34,1,1,0,2,6
murphjr01,J. R.,Murphy,2021,30,0.59,411,1.457,0.276,0.205,0.27,0.353,284,258,31,53,11,0,9,27,1,0,21,92,0,2,2,1,4
wilsobo02,Bobby,Wilson,2021,38,0.35,294,1.448,0.272,0.202,0.276,0.328,205,183,21,37,8,0,5,21,2,0,17,51,0,2,1,1,5
brinsle01,Lewis,Brinson,2021,27,0.75,522,1.446,0.268,0.21,0.269,0.33,362,333,36,70,14,1,8,36,5,1,23,99,1,4,1,1,7
adelljo01,Jo,Adell,2021,22,0.57,524,1.444,0.277,0.206,0.275,0.345,362,330,37,68,13,0,11,32,3,2,28,114,0,4,0,1,7
starlbu01,Bubba,Starling,2021,29,0.57,428,1.441,0.273,0.213,0.273,0.338,298,272,34,58,10,0,8,27,2,0,21,89,0,2,1,2,5
panikjo01,Joe,Panik,2021,31,0.8,605,1.44,0.295,0.233,0.314,0.33,422,373,47,87,16,1,6,33,3,1,41,65,1,4,1,2,9
riddljt01,JT,Riddle,2021,30,0.67,429,1.44,0.269,0.207,0.262,0.348,298,276,32,57,10,1,9,27,2,1,19,70,1,2,1,1,4
buterdr01,Drew,Butera,2021,38,0.51,366,1.435,0.27,0.201,0.271,0.328,257,229,27,46,11,0,6,27,2,0,21,65,0,2,1,3,8
drurybr01,Brandon,Drury,2021,29,0.69,433,1.424,0.275,0.208,0.266,0.355,305,279,30,58,12,1,9,28,1,1,21,74,0,2,0,2,5
cozarza01,Zack,Cozart,2021,36,0.5,297,1.421,0.277,0.203,0.278,0.337,211,187,22,38,8,1,5,19,1,0,16,43,0,4,0,2,5
forsylo01,Logan,Forsythe,2021,34,0.73,401,1.417,0.286,0.216,0.304,0.32,283,250,28,54,11,0,5,26,2,0,30,72,0,2,0,1,6
jayjo02,Jon,Jay,2021,36,0.73,402,1.411,0.286,0.236,0.298,0.329,288,258,31,61,10,1,4,23,2,1,18,58,0,6,2,3,4
sucreje01,Jesus,Sucre,2021,33,0.42,287,1.407,0.275,0.22,0.284,0.323,207,186,19,41,7,0,4,20,2,0,15,44,1,2,1,1,4
lintz02,Tzu-Wei,Lin,2021,29,0.37,373,1.402,0.27,0.211,0.274,0.322,270,242,26,51,9,0,6,27,2,1,20,71,0,2,3,2,5
lopezni01,Nicky,Lopez,2021,26,0.77,651,1.382,0.278,0.224,0.293,0.32,475,428,49,96,21,1,6,41,2,5,38,93,0,4,4,1,6
pradoma01,Martin,Prado,2021,38,0.58,308,1.369,0.271,0.226,0.28,0.322,226,208,23,47,8,0,4,20,1,1,15,46,0,1,0,1,6
leonsa01,Sandy,Leon,2021,32,0.69,425,1.345,0.266,0.189,0.275,0.306,318,281,29,53,9,0,8,28,2,0,31,81,0,3,2,1,6
mathije01,Jeff,Mathis,2021,38,0.67,406,1.322,0.252,0.186,0.254,0.305,308,279,28,52,10,1,7,29,2,0,25,97,1,1,0,2,5
davisch02,Chris,Davis,2021,35,0.75,398,1.318,0.258,0.178,0.258,0.311,303,270,26,48,9,0,9,28,1,0,27,104,1,3,0,2,4