idfangraphs,mlbid,Name,Year,Team,Age,ERA,WHIP,W,L,W%,G,GS,SV%,SV,HLD,BS,IP,H,ER,HR,BB,SO,SO%,BB%,R
3548,521230,Liam Hendriks,2022,CHW,33,3.17,1.03,6,4,0.6,54,0,0.86,38,2,3,71,55,25,9,18,90,40.00%,6.20%,28
17130,628452,Raisel Iglesias,2022,LAA,32,3.6,1.16,6,6,0.5,53,0,0.82,36,3,4,70,60,28,10,21,85,36.80%,7.10%,33
14710,621242,Edwin Diaz,2022,NYM,28,3.84,1.24,4,5,0.44,54,0,0.8,35,3,4,68,57,29,8,27,91,35.50%,9.20%,32
14212,623352,Josh Hader,2022,MIL,28,3.22,1.07,4,4,0.5,51,0,0.91,35,2,2,67,46,24,8,26,93,40.50%,9.40%,25
7005,519151,Ryan Pressly,2022,HOU,34,3.44,1.21,4,4,0.5,53,0,0.78,34,5,4,68,60,26,8,22,78,31.00%,7.60%,30
21032,661403,Emmanuel Clase,2022,CLE,24,2.82,1.12,4,4,0.5,50,0,0.79,33,5,3,67,55,21,6,20,71,25.40%,7.10%,26
14986,606149,Giovanny Gallegos,2022,STL,31,3.62,1.07,5,4,0.56,53,0,0.7,33,5,3,72,55,29,8,22,81,26.80%,7.40%,30
10233,547973,Aroldis Chapman,2022,NYY,34,3.74,1.28,5,4,0.56,51,0,0.81,32,2,4,65,52,27,10,31,86,37.50%,11.00%,30
16122,605447,Jordan Romano,2022,TOR,29,3.36,1.21,6,3,0.67,50,0,0.91,32,2,1,67,55,25,9,26,79,32.60%,9.10%,28
3096,445276,Kenley Jansen,2022,ATL,35,3.6,1.21,5,4,0.56,55,0,0.82,32,2,4,70,55,28,8,30,79,26.10%,9.60%,31
13449,573124,Taylor Rogers,2022,MIN,32,3.92,1.27,4,5,0.44,45,0,0.77,31,6,3,62,61,27,8,18,72,26.70%,6.70%,31
4264,453343,Mark Melancon,2022,ARI,37,3.52,1.32,4,4,0.5,53,0,0.86,30,2,3,69,65,27,7,26,63,20.70%,8.60%,31
8048,519293,Will Smith,2022,ATL,33,3.91,1.2,4,5,0.44,54,0,0.85,30,4,3,69,57,30,12,26,78,26.40%,8.80%,32
14993,605130,Scott Barlow,2022,KCR,30,3.75,1.28,4,3,0.57,55,0,0.7,29,3,3,72,64,30,8,28,82,26.10%,8.90%,31
6655,518886,Craig Kimbrel,2022,CHW,34,3.95,1.24,4,5,0.44,52,0,0.8,28,8,3,66,53,29,9,29,87,39.40%,10.10%,32
19677,642397,Gregory Soto,2022,DET,27,4.17,1.36,4,4,0.5,51,1,0.89,27,6,1,69,60,32,8,34,75,24.60%,11.10%,35
15043,642152,Lou Trivino,2022,OAK,31,4.06,1.31,5,5,0.5,54,0,0.73,25,6,3,71,62,32,8,31,69,22.30%,9.70%,36
12863,598264,Matt Barnes,2022,BOS,32,4.23,1.3,5,5,0.5,53,0,0.71,24,6,5,66,57,31,10,29,83,34.70%,10.00%,34
13470,608371,Lucas Sims,2022,CIN,28,4,1.22,2,1,0.67,19,0,0.6,23,7,2,27,22,12,4,11,34,28.80%,9.00%,14
12572,595014,Blake Treinen,2022,LAD,34,3.68,1.25,5,5,0.5,56,0,0.62,22,8,3,71,61,29,8,28,73,23.90%,9.20%,33
15010,608349,Corey Knebel,2022,PHI,31,4.27,1.32,4,3,0.57,41,2,0.4,22,5,3,59,54,28,9,24,62,24.00%,9.30%,30
22296,669618,Joe Barlow,2022,TEX,29,3.63,1.19,3,3,0.5,37,0,0.86,22,4,1,57,46,23,7,22,56,23.10%,9.10%,27
21992,666808,Camilo Doval,2022,SFG,29,3.95,1.25,5,3,0.62,36,0,0.6,21,5,2,57,50,25,8,21,62,24.70%,8.50%,27
14646,592858,Rowan Wick,2022,CHC,30,4.03,1.31,3,3,0.5,40,0,0.71,21,6,2,58,52,26,6,24,61,24.00%,9.40%,29
14542,608032,Carlos Estevez,2022,COL,30,4.63,1.43,3,5,0.38,54,0,0.56,19,2,4,68,72,35,10,25,70,23.00%,8.20%,38
13892,623149,Paul Sewald,2022,SEA,32,4.16,1.24,6,3,0.67,47,0,0.62,19,9,3,67,58,31,10,25,80,37.70%,8.70%,34
19569,670280,David Bednar,2022,PIT,28,3.68,1.21,3,3,0.5,47,0,0.67,18,8,1,66,57,27,8,23,73,30.00%,8.20%,29
13394,571670,Dylan Floro,2022,MIA,32,3.65,1.28,6,4,0.6,55,0,0.67,17,8,3,69,63,28,6,25,65,21.70%,8.30%,32
17610,663432,Tanner Rainey,2022,WSN,30,4.65,1.35,3,4,0.43,46,0,0.5,17,6,2,60,51,31,9,30,71,26.60%,11.20%,33
13435,572955,Pierce Johnson,2022,SDP,31,3.76,1.3,5,4,0.56,52,1,0.5,16,6,1,67,59,28,8,28,77,26.00%,9.60%,31
12828,552640,Andrew Kittredge,2022,TBR,32,3.34,1.2,5,3,0.62,47,3,0.8,15,5,1,70,63,26,8,21,71,23.70%,7.00%,30
6661,517008,Alex Colome,2022,COL,34,3.78,1.29,4,4,0.5,53,0,0.8,12,3,3,69,63,29,8,26,63,20.70%,8.70%,35
15009,640448,Kyle Finnegan,2022,WSN,29,3.91,1.39,4,5,0.44,53,0,0.71,12,8,2,69,65,30,9,31,71,22.90%,10.00%,37
20000,669330,Tyler Wells,2022,BAL,29,4.12,1.15,5,6,0.45,39,8,0.6,12,3,2,107,90,49,15,33,113,25.30%,7.40%,53
12910,571704,Ken Giles,2022,SEA,32,4.14,1.32,3,3,0.5,31,0,0.83,11,3,1,50,46,23,7,20,56,25.60%,9.10%,25
23293,676051,Codi Heuer,2022,CHC,26,3.94,1.25,3,2,0.6,23,0,0.5,9,12,2,32,28,14,4,12,31,22.50%,8.40%,15
17496,650895,Diego Castillo,2022,SEA,28,3.49,1.19,5,4,0.56,52,1,0.75,9,14,3,67,55,26,9,25,75,26.10%,8.70%,30
19742,669622,Anthony Bender,2022,MIA,29,3.68,1.2,4,3,0.57,46,0,0.5,8,12,2,66,56,27,7,23,70,24.60%,8.10%,30
9111,543272,Brad Hand,2022,PHI,32,3.91,1.25,5,5,0.5,55,0,0.83,8,3,3,69,61,30,8,25,72,24.10%,8.50%,36
18806,608716,Drew Steckenrider,2022,SEA,31,3.36,1.18,4,3,0.57,46,0,0.78,8,9,2,67,57,25,8,22,63,22.00%,7.70%,27
13218,605242,Michael Fulmer,2022,DET,29,4.68,1.44,4,5,0.44,41,6,0.75,8,10,2,75,81,39,11,27,73,21.60%,8.00%,42
14771,641941,Emilio Pagan,2022,SDP,31,4.37,1.21,4,4,0.5,53,0,0.44,7,11,5,68,59,33,12,23,73,25.30%,8.00%,35
20191,676477,Garrett Whitlock,2022,BOS,26,3.18,1.19,6,4,0.6,38,0,0.5,7,15,2,68,60,24,7,21,73,25.20%,7.20%,28
11804,593576,Hector Neris,2022,HOU,33,4.06,1.3,4,6,0.4,56,0,0.64,7,16,5,71,62,32,10,30,82,26.40%,9.60%,36
7550,459429,Jake McGee,2022,SFG,36,3.76,1.18,4,3,0.57,53,0,0.79,7,12,3,67,59,28,9,20,69,24.30%,7.00%,32
15256,642121,Cole Sulser,2022,BAL,32,3.97,1.29,4,5,0.44,48,0,0.67,6,4,3,68,59,30,8,29,70,23.70%,9.80%,33
7115,453268,Daniel Bard,2022,COL,37,4.7,1.45,6,6,0.5,52,0,0.77,6,4,3,69,69,36,9,31,74,23.50%,9.80%,39
17780,621237,Jose Alvarado,2022,PHI,27,4.29,1.43,5,3,0.62,51,0,0.67,6,12,2,65,56,31,8,37,73,24.70%,12.50%,35
13549,593144,Richard Rodriguez,2022,FA,32,3.77,1.16,5,4,0.56,49,0,0.75,6,6,2,62,54,26,9,18,59,22.50%,6.90%,28
15541,643511,Tyler Rogers,2022,SFG,32,3.53,1.22,6,3,0.67,57,0,0.6,6,20,4,74,70,29,7,20,64,20.10%,6.30%,32
12095,554340,Yimi Garcia,2022,TOR,32,3.95,1.21,4,6,0.4,51,0,0.75,6,5,2,66,57,29,9,23,68,23.90%,8.10%,33
15015,621052,Alex Reyes,2022,STL,28,3.82,1.33,3,3,0.5,24,0,0.86,5,7,2,33,26,14,4,18,39,26.30%,12.50%,16
18251,605521,Art Warren,2022,CIN,29,3.6,1.24,4,3,0.57,36,0,0.5,5,3,1,55,47,22,7,21,62,25.70%,8.90%,24
13761,608717,Chris Stratton,2022,PIT,32,4.19,1.37,5,3,0.62,50,1,0.5,5,6,3,73,70,34,10,30,77,23.90%,9.30%,39
7146,543339,Daniel Hudson,2022,LAD,35,4.15,1.26,6,4,0.6,50,0,0.56,5,12,4,65,57,30,10,25,74,26.30%,8.90%,33
17186,659275,Dinelson Lamet,2022,SDP,30,3.62,1.21,4,4,0.5,28,9,1,5,8,0,82,68,33,10,31,97,27.60%,8.80%,36
20151,675916,James Karinchak,2022,CLE,27,4.03,1.28,2,2,0.5,23,0,0.56,5,10,4,29,23,13,4,14,38,29.90%,10.80%,14
5114,544727,Jeurys Familia,2022,PHI,33,4.37,1.43,6,3,0.67,54,0,0.25,5,6,3,68,64,33,9,33,70,23.00%,10.60%,36
15514,608665,Kendall Graveman,2022,CHW,32,3.76,1.22,4,4,0.5,45,1,0.62,5,17,3,67,56,28,7,26,67,23.20%,9.00%,31
9817,489265,Sergio Romo,2022,SEA,39,4.37,1.29,3,3,0.5,55,0,0.71,5,10,2,68,63,33,10,25,66,22.50%,8.40%,36
1247,493603,Adam Ottavino,2022,NYM,37,4.24,1.41,5,5,0.5,57,0,0.5,4,11,4,68,63,32,8,33,74,24.40%,10.70%,35
14375,607237,Amir Garrett,2022,KCR,30,4.5,1.36,3,4,0.43,55,0,0.57,4,9,3,64,57,32,10,30,74,26.10%,10.60%,34
7982,542914,Anthony Bass,2022,MIA,35,4.1,1.26,4,7,0.36,55,0,0.57,4,10,3,68,60,31,10,26,64,21.50%,8.80%,36
9939,445213,Brandon Kintzler,2022,FA,38,4.3,1.39,3,3,0.5,33,0,0.67,4,4,2,46,47,22,7,17,39,18.90%,8.30%,24
11428,519443,Brandon Workman,2022,FA,34,4.3,1.52,3,3,0.5,32,0,0.67,4,4,2,44,44,21,6,23,46,22.70%,11.30%,24
11682,593372,Carlos Martinez,2022,FA,31,5.54,1.43,4,8,0.33,26,12,0.8,4,1,1,91,92,56,12,38,80,19.40%,9.20%,61
9013,491624,Cesar Valdez,2022,FA,37,4.59,1.39,3,3,0.5,32,0,0.67,4,2,2,51,53,26,7,18,49,21.60%,7.90%,29
7196,518813,Greg Holland,2022,FA,37,4.27,1.32,4,3,0.57,46,0,0.78,4,5,2,59,53,28,8,25,59,22.30%,9.60%,31
11632,592390,Heath Hembree,2022,PIT,33,5.24,1.34,4,5,0.44,53,0,0.67,4,5,2,67,63,39,13,27,76,25.70%,9.30%,42
15761,641729,Joe Jimenez,2022,DET,27,5.06,1.36,5,4,0.56,52,0,0.67,4,7,2,64,58,36,10,29,71,24.70%,10.10%,39
10430,571710,Mychal Givens,2022,CHC,32,4.02,1.32,4,4,0.5,50,0,0.57,4,7,3,65,57,29,10,29,69,24.00%,9.80%,33
1581,448281,Sean Doolittle,2022,WSN,36,4.57,1.41,4,4,0.5,50,0,0.67,4,4,2,63,63,32,10,26,64,22.70%,9.20%,34
12988,605177,Andrew Chafin,2022,DET,32,3.57,1.22,3,5,0.38,58,0,0.5,3,12,3,68,59,27,8,24,69,23.80%,8.10%,29
15552,643338,Chad Green,2022,NYY,31,3.89,1.12,6,6,0.5,51,2,0.5,3,15,3,74,60,32,12,23,84,27.20%,7.40%,35
12076,553878,Felipe Vazquez,2022,FA,31,3.96,1.24,2,1,0.67,15,0,0.75,3,1,1,25,22,11,3,9,27,25.20%,8.40%,12
11801,570663,Hansel Robles,2022,FA,32,4.71,1.37,3,4,0.43,50,0,0.8,3,7,2,63,58,33,9,28,67,23.60%,10.00%,36
6986,453178,Ian Kennedy,2022,ARI,38,4.36,1.32,3,3,0.5,50,1,0.85,3,2,2,66,64,32,12,23,68,23.50%,8.00%,35
5003,518617,Jake Diekman,2022,BOS,35,3.9,1.33,4,4,0.5,55,0,0.5,3,13,3,67,56,29,9,33,80,26.80%,10.90%,32
6941,465657,Joakim Soria,2022,FA,38,4.41,1.33,2,4,0.33,37,0,0.6,3,6,2,49,46,24,7,19,50,23.30%,8.80%,25
19753,642528,Jonathan Loaisiga,2022,NYY,28,3.55,1.21,7,4,0.64,44,2,0.5,3,18,3,71,63,28,8,23,72,23.70%,7.60%,31
19618,663855,Jordan Hicks,2022,STL,26,4.15,1.27,3,3,0.5,31,0,0.75,3,4,1,52,44,24,6,22,54,24.00%,9.80%,26
18335,622251,Josh Staumont,2022,KCR,29,3.65,1.28,4,4,0.5,52,0,0.75,3,11,1,69,58,28,8,30,76,25.00%,10.00%,31
11752,592426,Luke Jackson,2022,ATL,31,4.06,1.39,2,1,0.67,24,0,0.5,3,13,3,31,30,14,4,13,33,23.50%,9.40%,15
17998,664126,Peter Fairbanks,2022,TBR,29,4,1.37,2,2,0.5,20,0,0.6,3,16,2,27,25,12,3,12,31,26.40%,9.90%,14
4185,503569,Rafael Dolis,2022,FA,34,4.21,1.4,3,3,0.5,34,0,0.75,3,5,1,47,42,22,5,24,50,23.70%,11.40%,25
17264,656322,Sam Coonrod,2022,PHI,29,4.68,1.36,1,2,0.33,19,0,0.5,3,6,3,25,24,13,3,10,26,22.90%,9.00%,14
12447,607625,Seth Lugo,2022,NYM,33,4.16,1.3,5,5,0.5,43,3,0.5,3,8,3,67,63,31,10,24,75,25.60%,8.20%,34
10756,572888,Shane Greene,2022,FA,34,4.4,1.33,2,2,0.5,32,0,0.75,3,5,1,43,40,21,6,17,41,21.60%,8.90%,22
16058,592233,Stefan Crichton,2022,FA,30,4.4,1.37,2,3,0.4,32,0,0.75,3,4,1,43,42,21,5,17,40,20.50%,8.70%,23
15046,641627,Trevor Gott,2022,MIL,30,4.94,1.35,4,3,0.57,34,0,0.6,3,4,2,51,48,28,9,21,51,22.10%,9.30%,30
6398,543507,Trevor May,2022,NYM,33,3.97,1.28,5,3,0.62,55,0,0.6,3,14,2,68,61,30,10,26,81,27.50%,8.80%,34
10745,572096,Trevor Rosenthal,2022,FA,32,4.2,1.3,2,1,0.67,20,0,0.75,3,2,1,30,26,14,4,13,34,26.00%,9.90%,16
7441,451584,Wade Davis,2022,FA,37,5.94,1.49,2,4,0.33,33,0,0.6,3,2,2,47,49,31,8,21,44,20.60%,9.80%,33
14295,593974,Wandy Peralta,2022,NYY,31,4.09,1.32,4,4,0.5,51,0,0.75,3,4,1,66,61,30,10,26,62,21.40%,9.00%,34
23550,676879,Aaron Ashby,2022,MIL,29,4.29,1.27,4,4,0.5,31,2,0.67,2,3,1,63,56,30,8,24,67,24.50%,8.80%,34
16258,607481,Aaron Bummer,2022,CHW,29,3.6,1.25,4,4,0.5,50,0,0.4,2,21,3,65,53,26,6,28,73,26.00%,10.00%,30
15231,642083,Aaron Slegers,2022,FA,30,4.69,1.35,2,2,0.5,28,1,0.67,2,3,1,48,47,25,6,18,44,20.70%,8.50%,26
17485,656061,Albert Abreu,2022,NYY,27,4.58,1.31,3,3,0.5,35,0,0.67,2,4,1,59,52,30,10,25,60,23.20%,9.70%,33
19883,656638,Alex Lange,2022,DET,29,4.12,1.34,3,4,0.43,38,0,0.5,2,5,2,59,56,27,8,23,61,23.40%,8.80%,30
25007,681911,Alex Vesia,2022,LAD,29,4.2,1.28,4,3,0.57,41,0,0.67,2,12,1,60,49,28,9,28,67,25.60%,10.70%,33
20373,662253,Andres Munoz,2022,SEA,23,4.14,1.26,3,3,0.5,28,0,0.67,2,7,1,50,44,23,6,19,54,24.50%,8.80%,25
6785,453192,Andrew Miller,2022,FA,37,4.3,1.37,2,2,0.5,37,0,0.67,2,6,1,46,44,22,6,19,48,23.30%,9.20%,24
14706,607455,Anthony Banda,2022,PIT,29,4.58,1.41,4,3,0.57,36,0,0.5,2,4,2,59,60,30,9,23,57,21.50%,8.70%,34
12918,605151,Archie Bradley,2022,LAA,30,4.02,1.34,5,4,0.56,48,0,0.71,2,6,2,65,62,29,7,25,63,21.90%,8.70%,31
24937,681810,Austin Warren,2022,LAA,29,3.76,1.25,4,3,0.57,31,0,0.67,2,4,1,55,50,23,6,19,55,23.10%,8.00%,26
5224,453284,Blake Parker,2022,FA,37,4.06,1.33,3,2,0.6,38,1,0.67,2,4,1,51,48,23,7,20,52,23.20%,8.90%,25
10133,502202,Brad Boxberger,2022,MIL,34,3.97,1.28,4,4,0.5,56,0,0.4,2,11,3,68,59,30,9,28,74,24.80%,9.40%,33
16466,641703,Brent Honeywell,2022,OAK,27,4.32,1.32,1,1,0.5,13,1,0.67,2,3,1,25,23,12,4,10,25,22.90%,8.70%,13
10061,548384,Brooks Raley,2022,TBR,29,4.43,1.23,3,4,0.43,50,0,0.5,2,11,2,65,57,32,9,23,73,26.00%,8.20%,36
8110,543766,Bryan Shaw,2022,CLE,35,4.63,1.43,5,5,0.5,55,0,0.4,2,9,3,70,68,36,10,32,65,20.60%,10.00%,38
11847,455119,Chris Martin,2022,CHC,36,3.86,1.22,3,4,0.43,48,0,0.5,2,9,2,63,60,27,8,17,60,21.90%,6.40%,30
7274,489334,Craig Stammen,2022,SDP,38,4.08,1.24,6,4,0.6,53,1,0.5,2,9,2,75,73,34,11,20,70,21.70%,6.20%,36
15816,642207,Devin Williams,2022,MIL,28,3.22,1.18,6,3,0.67,49,0,0.5,2,22,2,67,51,24,7,28,88,39.00%,9.90%,27
17796,622253,Dillon Tate,2022,BAL,28,4.3,1.23,2,5,0.29,47,0,0.67,2,5,1,69,60,33,8,25,62,20.70%,8.30%,35
13763,608678,Dominic Leone,2022,SFG,31,3.88,1.32,4,4,0.5,50,2,0.5,2,9,2,65,59,28,8,27,67,23.60%,9.50%,32
16587,657024,Erik Swanson,2022,SEA,29,4.72,1.26,2,5,0.29,39,2,0.5,2,5,2,61,57,32,10,20,61,23.10%,7.60%,36
17490,650893,Genesis Cabrera,2022,STL,26,3.86,1.29,5,4,0.56,52,0,0.5,2,13,2,70,57,30,7,33,78,25.50%,10.80%,34
14506,605525,J.B. Wendelken,2022,ARI,29,3.94,1.3,4,4,0.5,46,0,0.67,2,5,1,64,57,28,7,26,65,23.30%,9.30%,32
16610,656420,J.P. Feyereisen,2022,TBR,29,3.88,1.26,4,4,0.5,45,0,0.5,2,11,2,65,52,28,9,30,63,22.50%,10.70%,32
19274,657097,Jacob Webb,2022,ATL,29,3.68,1.36,2,1,0.67,15,0,0.67,2,3,1,22,21,9,3,9,22,22.30%,8.70%,11
12774,545064,Jairo Diaz,2022,FA,31,4.8,1.47,2,2,0.5,20,0,0.67,2,2,1,30,31,16,4,13,29,21.20%,9.50%,18
17783,641394,Jake Brentz,2022,KCR,29,3.95,1.29,4,3,0.57,50,0,0.4,2,9,3,66,55,29,8,30,71,24.70%,10.40%,33
9490,502026,Jeremy Jeffress,2022,FA,35,4.2,1.3,2,2,0.5,20,0,0.67,2,3,1,30,27,14,4,12,28,21.20%,9.10%,15
13287,534910,Jesse Hahn,2022,FA,33,4.2,1.3,2,2,0.5,19,0,0.67,2,3,1,30,26,14,4,13,31,23.50%,9.80%,15
16128,595928,John Curtiss,2022,FA,29,3.7,1.25,4,2,0.67,36,2,0.67,2,3,1,56,52,23,8,18,56,23.10%,7.40%,27
19459,660896,Jorge Alcala,2022,MIN,27,3.97,1.18,4,5,0.44,47,0,0.5,2,9,2,68,58,30,10,22,70,24.30%,7.60%,33
6399,542585,Jose Cisnero,2022,DET,33,4.04,1.32,4,5,0.44,54,0,0.4,2,10,3,69,62,31,8,29,71,23.10%,9.60%,36
16703,657240,Julian Merryweather,2022,TOR,31,4.34,1.31,2,3,0.4,34,2,0.67,2,3,1,58,54,28,8,22,58,22.80%,8.70%,30
19795,624522,Keegan Thompson,2022,CHC,29,3.9,1.36,4,4,0.5,36,3,0.67,2,3,1,67,61,29,10,30,68,22.60%,10.10%,32
15264,641871,Keynan Middleton,2022,FA,29,4.5,1.39,2,3,0.4,30,0,1,2,3,0,44,41,22,5,20,41,20.90%,10.20%,24
21290,656458,Lucas Gilbreath,2022,COL,29,3.98,1.31,4,3,0.57,42,0,0.67,2,4,1,61,54,27,8,26,62,23.20%,9.70%,30
6984,472610,Luis Garcia,2022,SDP,35,4.3,1.3,1,1,0.5,16,0,0.67,2,13,1,23,21,11,3,9,22,22.10%,9.10%,12
20794,655889,Manuel Rodr‚àö‚â†guez,2022,CHC,29,4.24,1.35,1,1,0.5,10,0,0.67,2,3,1,17,16,8,2,7,17,22.50%,9.60%,10
12022,542882,Matt Andriese,2022,FA,33,4.66,1.36,3,4,0.43,34,1,0.5,2,4,2,58,58,30,8,21,59,23.00%,8.20%,34
12804,605538,Matt Wisler,2022,TBR,30,3.9,1.24,3,5,0.38,46,3,0.5,2,10,2,67,59,29,9,24,76,26.40%,8.30%,32
19454,621074,Michael Rucker,2022,CHC,29,4.95,1.3,1,1,0.5,11,0,0.67,2,2,1,20,19,11,3,7,20,23.00%,8.30%,12
15451,594577,Mike Mayers,2022,LAA,31,3.95,1.26,4,4,0.5,54,1,0.5,2,10,2,73,65,32,10,27,81,25.70%,8.60%,34
23292,676050,Packy Naughton,2022,STL,29,4.8,1.43,1,2,0.33,14,1,0.67,2,3,1,30,30,16,4,13,28,20.30%,9.50%,17
15832,643316,Paul Fry,2022,BAL,30,4.64,1.41,4,5,0.44,51,0,0.5,2,8,2,64,59,33,8,31,71,24.70%,10.80%,36
5420,520980,Pedro Baez,2022,HOU,34,3.91,1.23,3,2,0.6,36,0,0.67,2,8,1,53,45,23,7,20,51,22.50%,8.80%,27
18519,641360,Phil Bickford,2022,LAD,29,3.96,1.24,2,1,0.67,18,0,0.5,2,6,2,25,22,11,3,9,27,24.40%,8.40%,12
12760,606160,Rafael Montero,2022,HOU,32,4.78,1.34,4,4,0.5,44,0,0.7,2,4,3,64,63,34,8,23,63,22.30%,8.10%,39
17682,621248,Ralph Garza Jr.,2022,BOS,29,4.05,1.3,1,2,0.33,12,0,0.67,2,3,1,20,18,9,3,8,20,22.60%,9.10%,10
12673,606273,Roenis Elias,2022,FA,34,4.32,1.28,2,1,0.67,14,0,0.67,2,1,1,25,23,12,4,9,24,22.20%,8.30%,14
5615,518489,Ryan Brasier,2022,BOS,35,4.34,1.36,3,3,0.5,40,1,0.5,2,8,2,56,54,27,8,22,57,23.10%,8.90%,30
18138,664854,Ryan Helsley,2022,STL,28,4.29,1.33,5,4,0.56,45,0,0.5,2,7,2,63,56,30,8,28,62,22.40%,10.10%,33
12249,595411,Ryan Sherriff,2022,PHI,29,4.24,1.35,1,1,0.5,11,0,0.67,2,3,1,17,16,8,2,7,16,21.60%,8.70%,9
15947,592773,Ryne Stanek,2022,HOU,31,4.11,1.3,3,4,0.43,53,3,0.5,2,10,2,70,58,32,10,33,76,24.70%,10.70%,36
19583,664092,Sean Poppen,2022,ARI,29,4.66,1.46,3,3,0.5,36,0,0.67,2,3,1,56,59,29,7,23,60,23.60%,8.70%,33
12361,607359,Spencer Patton,2022,TEX,29,4.2,1.28,3,3,0.5,40,0,0.5,2,7,2,60,55,28,7,22,63,24.20%,8.50%,30
14899,592865,Taylor Williams,2022,FA,31,4.76,1.38,2,2,0.5,21,0,0.67,2,2,1,34,33,18,4,14,35,22.90%,9.20%,20
3132,453265,Tony Watson,2022,FA,37,4.03,1.19,4,3,0.57,46,0,0.5,2,13,2,58,50,26,7,19,50,20.30%,7.70%,29
19932,663986,Trevor Stephan,2022,CLE,29,4.23,1.35,4,3,0.57,38,0,0.67,2,3,1,66,61,31,12,28,71,24.40%,9.60%,34
14719,621142,Ty Buttrey,2022,FA,29,4.65,1.35,2,2,0.5,21,0,0.5,2,3,2,31,30,16,4,12,30,21.90%,8.00%,17
5640,461325,Tyler Clippard,2022,FA,37,4,1.24,2,2,0.5,32,1,0.5,2,5,2,45,40,20,6,16,44,22.60%,8.20%,22
13758,608648,Tyler Duffey,2022,MIN,32,3.57,1.22,4,3,0.57,52,0,0.5,2,15,2,68,57,27,8,26,73,24.70%,8.90%,31
3192,501789,Will Harris,2022,WSN,38,4,1.35,3,3,0.5,39,0,0.5,2,8,2,54,52,24,8,21,55,23.10%,8.80%,28
19756,673633,Yoshihisa Hirano,2022,FA,38,4.5,1.43,1,2,0.33,18,0,0.67,2,2,1,28,28,14,4,12,27,21.30%,9.40%,16
15823,641793,Zack Littell,2022,SFG,27,3.95,1.27,4,2,0.67,49,1,0.5,2,4,2,66,59,29,10,25,66,23.10%,8.70%,32
11467,595918,A.J. Cole,2022,FA,30,3.97,1.32,2,2,0.5,22,0,0.33,1,2,2,34,32,15,5,13,34,22.80%,8.70%,17
18655,621345,A.J. Minter,2022,ATL,29,4.02,1.32,4,5,0.44,53,0,0.25,1,13,3,65,59,29,7,27,69,24.20%,9.50%,32
19343,640462,A.J. Puk,2022,OAK,27,4.42,1.34,3,4,0.43,30,0,0.33,1,3,2,53,51,26,7,20,56,23.80%,8.50%,28
8350,573109,A.J. Ramos,2022,FA,36,4.18,1.32,1,1,0.5,15,0,1,1,1,0,28,26,13,4,11,26,21.30%,9.00%,14
11243,502578,Aaron Barrett,2022,PHI,34,4.15,1.31,1,1,0.5,7,0,1,1,1,0,13,12,6,2,5,12,22.30%,8.90%,7
10343,571901,Aaron Loup,2022,LAA,35,3.09,1.16,5,3,0.62,53,1,0.25,1,15,3,67,56,23,7,22,66,22.80%,7.70%,27
16904,658792,Aaron Wilkerson,2022,FA,33,4.32,1.36,1,1,0.5,13,0,1,1,1,0,25,24,12,4,10,24,21.60%,9.00%,13
13188,606167,Adalberto Mejia,2022,FA,29,4.32,1.32,1,1,0.5,14,0,1,1,2,0,25,23,12,3,10,25,22.90%,9.20%,14
15288,643256,Adam Cimber,2022,TOR,32,3.65,1.23,4,4,0.5,55,0,0.5,1,7,1,69,64,28,6,21,58,19.40%,7.00%,31
14457,543045,Adam Conley,2022,FA,32,4.5,1.35,2,2,0.5,22,0,0.5,1,2,1,34,33,17,5,13,33,21.90%,8.60%,18
12580,605388,Adam Morgan,2022,FA,32,4.5,1.35,2,2,0.5,32,0,0.33,1,5,2,40,38,20,7,16,42,23.70%,9.00%,22
15846,592644,Adam Plutko,2022,FA,31,5.18,1.42,3,4,0.43,31,4,0.5,1,3,1,66,69,38,13,25,56,18.90%,8.40%,40
9029,476589,Adam Warren,2022,FA,35,4.32,1.36,2,1,0.67,14,0,1,1,2,0,25,24,12,4,10,24,21.80%,9.10%,13
12890,592222,Alex Claudio,2022,FA,30,4.6,1.38,2,2,0.5,37,0,0.5,1,4,1,45,44,23,7,18,42,21.00%,9.00%,25
9239,543935,Alex Wilson,2022,FA,36,4.68,1.36,1,1,0.5,13,0,1,1,1,0,25,24,13,4,10,25,22.50%,9.00%,14
3993,543903,Allen Webster,2022,FA,32,4.32,1.32,1,1,0.5,13,0,1,1,1,0,25,24,12,3,9,25,22.70%,8.20%,13
14681,600921,Andres Machado,2022,WSN,29,3.97,1.29,3,3,0.5,40,0,0.33,1,7,2,59,53,26,8,23,57,21.70%,8.90%,30
7853,452027,Andrew Albers,2022,SEA,37,4.82,1.39,2,2,0.5,13,1,1,1,1,0,28,28,15,5,11,25,20.40%,8.80%,16
18300,605498,Andrew Suarez,2022,FA,30,4.34,1.34,1,1,0.5,15,0,1,1,1,0,29,27,14,4,12,27,21.10%,9.40%,15
13533,592811,Andrew Triggs,2022,FA,33,4.62,1.33,2,3,0.4,16,2,1,1,1,0,39,36,20,6,16,38,22.10%,9.30%,21
24933,681806,Andrew Wantz,2022,LAA,29,4.26,1.26,1,1,0.5,11,0,0.5,1,2,1,19,17,9,3,7,21,24.80%,8.80%,10
17759,622780,Angel Perdomo,2022,MIL,29,4.76,1.41,1,1,0.5,11,0,0.5,1,3,1,17,15,9,2,9,19,24.80%,11.40%,10
5097,543238,Anthony Gose,2022,CLE,32,4.15,1.25,3,3,0.5,28,0,0.5,1,3,1,52,46,24,7,19,53,23.70%,8.50%,26
18152,664948,Anthony Misiewicz,2022,SEA,29,4.36,1.35,4,5,0.44,53,0,0.25,1,13,3,66,66,32,9,23,68,23.00%,7.60%,34
7466,461872,Anthony Swarzak,2022,FA,37,4.94,1.42,2,2,0.5,20,0,0.5,1,3,1,31,32,17,5,12,29,20.90%,8.60%,18
5498,527055,Arodys Vizcaino,2022,FA,32,4.32,1.32,1,1,0.5,13,0,0.5,1,1,1,25,23,12,3,10,25,22.90%,9.20%,13
15139,623485,Ashton Goudeau,2022,COL,29,4.5,1.33,3,3,0.5,30,0,0.5,1,2,1,60,56,30,9,24,52,19.60%,9.10%,32
13801,613534,Austin Adams,2022,SDP,31,4.22,1.27,4,3,0.57,50,0,0.5,1,9,1,64,50,30,6,31,77,26.90%,10.80%,33
17237,592169,Austin Brice,2022,FA,30,4.62,1.38,2,1,0.67,25,1,1,1,3,0,37,35,19,5,16,39,23.50%,9.60%,21
17117,656354,Austin Davis,2022,BOS,29,4.89,1.39,3,3,0.5,39,0,0.33,1,4,2,57,56,31,8,23,58,22.70%,9.00%,34
15290,643493,Austin Pruitt,2022,FA,33,4.35,1.26,2,2,0.5,15,0,1,1,1,0,31,29,15,5,10,29,21.50%,7.40%,16
15047,608723,Austin Voth,2022,WSN,30,5.04,1.4,4,4,0.5,36,6,0.33,1,4,2,75,75,42,14,30,73,21.70%,8.90%,44
20070,663559,Bailey Falter,2022,PHI,29,4.58,1.27,3,3,0.5,32,0,0.5,1,3,1,59,56,30,8,19,60,23.00%,7.40%,32
sa874682,663366,Beau Burrows,2022,FA,26,4.5,1.31,1,1,0.5,14,0,1,1,1,0,26,25,13,4,9,26,22.80%,7.90%,14
15100,621294,Ben Heller,2022,FA,31,4.15,1.35,1,1,0.5,15,0,1,1,1,0,26,25,12,4,10,26,22.40%,8.60%,13
14932,594902,Ben Lively,2022,FA,30,4.32,1.28,1,1,0.5,13,0,1,1,1,0,25,23,12,3,9,25,23.10%,8.30%,13
6499,543278,Blaine Hardy,2022,FA,35,4.5,1.31,1,2,0.33,14,0,1,1,2,0,26,24,13,4,10,24,21.20%,8.80%,14
16418,642130,Blake Taylor,2022,HOU,29,3.71,1.33,5,4,0.56,48,0,0.25,1,6,3,63,56,26,8,28,61,22.00%,10.10%,30
14832,592833,Bobby Wahl,2022,FA,30,4.68,1.32,1,2,0.33,14,0,1,1,1,0,25,24,13,4,9,25,22.90%,8.30%,14
6627,542960,Brad Brach,2022,FA,36,5.02,1.47,2,3,0.4,32,0,0.33,1,5,2,43,41,24,6,22,44,22.60%,11.30%,27
16390,623364,Brad Wieck,2022,CHC,31,3.71,1.29,1,1,0.5,11,0,0.5,1,4,1,17,15,7,2,7,19,26.30%,9.30%,8
14101,571858,Branden Kline,2022,FA,31,4.5,1.35,1,2,0.33,14,0,1,1,2,0,26,24,13,4,11,26,22.80%,9.60%,14
19582,669064,Brandon Bailey,2022,FA,28,4,1.26,1,1,0.5,14,0,1,1,1,0,27,24,12,4,10,26,22.00%,8.50%,13
13527,592165,Brandon Brennan,2022,ATL,31,4.5,1.36,1,1,0.5,8,0,0.5,1,2,1,14,13,7,2,6,14,21.80%,9.70%,7
13942,608718,Brent Suter,2022,MIL,33,3.7,1.29,7,4,0.64,46,2,0.25,1,5,3,73,70,30,10,24,73,23.00%,7.50%,35
11369,518649,Brett Eibner,2022,FA,34,4.5,1.38,1,1,0.5,13,0,1,1,1,0,26,25,13,4,11,26,22.60%,8.70%,15
17369,656685,Brett Martin,2022,TEX,27,3.76,1.31,4,4,0.5,51,0,0.5,1,7,1,67,65,28,8,23,59,20.10%,7.80%,34
12027,543169,Brian Flynn,2022,FA,32,4.5,1.36,2,2,0.5,13,0,1,1,1,0,28,27,14,4,11,27,21.60%,8.80%,15
14272,598271,Brian Johnson,2022,FA,32,4.38,1.38,2,2,0.5,14,2,1,1,1,0,37,36,18,5,15,35,21.20%,9.10%,20
16727,592779,Brock Stewart,2022,FA,31,4.68,1.32,2,1,0.67,13,0,1,1,1,0,25,24,13,4,9,24,22.00%,8.30%,14
10387,572044,Brooks Pounders,2022,FA,32,4.32,1.32,1,1,0.5,13,0,1,1,1,0,25,24,12,3,9,25,22.90%,8.30%,13
20367,660813,Brusdar Graterol,2022,LAD,24,4.06,1.24,4,3,0.57,44,2,0.33,1,9,2,62,56,28,7,21,58,21.40%,7.70%,31
11479,571951,Bryan Mitchell,2022,MIA,31,3.86,1.29,1,1,0.5,7,0,1,1,1,0,14,13,6,2,5,13,22.70%,8.40%,7
14814,571656,Buck Farmer,2022,FA,31,4.5,1.38,2,2,0.5,36,0,0.5,1,6,1,48,47,24,8,19,46,21.50%,8.90%,26
12784,572143,Burch Smith,2022,FA,32,4.59,1.33,3,2,0.6,29,0,0.5,1,3,1,49,48,25,6,17,45,20.90%,7.90%,27
19349,657571,Caleb Ferguson,2022,LAD,26,3.94,1.25,1,1,0.5,11,0,0.33,1,5,2,16,14,7,2,6,17,25.50%,8.70%,8
14875,592761,Caleb Smith,2022,ARI,31,4.4,1.33,4,6,0.4,34,9,0.5,1,2,1,88,74,43,15,43,93,24.00%,11.10%,46
10078,573204,Caleb Thielbar,2022,MIN,35,3.84,1.26,5,3,0.62,47,0,0.5,1,7,1,68,61,29,8,25,73,24.80%,8.50%,31
13360,592135,Cam Bedrosian,2022,FA,31,4.19,1.33,2,2,0.5,29,1,0.5,1,3,1,43,39,20,6,18,41,21.80%,9.60%,21
13607,605218,Carl Edwards,2022,FA,31,4.82,1.36,1,1,0.5,18,0,0.5,1,2,1,28,27,15,4,11,29,23.60%,8.90%,16
11209,594987,Casey Sadler,2022,SEA,32,3.6,1.16,1,1,0.5,17,0,0.5,1,10,1,25,20,10,3,9,24,22.70%,8.70%,11
10587,518452,Chad Bettis,2022,FA,33,4.5,1.36,1,2,0.33,14,0,0.5,1,1,1,28,28,14,4,10,26,20.80%,8.00%,16
18135,664856,Chance Adams,2022,FA,28,5,1.37,1,1,0.5,14,0,1,1,1,0,27,28,15,4,9,26,21.80%,7.60%,16
12452,607473,Chasen Bradford,2022,FA,33,4.32,1.32,1,1,0.5,13,0,1,1,1,0,25,24,12,4,9,24,22.00%,8.30%,13
10855,592741,Chasen Shreve,2022,FA,32,3.97,1.29,3,3,0.5,41,0,0.5,1,6,1,59,50,26,8,26,58,22.70%,10.20%,28
9866,475054,Chaz Roe,2022,FA,36,4.33,1.37,2,1,0.67,19,0,0.5,1,4,1,27,26,13,3,11,28,23.30%,9.20%,15
9895,543734,Chris Rusin,2022,FA,36,4.5,1.38,1,1,0.5,13,0,1,1,1,0,26,26,13,4,10,25,21.70%,8.70%,14
19614,672335,Cionel Perez,2022,BAL,26,4.58,1.39,3,3,0.5,36,0,0.5,1,2,1,57,52,29,8,27,59,23.20%,10.60%,33
13649,605280,Clay Holmes,2022,NYY,29,4.1,1.26,5,4,0.56,48,0,0.5,1,6,1,68,58,31,7,28,71,24.00%,9.50%,34
12183,592102,Cody Allen,2022,FA,34,4.32,1.36,1,2,0.33,14,0,1,1,1,0,25,24,12,4,10,25,22.70%,9.10%,13
12799,594736,Cody Anderson,2022,FA,32,4.38,1.33,2,2,0.5,14,2,0.5,1,1,1,39,37,19,5,15,39,22.70%,8.70%,21
15232,642003,Cody Reed,2022,FA,26,4.22,1.34,1,2,0.33,20,0,1,1,2,0,32,29,15,4,14,32,22.50%,9.90%,16
18088,664054,Cody Stashak,2022,MIN,29,4.34,1.3,3,3,0.5,34,0,0.5,1,6,1,56,52,27,8,21,61,24.90%,8.60%,29
12317,607067,Colin Rea,2022,FA,32,4.86,1.32,2,2,0.5,17,1,1,1,2,0,37,36,20,6,13,36,22.10%,8.00%,21
7531,543521,Collin McHugh,2022,ATL,35,3.39,1.19,5,3,0.62,37,4,0.5,1,9,1,69,60,26,8,22,73,24.70%,7.40%,30
12997,605155,Colten Brewer,2022,FA,30,4.75,1.5,2,2,0.5,20,2,1,1,2,0,36,37,19,6,17,36,22.00%,10.40%,21
21205,641401,Connor Brogdon,2022,PHI,29,3.95,1.21,5,4,0.56,46,0,0.33,1,6,2,66,56,29,9,24,66,23.00%,8.50%,33
13677,621261,Corey Oswalt,2022,FA,29,4.5,1.33,2,2,0.5,17,1,1,1,1,0,40,39,20,6,14,39,22.20%,8.00%,21
7947,518715,Cory Gearrin,2022,FA,36,4.15,1.38,1,1,0.5,16,0,1,1,2,0,26,25,12,3,11,25,21.70%,9.60%,13
16101,605482,Cy Sneed,2022,FA,30,4.66,1.41,1,2,0.33,17,0,0.5,1,2,1,29,29,15,4,12,30,23.10%,9.20%,17
16507,656186,Dan Altavilla,2022,BOS,30,4.8,1.4,1,1,0.5,10,0,0.5,1,2,1,15,14,8,2,7,16,24.20%,9.80%,8
8073,543359,Dan Jennings,2022,FA,35,4.32,1.36,1,2,0.33,13,0,0.5,1,1,1,25,24,12,4,10,25,22.50%,9.00%,14
7385,519096,Dan Otero,2022,FA,37,4.32,1.36,1,1,0.5,14,0,1,1,1,0,25,25,12,4,9,23,20.90%,8.20%,13
12237,595465,Dan Winkler,2022,FA,32,4.41,1.37,2,3,0.4,37,0,0.5,1,4,1,49,42,24,7,25,49,22.20%,11.30%,26
13293,543056,Daniel Coulombe,2022,FA,33,4.09,1.3,3,2,0.6,26,0,0.5,1,2,1,44,42,20,6,15,43,22.40%,7.80%,22
16980,596043,Daniel Mengden,2022,KCR,29,4.5,1.35,1,1,0.5,9,1,1,1,1,0,20,19,10,3,8,19,21.30%,9.00%,10
13475,596057,Daniel Norris,2022,CHC,29,4.63,1.33,4,4,0.5,40,3,0.5,1,3,1,70,67,36,10,26,69,22.40%,8.50%,38
16110,594965,Daniel Ponce de leon,2022,FA,30,4.71,1.37,3,4,0.43,24,7,0.5,1,1,1,63,55,33,10,31,66,23.60%,11.10%,35
19848,650382,Darwinzon Hernandez,2022,BOS,26,3.84,1.38,3,3,0.5,45,0,0.33,1,8,2,61,51,26,7,33,74,26.70%,12.10%,29
19345,641726,Daulton Jefferies,2022,OAK,27,4.45,1.28,5,6,0.45,14,11,0.5,1,3,1,93,85,46,13,34,87,21.80%,8.40%,50
21101,664294,Dauri Moreta,2022,CIN,29,4.24,1.29,3,3,0.5,27,0,0.5,1,3,1,51,47,24,7,19,51,23.00%,8.60%,26
3959,502304,David Carpenter,2022,FA,37,4.32,1.36,1,1,0.5,13,0,1,1,1,0,25,24,12,3,10,24,21.80%,9.10%,13
9756,571735,David Hale,2022,FA,35,4.6,1.4,2,2,0.5,24,1,0.5,1,1,1,45,47,23,6,16,41,20.40%,8.00%,25
4259,456696,David Hernandez,2022,FA,37,4.68,1.4,1,2,0.33,15,0,0.5,1,2,1,25,25,13,4,10,25,22.30%,8.90%,15
17418,600944,David Paulino,2022,FA,28,4.15,1.27,1,1,0.5,13,0,1,1,1,0,26,24,12,4,9,26,23.20%,8.00%,14
6316,475479,David Phelps,2022,FA,36,4.5,1.33,2,3,0.4,25,0,0.5,1,4,1,36,34,18,6,14,39,24.50%,8.80%,19
8241,502085,David Robertson,2022,CHC,37,4.33,1.35,3,3,0.5,31,1,0.5,1,2,1,54,52,26,8,21,55,23.30%,8.90%,29
6216,476454,Dellin Betances,2022,FA,34,4.82,1.43,1,2,0.33,17,0,1,1,3,0,28,27,15,4,13,28,22.20%,10.30%,16
17878,642701,Dennis Santana,2022,TEX,26,4.36,1.33,3,4,0.43,46,0,0.33,1,4,2,66,59,32,8,29,64,22.00%,10.00%,36
8410,500610,Deolis Guerra,2022,OAK,29,4.5,1.23,2,2,0.5,20,0,0.5,1,3,1,30,27,15,4,10,29,22.70%,7.90%,17
4141,502706,Derek Holland,2022,FA,36,5.34,1.44,3,4,0.43,34,3,0.5,1,2,1,64,66,38,12,26,64,22.20%,9.00%,40
13133,571882,Derek Law,2022,FA,32,4.5,1.41,2,2,0.5,20,0,0.5,1,2,1,34,33,17,5,15,34,22.20%,9.80%,18
17092,642758,Domingo Acevedo,2022,OAK,29,4.08,1.28,3,3,0.5,29,0,0.5,1,3,1,53,48,24,8,20,52,22.60%,8.70%,26
12178,593619,Domingo Tapia,2022,KCR,29,3.81,1.29,4,3,0.57,39,0,0.33,1,5,2,59,52,25,7,24,56,21.80%,9.30%,27
11604,596720,Dovydas Neverauskas,2022,FA,29,4.97,1.45,1,2,0.33,18,0,1,1,1,0,29,30,16,5,12,31,23.80%,9.20%,18
10732,571800,Drew Hutchison,2022,FA,32,3.98,1.35,3,2,0.6,18,2,0.5,1,2,1,43,41,19,5,17,39,20.50%,8.90%,22
17755,622098,Drew Smith,2022,NYM,29,3.84,1.25,4,3,0.57,38,0,0.5,1,4,1,61,53,26,9,23,62,23.00%,8.70%,29
13424,572403,Drew VerHagen,2022,STL,32,4.58,1.36,3,3,0.5,26,1,1,1,1,0,53,52,27,7,20,52,21.60%,8.60%,29
14677,621249,Duane Underwood Jr.,2022,PIT,29,4.5,1.39,3,3,0.5,42,0,0.5,1,3,1,70,71,35,10,26,71,22.70%,8.30%,39
22276,669395,Dylan Coleman,2022,KCR,29,3.98,1.27,3,3,0.5,27,0,0.5,1,3,1,52,47,23,7,19,52,23.10%,8.40%,25
14825,592229,Dylan Covey,2022,FA,31,5.14,1.4,2,2,0.5,16,2,1,1,1,0,35,36,20,5,13,33,20.90%,8.20%,22
19276,658305,Edgar Garcia,2022,FA,26,5.45,1.36,2,2,0.5,20,0,0.5,1,3,1,33,31,20,6,14,33,22.40%,9.50%,21
17355,650828,Edgar Santana,2022,FA,31,4.11,1.26,3,2,0.6,30,0,0.5,1,3,1,46,42,21,7,16,43,21.60%,8.00%,23
3990,450172,Edinson Volquez,2022,FA,39,4.5,1.37,2,2,0.5,16,1,1,1,1,0,30,29,15,4,12,28,21.10%,9.00%,17
16086,591693,Edubray Ramos,2022,FA,30,4.32,1.32,1,1,0.5,14,0,0.5,1,2,1,25,24,12,4,9,25,22.70%,8.20%,13
20203,669212,Eli Morgan,2022,CLE,29,4.7,1.28,5,6,0.45,32,9,0.5,1,3,1,90,87,47,16,28,86,22.10%,7.20%,50
18403,660853,Enyel De Los Santos,2022,FA,27,4.81,1.4,2,2,0.5,27,0,0.5,1,2,1,43,43,23,7,17,47,24.20%,8.80%,27
10314,541640,Erasmo Ramirez,2022,FA,32,4.39,1.24,2,2,0.5,22,0,1,1,2,0,41,37,20,6,14,38,21.00%,8.00%,21
17425,607200,Erick Fedde,2022,WSN,29,4.8,1.39,7,9,0.44,24,22,0.5,1,2,1,137,137,73,22,53,118,19.20%,8.70%,79
12297,605359,Evan Marshall,2022,FA,32,4.09,1.3,2,3,0.4,32,0,0.33,1,7,2,44,40,20,6,17,44,23.00%,8.90%,21
17734,623465,Evan Phillips,2022,LAD,29,4.42,1.38,3,3,0.5,33,0,0.5,1,4,1,55,52,27,7,24,58,23.60%,9.80%,29
13403,570240,Felix Pena,2022,FA,32,4.91,1.39,2,1,0.67,18,1,0.5,1,2,1,33,33,18,5,13,34,23.10%,8.80%,19
4994,472551,Fernando Abad,2022,FA,37,4.5,1.38,2,2,0.5,21,0,1,1,3,0,34,34,17,4,13,30,19.90%,8.60%,19
494,407845,Fernando Rodney,2022,FA,45,4.68,1.44,1,2,0.33,15,0,0.5,1,2,1,25,25,13,3,11,24,21.40%,9.80%,14
15885,622864,Fernando Romero,2022,FA,28,4.32,1.32,1,1,0.5,13,0,1,1,1,0,25,23,12,3,10,26,22.50%,9.00%,13
4971,477569,Fernando Salas,2022,FA,37,4.32,1.32,1,1,0.5,13,0,1,1,1,0,25,24,12,4,9,25,22.00%,8.30%,13
21018,660906,Francisco Perez,2022,WSN,29,4.5,1.29,1,1,0.5,7,0,0.5,1,3,1,14,13,7,2,5,14,22.50%,8.80%,7
sa830592,642584,Franklyn Kilome,2022,FA,27,4.82,1.36,1,2,0.33,14,0,1,1,1,0,28,26,15,5,12,28,22.80%,9.80%,16
17170,642100,Gabe Speier,2022,KCR,29,4.33,1.38,3,3,0.5,32,0,0.5,1,3,1,52,52,25,7,20,52,22.40%,8.60%,28
27463,676979,Garrett Crochet,2022,CHW,23,3.52,1.22,4,4,0.5,45,0,0.5,1,9,1,64,53,25,6,25,72,26.20%,9.10%,28
7448,461829,Gio Gonzalez,2022,FA,37,4.5,1.48,2,3,0.4,17,4,1,1,1,0,46,47,23,7,21,45,21.60%,10.10%,25
11203,594795,Grant Dayton,2022,FA,35,4.26,1.34,2,2,0.5,23,0,0.5,1,2,1,38,36,18,6,15,39,23.20%,8.90%,20
sa828669,656550,Grant Holmes,2022,OAK,26,4.14,1.26,3,3,0.5,25,0,0.5,1,3,1,50,45,23,7,18,51,23.60%,8.30%,25
17466,641571,Heath Fillmyer,2022,FA,28,4.5,1.32,2,2,0.5,14,1,1,1,1,0,34,32,17,5,13,33,22.00%,8.70%,18
3292,456051,Hector Noesi,2022,FA,35,4.62,1.32,2,2,0.5,14,2,1,1,1,0,37,35,19,5,14,36,22.10%,8.60%,21
2391,444468,Hector Rondon,2022,FA,34,4.8,1.4,2,1,0.67,21,0,0.5,1,4,1,30,30,16,5,12,29,21.50%,8.90%,17
4026,502327,Hector Santiago,2022,FA,35,4.39,1.41,2,2,0.5,20,1,1,1,1,0,41,41,20,6,17,42,23.00%,9.30%,21
19341,584171,Hector Velazquez,2022,FA,34,4.64,1.36,2,2,0.5,15,2,1,1,1,0,33,32,17,5,13,32,21.80%,8.80%,18
27515,617228,Hirokazu Sawamura,2022,BOS,34,3.86,1.38,4,3,0.57,44,0,0.5,1,7,1,63,58,27,9,29,66,23.30%,10.20%,31
7836,519326,Hunter Strickland,2022,CIN,34,3.88,1.29,4,4,0.5,47,0,0.5,1,3,1,65,59,28,9,25,64,22.60%,8.80%,32
15091,621056,Hunter Wood,2022,FA,29,4.03,1.24,1,1,0.5,16,0,1,1,2,0,29,26,13,4,10,28,22.40%,8.00%,14
10066,571871,Ian Krol,2022,FA,31,4.24,1.38,2,2,0.5,20,0,0.5,1,2,1,34,34,16,5,13,34,22.50%,8.60%,18
20491,656266,J.B. Bukauskas,2022,ARI,26,4.76,1.29,1,1,0.5,10,0,0.5,1,3,1,17,16,9,2,6,17,22.70%,8.40%,10
16159,605240,Jace Fry,2022,FA,29,4.78,1.44,2,2,0.5,22,0,0.5,1,2,1,32,30,17,5,16,34,23.40%,11.00%,18
12323,606930,Jacob Barnes,2022,FA,32,5.23,1.4,2,3,0.4,31,0,1,1,2,0,43,43,25,7,17,46,24.00%,8.90%,27
13699,607188,Jacob Faria,2022,FA,29,4.6,1.42,2,2,0.5,24,1,0.5,1,2,1,45,46,23,7,18,45,22.30%,8.90%,25
18318,621097,Jacob Waguespack,2022,FA,29,4.75,1.39,2,2,0.5,15,2,1,1,1,0,36,36,19,5,14,34,21.30%,8.80%,22
13322,545332,Jake Barrett,2022,FA,31,4.32,1.32,1,1,0.5,13,0,1,1,1,0,25,24,12,4,9,25,22.90%,8.30%,13
21620,664776,Jake Cousins,2022,MIL,29,3.88,1.26,3,3,0.5,36,0,0.5,1,12,1,58,48,25,7,25,64,25.40%,9.90%,27
15136,623470,Jake Newberry,2022,FA,28,4.78,1.41,2,1,0.67,20,0,1,1,2,0,32,31,17,5,14,33,22.90%,9.70%,18
6397,543606,Jake Odorizzi,2022,HOU,32,4.26,1.28,9,9,0.5,28,27,0.5,1,2,1,150,141,71,22,51,144,22.10%,7.80%,75
10534,502593,Jake Petricka,2022,MIN,34,5.14,1.36,1,1,0.5,8,0,0.5,1,2,1,14,13,8,2,6,14,22.40%,9.60%,8
16209,596082,Jake Reed,2022,NYM,29,4.24,1.29,1,1,0.5,9,0,0.5,1,3,1,17,16,8,2,6,17,23.00%,8.10%,9
18674,663765,Jake Woodford,2022,STL,29,4.31,1.31,5,5,0.5,28,10,0.5,1,2,1,96,91,46,14,35,85,20.20%,8.10%,50
14605,624586,James Hoyt,2022,FA,36,4.22,1.41,2,2,0.5,23,0,1,1,3,0,32,31,15,4,14,34,23.60%,9.70%,17
13323,572021,James Pazos,2022,FA,31,4.85,1.42,1,1,0.5,15,0,1,1,2,0,26,26,14,4,11,25,21.40%,9.40%,15
14665,594311,Jandel Gustave,2022,MIL,30,4.17,1.28,3,3,0.5,32,0,0.5,1,3,1,54,49,25,7,20,51,21.50%,8.40%,28
9325,453172,Jared Hughes,2022,FA,37,4.5,1.4,2,2,0.5,20,0,0.5,1,2,1,30,29,15,5,13,28,20.70%,9.60%,17
18282,606424,Jarlin Garcia,2022,SFG,29,3.26,1.16,5,3,0.62,50,0,0.5,1,9,1,69,56,25,8,24,67,23.00%,7.90%,31
17292,642770,Javy Guerra,2022,SDP,29,5.02,1.42,3,3,0.5,32,0,0.5,1,5,1,52,54,29,7,20,51,21.40%,8.50%,31
7407,457915,Javy Guerra,2022,FA,37,4.78,1.41,1,2,0.33,20,0,1,1,3,0,32,33,17,5,12,29,20.10%,8.30%,19
7432,543351,Jay Jackson,2022,ATL,35,4.5,1.33,1,1,0.5,12,0,0.33,1,4,2,18,16,9,3,8,20,24.50%,9.80%,9
8302,500724,JC Ramirez,2022,MIN,34,4.5,1.42,1,1,0.5,6,0,1,1,1,0,12,12,6,2,5,12,22.00%,8.30%,7
9033,491646,Jeanmar Gomez,2022,FA,34,4.68,1.32,1,1,0.5,13,0,1,1,1,0,25,24,13,3,9,24,22.00%,8.30%,14
16631,656257,Jeff Brigham,2022,FA,30,4.32,1.32,1,1,0.5,14,0,1,1,2,0,25,24,12,4,9,25,22.70%,8.20%,13
17432,656546,Jeff Hoffman,2022,CIN,29,5.16,1.51,4,5,0.44,36,5,0.5,1,2,1,75,77,43,12,36,77,22.30%,10.40%,46
11437,592145,Jesse Biddle,2022,FA,31,5.1,1.47,1,2,0.33,18,0,0.5,1,1,1,30,30,17,4,14,30,21.90%,10.20%,18
5448,445926,Jesse Chavez,2022,FA,39,4.41,1.33,3,3,0.5,31,2,0.33,1,3,2,49,47,24,7,18,47,21.90%,8.40%,26
16300,622786,Jesus Tinoco,2022,FA,27,4.33,1.37,1,1,0.5,15,0,1,1,1,0,27,25,13,5,12,26,21.80%,10.10%,15
13654,605194,Jharel Cotton,2022,MIN,30,4.03,1.31,3,3,0.5,33,0,0.5,1,4,1,58,53,26,7,23,57,22.40%,9.10%,28
2608,468504,Jhoulys Chacin,2022,COL,34,4.7,1.38,4,4,0.5,37,3,0.5,1,8,1,69,66,36,11,29,62,20.00%,9.50%,39
15118,642073,Jimmie Sherfy,2022,FA,31,4.5,1.31,2,2,0.5,19,0,0.5,1,1,1,32,30,16,5,12,32,22.90%,8.60%,17
17556,623474,Jimmy Herget,2022,LAA,29,4.26,1.35,3,4,0.43,38,1,0.33,1,3,2,57,53,27,7,24,56,22.00%,9.40%,30
10547,519076,Jimmy Nelson,2022,LAD,33,3.86,1.29,1,1,0.5,13,0,0.5,1,3,1,21,18,9,2,9,23,25.30%,9.30%,10
15157,642231,Jimmy Yacabonis,2022,FA,30,4.5,1.38,2,2,0.5,15,2,1,1,2,0,34,33,17,5,14,33,21.70%,9.20%,19
13194,607352,Joe Biagini,2022,FA,32,5,1.44,2,1,0.67,17,0,0.5,1,2,1,27,28,15,4,11,27,22.10%,9.00%,16
9761,523260,Joe Kelly,2022,CHW,34,3.96,1.24,1,1,0.5,19,0,0.5,1,6,1,25,21,11,3,10,26,24.00%,9.20%,12
14857,573009,Joe Mantiply,2022,ARI,29,4.2,1.42,3,4,0.43,48,0,0.33,1,7,2,60,60,28,6,25,60,22.30%,9.30%,34
sa738453,643478,Joe Palumbo,2022,FA,28,4.68,1.36,1,2,0.33,13,0,1,1,1,0,25,24,13,4,10,27,24.50%,9.10%,14
14332,606303,Joel Payamps,2022,KCR,29,4,1.27,3,4,0.43,37,0,0.5,1,2,1,63,57,28,8,23,58,20.90%,8.40%,31
11487,570257,Joely Rodriguez,2022,NYY,31,4.29,1.35,3,4,0.43,46,0,0.33,1,9,2,63,61,30,7,24,65,23.50%,8.70%,33
13707,607216,Joey Krehbiel,2022,BAL,29,4.33,1.29,3,3,0.5,27,0,0.5,1,4,1,52,47,25,7,20,52,22.60%,8.80%,27
12777,605154,John Brebbia,2022,SFG,32,4.24,1.35,1,1,0.5,11,0,0.5,1,4,1,17,17,8,2,6,18,24.30%,7.90%,9
13684,607231,John Gant,2022,FA,30,4.01,1.39,5,8,0.38,45,9,0.5,1,7,1,92,80,41,9,48,86,21.00%,11.70%,46
22051,667463,John King,2022,TEX,29,4.14,1.29,6,4,0.6,34,0,0.33,1,4,2,63,59,29,8,22,60,21.70%,8.00%,34
16588,656547,Jonathan Holder,2022,FA,29,4.8,1.4,2,1,0.67,18,0,1,1,1,0,30,30,16,4,12,29,21.60%,9.00%,17
7175,458924,Jonny Venters,2022,FA,37,4.68,1.36,1,2,0.33,13,0,0.5,1,2,1,25,24,13,4,10,25,22.50%,9.00%,14
20631,656548,Jordan Holloway,2022,MIA,29,4.15,1.38,2,2,0.5,13,1,0.5,1,3,1,26,23,12,3,13,26,22.80%,11.00%,14
19682,642068,Jordan Sheffield,2022,COL,29,4.05,1.25,1,1,0.5,12,0,0.5,1,4,1,20,17,9,2,8,18,21.50%,8.90%,10
14527,605347,Jorge Lopez,2022,BAL,29,5.6,1.48,4,8,0.33,31,12,0.5,1,2,1,98,106,61,16,39,89,19.90%,8.70%,64
19200,650671,Jos‚àö¬© Quijada,2022,LAA,29,4.58,1.39,3,4,0.43,39,0,0.5,1,5,1,57,53,29,8,26,66,25.80%,10.20%,31
5358,501625,Jose Alvarez,2022,SFG,33,3.55,1.27,4,3,0.57,51,0,0.5,1,7,1,66,61,26,7,23,56,19.60%,8.00%,30
17169,620454,Jose Castillo,2022,FA,26,4.32,1.28,1,1,0.5,13,0,1,1,1,0,25,23,12,3,9,26,24.10%,8.30%,13
15463,592254,Jose De Leon,2022,FA,30,5.77,1.46,2,2,0.5,20,1,1,1,2,0,39,38,25,6,19,46,26.00%,10.70%,26
14552,614179,Jose Ruiz,2022,CHW,28,3.76,1.28,3,4,0.43,48,0,0.33,1,4,2,67,60,28,9,26,66,22.80%,9.00%,32
10946,595001,Josh A. Smith,2022,FA,35,5.03,1.41,2,2,0.5,18,1,1,1,1,0,34,35,19,5,13,31,20.30%,8.50%,21
20418,676596,Josh Fleming,2022,TBR,26,4.35,1.27,8,5,0.62,29,7,0.5,1,3,1,89,85,43,11,28,74,18.90%,7.30%,45
11528,592612,Josh Osich,2022,FA,34,4.86,1.35,2,2,0.5,25,1,0.5,1,2,1,37,37,20,7,13,37,22.70%,8.00%,22
18323,622250,Josh Sborz,2022,TEX,29,4.15,1.34,4,4,0.5,48,0,0.33,1,6,2,65,59,30,9,28,68,23.90%,9.80%,33
17359,657031,Josh Taylor,2022,BOS,29,4.32,1.36,1,1,0.5,21,0,0.33,1,11,2,25,23,12,3,11,28,24.60%,9.30%,12
9388,458708,Josh Tomlin,2022,FA,38,4.94,1.37,4,2,0.67,34,2,0.5,1,2,1,62,68,34,10,17,54,19.70%,6.20%,36
20422,663558,Jovani Moran,2022,MIN,29,4.5,1.35,3,3,0.5,27,0,0.5,1,3,1,52,49,26,7,21,53,23.10%,9.20%,28
13767,608638,JT Chargois,2022,TBR,32,3.86,1.24,5,3,0.62,46,0,0.25,1,9,3,63,55,27,8,23,64,23.40%,8.40%,29
10341,573668,Juan Minaya,2022,FA,32,3.8,1.29,2,2,0.5,26,0,0.5,1,4,1,45,39,19,6,19,46,23.50%,9.70%,20
7731,504379,Juan Nicasio,2022,FA,36,5.04,1.44,1,1,0.5,15,0,1,1,2,0,25,26,14,4,10,25,22.10%,8.80%,15
5702,448855,Junior Guerra,2022,FA,37,4.71,1.46,4,3,0.57,42,0,0.25,1,5,3,63,59,33,7,33,59,20.60%,11.50%,36
8580,502522,Justin Miller,2022,FA,35,4.76,1.35,2,2,0.5,22,0,0.5,1,2,1,34,33,18,6,13,32,21.30%,8.70%,19
16132,596101,Justin Shafer,2022,FA,30,4.85,1.42,1,1,0.5,15,0,1,1,1,0,26,26,14,4,11,26,22.20%,9.40%,15
17312,657006,Justin Steele,2022,CHC,29,4.25,1.32,4,4,0.5,32,4,0.5,1,3,1,72,65,34,12,30,73,23.00%,9.40%,37
4301,458677,Justin Wilson,2022,CIN,35,4.28,1.36,4,3,0.57,48,0,0.5,1,9,1,61,57,29,8,26,60,22.20%,9.60%,33
6033,516969,Kelvin Herrera,2022,FA,33,5.04,1.4,1,1,0.5,16,0,0.5,1,2,1,25,25,14,4,10,26,23.20%,8.90%,15
14696,605309,Keone Kela,2022,FA,29,4.2,1.3,2,2,0.5,19,0,0.5,1,2,1,30,28,14,5,11,32,24.60%,8.50%,16
15240,641838,Kevin McCarthy,2022,CHC,30,4.15,1.38,1,1,0.5,8,0,0.5,1,2,1,13,13,6,2,5,12,20.50%,8.50%,7
12360,534812,Kevin Quackenbush,2022,FA,34,4.32,1.32,1,1,0.5,13,0,1,1,1,0,25,24,12,3,9,25,22.90%,8.30%,13
19731,676831,Kodi Whitley,2022,STL,29,3.79,1.23,2,2,0.5,35,0,0.5,1,4,1,57,48,24,7,22,58,23.80%,9.00%,27
15502,640464,Kohl Stewart,2022,FA,28,4.5,1.36,3,3,0.5,15,4,1,1,1,0,50,49,25,7,19,47,21.20%,8.60%,28
18694,663465,Kolby Allard,2022,TEX,25,5.2,1.31,4,9,0.31,32,11,0.5,1,2,1,97,93,56,16,34,90,21.30%,8.00%,59
13713,607457,Kyle Barraclough,2022,FA,32,4.5,1.34,2,2,0.5,19,0,0.5,1,2,1,32,30,16,5,13,33,23.20%,9.20%,17
13182,605195,Kyle Crick,2022,FA,30,4.26,1.37,2,3,0.4,27,0,0.33,1,4,2,38,33,18,4,19,39,22.80%,11.10%,22
19456,608335,Kyle Funkhouser,2022,DET,29,4.22,1.41,2,2,0.5,21,0,0.33,1,5,2,32,30,15,4,15,30,21.40%,10.70%,17
9178,543456,Kyle Lobstein,2022,FA,33,4.5,1.31,1,1,0.5,14,0,1,1,1,0,26,24,13,4,10,25,22.10%,8.80%,14
11753,594986,Kyle Ryan,2022,FA,31,4.63,1.37,2,2,0.5,25,0,0.5,1,4,1,35,34,18,6,14,33,20.60%,9.00%,19
14169,622092,Kyle Zimmer,2022,FA,31,4.42,1.36,3,2,0.6,40,1,0.5,1,5,1,59,53,29,7,27,57,21.90%,10.40%,31
18555,663531,Logan Allen,2022,CLE,25,4.81,1.38,4,6,0.4,31,5,0.5,1,2,1,73,73,39,12,28,66,20.20%,8.60%,42
13259,545343,Louis Head,2022,MIA,29,3.75,1.17,3,3,0.5,35,1,0.5,1,2,1,60,50,25,7,20,59,23.10%,7.80%,27
8337,476595,Lucas Luetge,2022,NYY,35,3.71,1.25,4,3,0.57,43,0,0.33,1,3,2,68,64,28,8,21,70,23.90%,7.20%,33
2882,501593,Luis Avilan,2022,FA,33,4.97,1.41,2,2,0.5,19,0,1,1,2,0,29,29,16,4,12,29,22.30%,9.20%,17
13345,570666,Luis Cessa,2022,CIN,30,3.71,1.28,4,3,0.57,44,0,0.5,1,4,1,68,63,28,8,24,63,21.40%,8.20%,33
14682,606131,Luis Perdomo,2022,FA,29,4.5,1.28,1,2,0.33,17,1,1,1,2,0,32,29,16,4,12,30,21.70%,8.70%,17
14288,572703,Luke Bard,2022,FA,32,4.5,1.29,2,2,0.5,15,0,1,1,2,0,28,26,14,4,10,28,23.00%,8.20%,15
5365,544365,Manny Banuelos,2022,FA,31,4.71,1.4,2,3,0.4,13,3,1,1,1,0,42,41,22,6,18,42,21.80%,9.60%,24
8004,519393,Marcus Walden,2022,FA,34,4.82,1.43,2,2,0.5,18,0,0.5,1,2,1,28,28,15,4,12,27,21.60%,9.60%,17
11449,594840,Matt Grace,2022,FA,34,5.19,1.42,1,2,0.33,16,0,1,1,2,0,26,27,15,4,10,25,21.60%,8.60%,16
18076,664180,Matt Hall,2022,FA,29,5.52,1.48,1,2,0.33,15,1,1,1,1,0,31,32,19,5,14,31,21.80%,9.90%,21
13420,571863,Matt Koch,2022,SEA,32,4.5,1.42,1,1,0.5,6,0,1,1,1,0,12,12,6,2,5,12,21.80%,8.20%,7
3950,543483,Matt Magill,2022,FA,33,4.67,1.37,2,2,0.5,17,0,0.5,1,2,1,27,26,14,4,11,28,23.30%,9.20%,15
1890,519043,Matt Moore,2022,FA,33,5.11,1.42,3,5,0.38,25,9,1,1,2,0,81,80,46,13,35,75,20.60%,9.60%,49
13799,621381,Matt Strahm,2022,BOS,31,4.5,1.3,3,4,0.43,32,2,0.5,1,2,1,56,56,28,8,17,54,22.00%,7.30%,29
11903,593140,Michael Feliz,2022,FA,29,5.14,1.4,2,2,0.5,24,0,0.5,1,2,1,35,35,20,6,14,38,24.20%,8.90%,21
15684,612434,Miguel Castro,2022,NYM,28,4.06,1.35,4,4,0.5,55,1,0.33,1,8,2,71,61,32,9,35,78,24.80%,11.10%,35
18792,600887,Miguel Del Pozo,2022,DET,29,5.14,1.43,1,1,0.5,9,0,0.33,1,3,2,14,14,8,2,6,14,21.60%,10.20%,8
9948,445197,Mike Dunn,2022,FA,37,4.68,1.36,1,1,0.5,14,0,0.5,1,1,1,25,24,13,4,10,24,21.80%,9.10%,14
13442,573046,Mike Morin,2022,FA,31,4.15,1.27,2,1,0.67,15,0,1,1,2,0,26,24,12,3,9,24,21.40%,8.00%,13
12586,605541,Mike Wright Jr.,2022,FA,32,4.76,1.38,1,2,0.33,19,0,0.5,1,1,1,34,33,18,4,14,32,21.10%,9.20%,20
4696,518858,Nate Jones,2022,FA,36,4.85,1.41,2,2,0.5,27,0,0.5,1,4,1,39,39,21,8,16,38,21.60%,9.10%,23
12638,501992,Nate Karns,2022,FA,35,4.29,1.33,2,3,0.4,14,3,1,1,1,0,42,40,20,6,16,42,22.70%,8.60%,22
18,491703,Neftali Feliz,2022,FA,34,4.33,1.33,1,2,0.33,15,0,0.5,1,1,1,27,26,13,4,10,26,21.80%,8.40%,15
7677,519166,Neil Ramirez,2022,FA,33,4.33,1.33,1,2,0.33,14,0,1,1,1,0,27,25,13,4,11,26,22.00%,9.30%,14
12385,607374,Nicholas Tropeano,2022,FA,32,4.09,1.33,2,2,0.5,17,0,1,1,1,0,33,32,15,5,12,32,22.10%,8.30%,16
16074,595897,Nick Burdi,2022,FA,29,4.68,1.36,2,2,0.5,14,0,0.5,1,1,1,25,24,13,3,10,27,24.50%,9.10%,14
13685,580792,Nick Goody,2022,FA,31,4.66,1.38,1,2,0.33,19,0,0.5,1,2,1,29,27,15,4,13,30,23.30%,10.10%,16
11694,592468,Nick Kingham,2022,FA,31,4.65,1.39,2,2,0.5,14,1,1,1,1,0,31,31,16,4,12,30,21.70%,8.70%,17
25376,683232,Nick Mears,2022,PIT,29,4.26,1.42,1,1,0.5,13,0,0.25,1,4,3,19,18,9,3,9,19,22.70%,10.40%,10
20153,656793,Nick Nelson,2022,PHI,29,4.89,1.44,3,3,0.5,32,1,0.5,1,2,1,57,54,31,8,28,60,22.90%,10.90%,35
12575,598286,Nick Ramirez,2022,FA,33,4.62,1.38,2,2,0.5,20,0,1,1,1,0,37,36,19,5,15,35,21.20%,9.10%,21
20517,680704,Nick Sandlin,2022,CLE,29,3.88,1.26,3,3,0.5,38,0,0.5,1,5,1,58,49,25,7,24,65,25.80%,9.50%,29
23493,676766,Nick Snyder,2022,TEX,29,4.24,1.31,3,3,0.5,27,0,0.5,1,3,1,51,47,24,7,20,50,22.40%,9.00%,26
7555,543883,Nick Vincent,2022,FA,36,4.25,1.33,2,2,0.5,22,0,1,1,1,0,36,35,17,6,13,34,21.40%,8.20%,18
15594,621295,Nick Wittgren,2022,STL,31,4.37,1.25,4,5,0.44,52,0,0.5,1,9,1,68,63,33,11,22,70,23.30%,7.40%,36
12800,598287,Noe Ramirez,2022,ARI,33,3.92,1.23,3,3,0.5,44,1,0.33,1,5,2,62,53,27,8,23,58,21.70%,8.60%,29
8823,543118,Oliver Drake,2022,FA,35,4.18,1.25,1,2,0.33,17,0,0.5,1,2,1,28,24,13,4,11,27,22.30%,9.10%,14
1514,424144,Oliver Perez,2022,FA,41,4.06,1.32,2,2,0.5,23,0,0.5,1,4,1,31,29,14,4,12,30,21.70%,8.70%,15
19712,641907,Patrick Murphy,2022,WSN,29,4.34,1.33,2,4,0.33,35,0,0.5,1,5,1,58,56,28,7,21,58,22.70%,8.20%,30
4070,467008,Pedro Strop,2022,FA,37,4.5,1.42,2,2,0.5,17,0,0.5,1,2,1,26,25,13,4,12,27,23.10%,10.30%,15
18064,664208,Phil Maton,2022,HOU,29,4.57,1.38,5,3,0.62,52,0,0.33,1,12,2,69,67,35,8,28,79,25.60%,9.10%,39
15605,570488,Phillips Valdez,2022,BOS,31,4.5,1.38,1,1,0.5,16,0,0.5,1,4,1,26,25,13,3,11,25,21.50%,9.70%,15
14244,605143,Ray Black,2022,FA,32,4.15,1.31,1,1,0.5,14,0,0.5,1,1,1,26,24,12,4,10,26,23.00%,8.80%,13
9794,571521,Rex Brothers,2022,FA,35,4.85,1.38,3,3,0.5,37,0,0.5,1,5,1,52,46,28,8,26,61,26.20%,11.20%,29
14966,606625,Reyes Moronta,2022,FA,29,4,1.26,1,2,0.33,16,0,0.5,1,3,1,27,23,12,3,11,28,23.90%,9.40%,13
16400,625643,Reynaldo Lopez,2022,CHW,28,4.61,1.3,4,6,0.4,28,10,0.5,1,2,1,80,75,41,15,29,78,22.40%,8.30%,46
7803,542947,Richard Bleier,2022,MIA,35,3.95,1.23,4,3,0.57,55,0,0.25,1,12,3,66,63,29,7,18,56,19.60%,6.30%,31
19191,667498,Robert Dugger,2022,FA,27,5.54,1.46,2,3,0.4,20,4,1,1,1,0,52,56,32,9,20,47,19.90%,8.50%,36
13696,607229,Robert Gsellman,2022,FA,29,4.88,1.38,2,2,0.5,24,2,0.5,1,3,1,48,48,26,7,18,42,19.60%,8.40%,28
13594,596112,Robert Stephenson,2022,COL,29,4.29,1.29,3,3,0.5,46,0,0.5,1,8,1,63,57,30,11,24,68,24.80%,8.80%,33
6576,476594,Robert Stock,2022,FA,33,4.86,1.51,2,3,0.4,19,1,0.5,1,1,1,37,38,20,5,18,38,22.40%,10.60%,22
sa869798,663158,Robert Suarez,2022,SDP,29,4.32,1.3,3,3,0.5,25,0,0.5,1,3,1,50,46,24,7,19,50,22.90%,8.70%,26
13764,532077,Roberto Osuna,2022,FA,27,3.81,1.19,1,1,0.5,16,0,0.8,1,1,1,26,23,11,3,8,27,24.50%,7.30%,12
17679,660494,Rogelio Armenteros,2022,FA,28,4.15,1.28,2,2,0.5,14,2,1,1,1,0,39,36,18,5,14,39,22.90%,8.20%,20
20430,665621,Rony Garc‚àö‚â†a,2022,DET,29,4.98,1.36,3,3,0.5,31,1,0.5,1,2,1,56,54,31,10,22,52,21.10%,8.90%,33
2859,446321,Ross Detwiler,2022,FA,36,4.73,1.37,3,3,0.5,38,3,1,1,2,0,59,58,31,10,23,58,21.50%,8.70%,33
16350,621366,Ryan Borucki,2022,TOR,28,4.34,1.34,4,3,0.57,40,0,0.33,1,4,2,58,52,28,8,26,59,23.00%,10.20%,30
9456,488748,Ryan Buchter,2022,FA,35,4.5,1.47,2,2,0.5,26,0,0.5,1,2,1,34,33,17,6,17,35,22.60%,11.00%,19
17536,621114,Ryan Burr,2022,CHW,29,3.75,1.32,3,3,0.5,38,1,0.5,1,4,1,60,53,25,7,26,58,22.10%,9.90%,28
13974,623430,Ryan Dull,2022,FA,33,4.68,1.4,1,1,0.5,13,0,1,1,1,0,25,25,13,4,10,25,22.50%,9.00%,14
10291,572193,Ryan Tepera,2022,LAA,35,3.84,1.21,2,4,0.33,52,0,0.33,1,14,2,68,56,29,8,26,74,25.70%,8.90%,31
16647,657044,Ryan Thompson,2022,TBR,30,3.92,1.29,4,4,0.5,44,1,0.33,1,8,2,62,58,27,8,22,62,23.00%,8.10%,31
10160,543901,Ryan Weber,2022,FA,32,4.89,1.39,2,3,0.4,21,3,1,1,3,0,46,47,25,8,17,41,19.30%,8.20%,27
12680,607560,Ryne Harper,2022,FA,33,4.69,1.33,2,2,0.5,35,0,0.5,1,4,1,48,46,25,7,18,47,21.80%,8.50%,27
13690,607219,Sal Romano,2022,FA,29,4.74,1.39,2,2,0.5,22,0,1,1,2,0,38,38,20,6,15,35,20.60%,8.80%,22
11710,473879,Sam Dyson,2022,FA,34,3.96,1.28,2,1,0.67,15,0,0.5,1,3,1,25,23,11,3,9,24,22.20%,8.30%,13
6832,518693,Sam Freeman,2022,KCR,35,4.15,1.38,1,1,0.5,7,0,1,1,2,0,13,12,6,2,6,13,22.40%,10.30%,7
12778,543208,Sam Gaviglio,2022,FA,32,4.5,1.31,1,1,0.5,14,0,1,1,1,0,26,24,13,4,10,25,22.10%,8.80%,14
18548,656529,Sam Hentges,2022,CLE,29,5.23,1.51,3,4,0.43,35,6,0.5,1,2,1,74,81,43,10,31,74,22.00%,9.20%,47
16265,607572,Sam Howard,2022,PIT,29,4.64,1.36,4,5,0.44,50,0,0.33,1,8,2,64,56,33,10,31,72,25.30%,10.90%,36
14874,594580,Sam Moll,2022,OAK,29,4.15,1.31,3,3,0.5,28,0,0.5,1,3,1,52,48,24,7,20,52,22.40%,8.80%,26
13485,592815,Sam Tuivailala,2022,FA,30,4.18,1.29,2,1,0.67,14,0,0.5,1,2,1,28,25,13,4,11,28,23.10%,9.10%,14
10591,518397,Scott Alexander,2022,FA,33,4.11,1.34,2,2,0.5,25,0,0.5,1,3,1,35,33,16,5,14,31,20.00%,9.00%,18
18384,664123,Scott Effross,2022,CHC,29,4.17,1.24,4,3,0.57,31,0,0.5,1,4,1,54,49,25,7,18,56,23.40%,7.70%,27
16943,656794,Sean Newcomb,2022,ATL,29,4.94,1.45,3,3,0.5,38,2,0.5,1,5,1,62,60,34,8,30,64,22.90%,10.40%,36
17034,656887,Sean Reid-Foley,2022,NYM,27,4.26,1.39,4,3,0.57,30,1,0.5,1,2,1,57,54,27,8,25,60,23.60%,9.80%,32
19249,622554,Seranthony Dominguez,2022,PHI,28,4.14,1.3,3,3,0.5,28,0,0.5,1,4,1,50,46,23,7,19,51,23.40%,8.70%,26
18719,493200,Seunghwan Oh,2022,FA,40,4.68,1.4,2,1,0.67,14,0,0.5,1,2,1,25,25,13,4,10,24,21.60%,9.00%,14
15258,641438,Shane Carle,2022,FA,31,4.32,1.36,1,1,0.5,13,0,1,1,1,0,25,24,12,4,10,25,22.50%,9.00%,13
12857,542888,Shawn Armstrong,2022,FA,32,4.89,1.37,3,2,0.6,32,0,0.5,1,4,1,46,45,25,8,18,48,23.40%,8.80%,27
7773,518875,Shawn Kelley,2022,FA,38,4.32,1.36,2,1,0.67,15,0,0.5,1,2,1,25,25,12,4,9,24,21.60%,8.10%,13
13606,596049,Shawn Morimando,2022,FA,30,4.8,1.4,2,2,0.5,15,0,1,1,2,0,30,30,16,4,12,30,22.60%,9.00%,17
10197,571946,Shelby Miller,2022,FA,32,5.25,1.5,2,2,0.5,18,1,0.5,1,2,1,36,37,21,6,17,33,20.00%,10.30%,23
27460,685493,Shun Yamaguchi,2022,FA,35,5.23,1.45,2,3,0.4,17,0,0.5,1,2,1,31,31,18,5,14,31,21.40%,10.00%,20
15051,611093,Silvino Bracho,2022,FA,30,4.32,1.32,1,1,0.5,13,0,1,1,1,0,25,24,12,4,9,25,22.90%,8.30%,14
15492,624427,Stephen Gonsalves,2022,FA,28,4.33,1.26,1,1,0.5,14,0,1,1,1,0,27,24,13,4,10,27,23.10%,8.50%,14
15859,605501,Stephen Tarpley,2022,FA,29,5.14,1.43,2,2,0.5,17,0,1,1,2,0,28,27,16,4,13,29,22.80%,10.20%,17
6483,518553,Steve Cishek,2022,WSN,36,4.04,1.42,2,3,0.4,57,0,0.25,1,9,3,69,65,31,8,33,66,21.20%,10.40%,35
13580,595345,Steven Okert,2022,MIA,31,3.81,1.24,4,3,0.57,37,0,0.5,1,3,1,59,50,25,8,23,61,23.40%,9.00%,27
3237,519008,T.J. McFarland,2022,STL,33,4.06,1.34,4,2,0.67,46,0,0.5,1,11,1,62,62,28,9,21,49,17.90%,7.70%,30
17586,656945,Tanner Scott,2022,BAL,28,4.23,1.38,4,4,0.5,53,0,0.33,1,10,2,66,58,31,8,33,75,25.10%,11.20%,35
17611,664199,Taylor Clarke,2022,KCR,29,4.57,1.36,4,3,0.57,37,4,0.5,1,4,1,69,67,35,11,27,65,21.30%,8.90%,39
11964,518566,Taylor Cole,2022,FA,33,4.35,1.35,2,2,0.5,15,1,1,1,2,0,31,30,15,4,12,30,21.90%,8.80%,17
13616,605260,Taylor Guerrieri,2022,FA,30,4.32,1.32,1,1,0.5,13,0,1,1,2,0,25,23,12,3,10,25,22.90%,9.20%,13
19266,642203,Taylor Widener,2022,ARI,28,4.32,1.36,3,3,0.5,35,5,0.5,1,3,1,75,68,36,13,34,78,23.30%,10.10%,39
11691,594027,Tayron Guerrero,2022,FA,31,4.68,1.36,1,1,0.5,15,0,0.5,1,2,1,25,23,13,3,11,25,22.50%,9.90%,14
17281,623381,Thomas Pannone,2022,BOS,28,4.5,1.31,1,1,0.5,8,0,1,1,1,0,16,15,8,2,6,16,22.00%,8.50%,9
14510,600986,Thyago Vieira,2022,FA,29,4.32,1.36,1,1,0.5,13,0,1,1,1,0,25,24,12,3,10,25,22.70%,9.10%,13
3164,525768,Tim Collins,2022,FA,33,4.32,1.32,1,1,0.5,13,0,1,1,1,0,25,24,12,3,9,24,22.00%,8.30%,13
16814,657612,Tim Hill,2022,SDP,32,4.16,1.28,5,4,0.56,59,0,0.33,1,11,2,67,61,31,10,25,66,22.40%,8.50%,36
15042,641835,Tim Mayza,2022,TOR,30,4,1.22,4,3,0.57,51,0,0.33,1,11,2,63,55,28,8,22,65,24.10%,8.10%,30
18361,664045,Tom Eshelman,2022,SDP,28,4.8,1.33,2,2,0.5,13,2,0.5,1,1,1,30,30,16,5,10,23,17.90%,8.00%,17
1157,488984,Tommy Hunter,2022,FA,36,4.11,1.31,1,2,0.33,22,0,0.5,1,4,1,35,33,16,4,13,35,22.90%,8.50%,17
11384,592454,Tommy Kahnle,2022,LAD,33,4.15,1.23,1,1,0.5,8,0,0.5,1,9,1,13,11,6,2,5,14,25.30%,8.80%,6
7608,543548,Tommy Milone,2022,FA,35,5.23,1.39,3,5,0.38,16,7,1,1,1,0,62,68,36,11,18,60,21.70%,6.50%,39
19926,663574,Tony Santillan,2022,CIN,29,3.86,1.3,3,4,0.43,34,2,0.5,1,2,1,63,56,27,9,26,70,24.90%,9.40%,29
16929,657053,Touki Toussaint,2022,ATL,26,4.95,1.38,2,2,0.5,15,4,0.5,1,2,1,40,37,22,7,18,42,23.40%,9.80%,25
17948,663423,Trent Thornton,2022,TOR,29,4.65,1.45,1,2,0.33,15,3,0.5,1,2,1,31,33,16,5,12,31,22.50%,8.50%,18
19309,670950,Trevor Richards,2022,TOR,29,4.32,1.29,4,4,0.5,38,4,0.33,1,3,2,73,67,35,11,27,75,23.40%,8.50%,37
16977,592866,Trevor Williams,2022,NYM,30,4.88,1.45,4,6,0.4,28,11,1,1,2,0,94,102,51,16,34,88,20.80%,8.00%,57
17793,622259,Trey Wingenter,2022,FA,28,4.5,1.27,1,1,0.5,15,0,0.5,1,2,1,26,23,13,3,10,28,24.10%,8.90%,14
4338,543022,Tyler Chatwood,2022,FA,33,4.59,1.41,3,3,0.5,26,3,0.5,1,4,1,51,48,26,6,24,54,23.70%,10.50%,28
18297,641755,Tyler Kinley,2022,COL,31,4.63,1.29,3,3,0.5,55,0,0.33,1,7,2,70,60,36,10,30,70,23.00%,9.80%,37
11334,544928,Tyler Lyons,2022,FA,34,4.68,1.4,1,2,0.33,14,0,1,1,1,0,25,25,13,4,10,25,22.10%,8.80%,14
10058,554431,Tyler Matzek,2022,ATL,32,3.65,1.28,3,5,0.38,51,0,0.5,1,13,1,69,57,28,7,31,78,26.00%,10.30%,30
14741,621397,Tyler Olson,2022,FA,33,4.32,1.36,1,1,0.5,15,0,1,1,1,0,25,24,12,3,10,25,22.50%,9.00%,13
10688,592804,Tyler Thornburg,2022,ATL,34,4.59,1.35,2,3,0.4,29,0,1,1,2,0,51,48,26,7,21,52,22.90%,9.30%,27
14974,643778,Tyler Webb,2022,FA,32,4.97,1.39,2,2,0.5,28,0,0.5,1,3,1,38,35,21,5,18,36,21.30%,10.70%,22
15028,622505,Victor Alcantara,2022,FA,29,4.32,1.32,1,1,0.5,15,0,0.5,1,2,1,25,24,12,4,9,24,22.00%,8.30%,13
15855,593833,Wander Suero,2022,LAA,31,4.85,1.35,2,2,0.5,20,0,0.33,1,7,2,26,25,14,4,10,27,23.70%,8.80%,15
14382,623913,Wei-Chung Wang,2022,FA,30,4.32,1.32,2,1,0.67,13,0,1,1,1,0,25,23,12,3,10,24,22.00%,9.20%,13
13071,612672,Wei-Yin Chen,2022,FA,37,4.68,1.36,1,1,0.5,13,0,1,1,1,0,25,25,13,4,9,24,21.60%,8.10%,15
14764,641149,Wes Parsons,2022,FA,30,4.32,1.36,1,1,0.5,14,0,1,1,1,0,25,23,12,4,11,24,21.60%,9.90%,13
19800,640444,Wil Crowe,2022,PIT,29,5.2,1.51,4,7,0.36,34,13,0.5,1,2,1,97,101,56,19,45,95,21.40%,10.20%,61
5257,521655,Wilmer Font,2022,FA,32,5.18,1.42,2,3,0.4,20,2,0.5,1,2,1,33,34,19,5,13,34,22.80%,8.70%,20
7738,503449,Wily Peralta,2022,FA,33,3.86,1.34,4,5,0.44,27,11,0.5,1,2,1,91,86,39,12,36,72,17.80%,9.00%,45
36,458584,Xavier Cedeno,2022,FA,36,4.32,1.36,1,1,0.5,13,0,1,1,1,0,25,24,12,3,10,24,21.60%,9.00%,13
15655,606162,Yefry Ramirez,2022,FA,29,4.5,1.32,1,2,0.33,14,0,1,1,1,0,28,26,14,4,11,28,22.80%,8.90%,15
15068,622075,Yency Almonte,2022,FA,28,4.91,1.36,3,3,0.5,39,0,0.33,1,4,2,55,52,30,8,23,54,22.00%,9.40%,34
14391,622795,Yohander Mendez,2022,FA,27,4.32,1.32,2,1,0.67,13,0,1,1,1,0,25,23,12,3,10,26,23.90%,9.20%,13
4020,433589,Yusmeiro Petit,2022,FA,38,3.78,1.16,5,3,0.62,56,0,0.33,1,13,2,69,62,29,10,18,53,18.30%,6.20%,31
20185,647315,Zach Pop,2022,MIA,29,4.22,1.33,3,2,0.6,42,0,0.5,1,3,1,64,60,30,7,25,62,21.80%,8.80%,33
14862,643327,Zack Godley,2022,FA,32,5.67,1.54,2,4,0.33,15,6,0.5,1,1,1,54,59,34,10,24,52,20.80%,9.60%,36
12272,605156,Aaron Brooks,2022,STL,32,4.72,1.33,3,4,0.43,27,3,0,0,1,0,61,59,32,9,22,56,20.70%,8.20%,34
13339,592716,Adrian Sampson,2022,FA,31,4.27,1.31,3,3,0.5,18,5,0,0,1,0,59,58,28,10,19,53,20.40%,7.30%,32
8782,488768,Andrew Cashner,2022,FA,36,4.5,1.34,3,3,0.5,13,4,0,0,1,0,44,42,22,6,17,39,20.10%,8.80%,24
17030,642558,Ariel Jurado,2022,MIN,26,4.88,1.38,1,1,0.5,10,1,0,0,1,0,24,25,13,3,8,21,20.60%,7.70%,14
5401,502748,Brad Peacock,2022,FA,34,4.81,1.35,2,3,0.4,15,4,0,0,1,0,43,41,23,7,17,43,22.50%,8.90%,25
9460,573185,Dan Straily,2022,FA,34,5.2,1.42,2,3,0.4,13,4,0,0,1,0,45,46,26,8,18,42,20.80%,8.90%,27
14509,605446,Dereck Rodriguez,2022,MIN,30,4.95,1.45,1,1,0.5,9,1,0,0,1,0,20,21,11,3,8,19,20.10%,8.70%,12
16155,607215,Eric Skoglund,2022,FA,30,4.69,1.35,3,3,0.5,12,4,0,0,1,0,48,47,25,7,18,45,21.20%,8.50%,27
12938,593679,Gabriel Ynoa,2022,FA,29,4.5,1.32,2,3,0.4,13,2,0,0,1,0,38,37,19,6,13,34,19.80%,7.80%,21
15200,642098,Glenn Sparkman,2022,FA,30,4.81,1.4,2,3,0.4,14,4,0,0,1,0,43,45,23,7,15,36,18.80%,7.80%,26
4869,543557,Mike Montgomery,2022,FA,33,4.38,1.38,2,2,0.5,15,3,0,0,1,0,39,40,19,6,14,36,20.70%,8.00%,22
10354,572362,Robbie Erlin,2022,FA,32,5.4,1.4,2,2,0.5,15,3,0,0,1,0,45,47,27,8,16,44,22.00%,7.50%,28
5221,453281,Wade LeBlanc,2022,FA,38,5.16,1.44,3,4,0.43,21,9,0,0,1,0,75,81,43,13,27,59,17.40%,8.00%,45