idfangraphs,mlbid,Name,Year,Team,age,rel,wOBA,AVG,OBP,SLG,PA,AB,R,H,S,D,T,HR,RBI,SB,CS,BB,SO,HBP
9256,572041,A.J. Pollock,2022,LAD,35,0.81,0.354,0.27,0.325,0.496,532,482,69,130,76,26,1,27,76,8,2,37,112,6
16246,607223,A.J. Reed,2022,FA,29,0.11,0.314,0.237,0.31,0.395,200,177,22,42,27,8,1,6,23,2,1,18,49,2
11270,571437,Aaron Altherr,2022,FA,31,0.14,0.298,0.223,0.29,0.38,200,179,24,40,25,8,1,6,21,2,1,16,49,2
5297,543305,Aaron Hicks,2022,NYY,33,0.74,0.331,0.227,0.335,0.402,477,405,61,92,55,19,2,16,53,5,2,64,106,4
15640,592450,Aaron Judge,2022,NYY,30,0.82,0.378,0.272,0.357,0.518,635,552,95,150,89,23,1,37,92,5,2,72,165,5
5486,501659,Abraham Almonte,2022,FA,33,0.48,0.321,0.23,0.323,0.393,291,252,35,58,33,15,1,8,31,3,2,34,66,2
19844,647351,Abraham Toro,2022,SEA,26,0.72,0.306,0.228,0.308,0.374,331,294,42,67,45,11,1,10,38,4,2,26,61,9
13769,609275,Adalberto Mondesi,2022,KCR,27,0.78,0.317,0.255,0.299,0.428,482,444,65,113,71,23,6,14,56,37,8,28,132,3
10950,594807,Adam Duvall,2022,ATL,34,0.81,0.329,0.233,0.293,0.477,584,533,76,124,66,21,2,35,95,4,0,41,162,6
11205,594809,Adam Eaton,2022,FA,34,0.81,0.31,0.237,0.307,0.383,387,342,52,81,53,17,3,9,36,6,1,32,78,6
15082,641553,Adam Engel,2022,CHW,31,0.66,0.328,0.256,0.321,0.427,271,246,33,63,39,13,1,9,32,5,1,18,65,6
15223,624428,Adam Frazier,2022,SEA,31,0.86,0.327,0.271,0.333,0.397,660,594,79,161,114,31,4,12,57,7,5,50,94,9
19878,656514,Adam Haseley,2022,FA,26,0.59,0.323,0.261,0.326,0.391,233,207,26,54,37,12,0,5,27,2,0,18,50,4
6368,430945,Adam Jones,2022,FA,37,0.57,0.317,0.249,0.31,0.409,200,181,24,45,30,9,1,6,24,1,1,14,42,3
14106,608365,Addison Russell,2022,FA,28,0.38,0.324,0.247,0.315,0.416,200,178,23,44,29,7,1,7,22,2,0,17,45,2
10459,588751,Adeiny Hechavarria,2022,FA,33,0.52,0.311,0.245,0.307,0.398,215,196,27,48,31,10,1,6,23,2,1,16,47,2
19287,666969,Adolis Garcia,2022,TEX,29,0.73,0.317,0.242,0.293,0.438,593,546,72,132,79,25,2,26,80,13,4,37,170,5
11338,506703,Adrian Sanchez,2022,FA,32,0.19,0.313,0.245,0.311,0.393,219,196,27,48,33,9,1,6,22,2,1,18,47,2
22168,668731,Akil Baddoo,2022,DET,24,0.66,0.343,0.264,0.336,0.444,587,522,77,138,87,26,7,18,72,18,4,57,141,2
14109,546991,Albert Almora Jr.,2022,FA,28,0.58,0.286,0.224,0.281,0.36,235,214,27,48,32,9,1,6,21,2,1,16,50,2
1177,405395,Albert Pujols,2022,STL,42,0.8,0.303,0.231,0.285,0.403,319,290,32,67,43,11,0,13,47,2,0,21,54,3
6310,444876,Alcides Escobar,2022,WSN,36,0.59,0.324,0.268,0.325,0.401,507,459,69,123,84,27,2,10,47,5,1,32,95,10
21618,664761,Alec Bohm,2022,PHI,26,0.76,0.333,0.276,0.342,0.403,351,315,43,87,63,16,0,8,42,3,1,30,80,3
15937,649557,Aledmys Diaz,2022,HOU,32,0.71,0.326,0.253,0.314,0.427,312,281,35,71,44,17,1,10,41,2,1,21,59,6
22581,672386,Alejandro Kirk,2022,TOR,24,0.5,0.348,0.267,0.341,0.45,487,431,58,115,73,23,1,18,61,3,1,45,83,6
12926,593700,Alen Hanson,2022,FA,30,0.11,0.319,0.243,0.315,0.401,200,177,24,43,28,8,1,6,23,3,1,17,47,3
7476,488671,Alex Avila,2022,FA,35,0.6,0.321,0.217,0.328,0.376,271,226,27,49,28,13,1,7,26,2,0,36,79,4
16271,607468,Alex Blandino,2022,FA,30,0.32,0.324,0.24,0.332,0.385,241,208,29,50,33,10,1,6,24,3,1,24,61,6
17678,608324,Alex Bregman,2022,HOU,28,0.83,0.375,0.27,0.37,0.481,576,486,80,131,77,30,2,23,79,3,1,75,86,7
12649,543105,Alex Dickerson,2022,ATL,32,0.76,0.345,0.258,0.328,0.464,528,472,71,122,72,25,3,22,69,3,1,44,115,7
5209,460086,Alex Gordon,2022,FA,38,0.76,0.305,0.235,0.314,0.359,245,217,26,51,36,9,0,6,24,2,1,21,48,5
17276,656577,Alex Jackson,2022,MIA,27,0.42,0.301,0.215,0.302,0.364,139,121,14,26,16,6,0,4,14,1,0,12,45,4
20325,666135,Alex Kirilloff,2022,MIN,25,0.49,0.33,0.258,0.318,0.434,468,422,53,109,69,22,2,16,63,4,2,36,101,4
17027,657077,Alex Verdugo,2022,BOS,26,0.84,0.357,0.293,0.353,0.456,615,550,87,161,108,35,2,17,62,8,1,51,107,5
15518,642708,Amed Rosario,2022,CLE,27,0.84,0.323,0.276,0.318,0.414,628,584,79,161,116,26,5,15,66,12,4,35,128,4
19909,660731,Anderson Tejeda,2022,FA,24,0.41,0.321,0.251,0.308,0.425,227,207,26,52,32,10,1,8,25,6,1,16,64,2
10847,592743,Andrelton Simmons,2022,CHC,33,0.8,0.289,0.247,0.304,0.333,539,493,58,122,94,21,0,7,46,6,1,38,79,4
19950,665926,Andres Gimenez,2022,CLE,24,0.66,0.326,0.252,0.324,0.406,488,433,66,109,73,19,3,14,48,20,2,34,109,15
17901,643217,Andrew Benintendi,2022,KCR,28,0.81,0.333,0.26,0.329,0.421,586,520,68,135,87,30,3,16,68,9,7,53,123,5
14942,595284,Andrew Knapp,2022,FA,31,0.64,0.305,0.225,0.312,0.359,301,262,30,59,39,12,1,7,32,1,0,31,82,4
19514,668800,Andrew Knizner,2022,STL,27,0.51,0.299,0.225,0.304,0.354,273,240,30,54,37,11,1,6,27,2,1,25,60,4
9847,457705,Andrew McCutchen,2022,MIL,36,0.83,0.333,0.235,0.327,0.425,618,536,82,126,75,25,1,25,79,7,1,72,137,4
1159,461865,Andrew Romine,2022,FA,37,0.23,0.294,0.227,0.292,0.37,233,211,28,48,30,10,1,6,24,2,2,18,61,2
17932,664057,Andrew Stevenson,2022,WSN,28,0.58,0.34,0.263,0.335,0.434,284,251,37,66,41,15,2,8,36,4,1,24,71,5
13132,572180,Andrew Susac,2022,FA,32,0.03,0.325,0.243,0.323,0.407,201,177,24,43,27,9,1,6,23,2,1,20,44,2
26197,683734,Andrew Vaughn,2022,CHW,24,0.66,0.325,0.248,0.322,0.409,342,303,42,75,47,16,0,11,38,2,1,31,72,4
14196,623205,Andrew Velazquez,2022,LAA,28,0.49,0.289,0.214,0.286,0.357,126,112,17,24,16,5,1,3,11,4,1,11,34,1
18819,628451,Andy Ib√°√±ez,2022,TEX,29,0.53,0.33,0.264,0.322,0.43,478,435,56,115,75,24,3,14,50,3,1,34,82,5
14329,546990,Anthony Alford,2022,PIT,28,0.48,0.321,0.238,0.308,0.423,266,239,31,57,36,10,2,10,30,8,4,21,75,4
13854,621532,Anthony Bemboom,2022,FA,32,0.43,0.3,0.223,0.293,0.376,229,202,27,45,30,7,0,8,23,2,1,19,56,3
12861,543685,Anthony Rendon,2022,LAA,32,0.82,0.377,0.277,0.373,0.48,536,452,72,125,75,28,2,20,78,3,1,67,87,8
3473,519203,Anthony Rizzo,2022,NYY,33,0.86,0.352,0.25,0.348,0.443,646,548,79,137,85,24,2,26,74,7,2,65,107,23
14551,623993,Anthony Santander,2022,BAL,28,0.81,0.336,0.255,0.305,0.473,583,533,73,136,74,33,1,27,81,3,2,36,120,6
16925,605244,Aramis Garcia,2022,FA,29,0.34,0.3,0.23,0.291,0.383,247,222,28,51,34,8,1,8,26,2,1,17,64,4
15482,606157,Aristides Aquino,2022,CIN,28,0.65,0.333,0.228,0.314,0.447,283,246,36,56,31,10,1,14,39,4,1,29,80,4
4962,452678,Asdrubal Cabrera,2022,FA,37,0.82,0.32,0.239,0.313,0.406,428,377,48,90,55,20,2,13,58,2,0,41,91,3
18083,664119,Austin Allen,2022,OAK,28,0.32,0.305,0.24,0.302,0.385,106,96,11,23,15,5,0,3,11,1,0,8,28,1
12158,605131,Austin Barnes,2022,LAD,33,0.71,0.305,0.227,0.31,0.363,294,256,36,58,39,12,1,7,30,4,0,28,69,5
18288,621573,Austin Dean,2022,FA,29,0.41,0.324,0.241,0.312,0.421,221,195,25,47,28,12,1,7,26,2,1,20,52,2
19363,669720,Austin Hays,2022,BAL,27,0.78,0.337,0.265,0.323,0.447,586,532,81,141,91,25,3,22,69,7,5,39,117,9
12976,595978,Austin Hedges,2022,CLE,30,0.74,0.264,0.194,0.253,0.333,499,444,50,86,55,14,0,16,50,3,1,35,134,5
15672,640457,Austin Meadows,2022,TBR,27,0.84,0.347,0.25,0.329,0.466,620,543,82,136,75,31,4,26,90,8,4,61,142,7
15941,543592,Austin Nola,2022,SDP,33,0.75,0.335,0.26,0.332,0.422,491,434,57,113,73,24,2,14,65,2,1,42,93,8
18360,663586,Austin Riley,2022,ATL,25,0.84,0.361,0.277,0.341,0.487,636,567,84,157,97,28,2,29,94,2,1,51,158,9
5491,519222,Austin Romine,2022,FA,34,0.66,0.291,0.243,0.288,0.372,264,247,28,60,42,11,0,7,31,2,1,15,72,1
16153,596103,Austin Slater,2022,SFG,30,0.72,0.34,0.252,0.338,0.431,314,274,41,69,43,12,2,11,32,12,2,33,78,4
15271,642851,Austin Wynns,2022,FA,32,0.43,0.288,0.22,0.281,0.367,270,245,30,54,36,10,1,8,28,3,1,20,59,2
5760,541645,Avisail Garcia,2022,MIA,31,0.84,0.338,0.26,0.329,0.435,599,531,70,138,90,25,1,22,76,8,5,47,140,12
12384,607333,Beau Taylor,2022,FA,32,0.21,0.294,0.214,0.291,0.363,206,182,23,39,25,7,1,6,22,2,1,19,50,2
12160,592325,Ben Gamel,2022,PIT,30,0.78,0.325,0.245,0.331,0.394,553,482,63,118,75,27,3,13,47,4,6,61,146,4
10199,571740,Billy Hamilton,2022,FA,32,0.63,0.279,0.221,0.275,0.345,276,249,39,55,36,12,2,5,22,15,3,20,70,1
15654,641856,Billy Mckinney,2022,FA,28,0.66,0.308,0.222,0.296,0.399,351,311,42,69,40,15,2,12,36,2,1,32,85,3
13176,596119,Blake Swihart,2022,FA,30,0.2,0.308,0.229,0.3,0.397,200,179,25,41,26,7,1,7,24,2,1,17,50,2
19612,666182,Bo Bichette,2022,TOR,24,0.82,0.365,0.298,0.347,0.497,634,584,101,174,113,34,2,26,92,19,3,41,128,5
17278,656252,Bobby Bradley,2022,CLE,26,0.56,0.326,0.23,0.309,0.434,499,440,63,101,56,22,1,22,66,3,1,45,145,8
19966,666915,Bobby Dalbec,2022,BOS,27,0.73,0.348,0.249,0.318,0.492,544,490,66,122,65,24,4,29,85,3,1,43,170,8
12775,543543,Brad Miller,2022,TEX,33,0.77,0.338,0.234,0.327,0.443,535,465,70,109,62,19,3,24,69,5,0,61,142,5
17806,623323,Braden Bishop,2022,FA,29,0.31,0.288,0.218,0.284,0.356,211,188,23,41,27,9,1,5,23,3,1,16,53,3
16221,605548,Bradley Zimmer,2022,CLE,30,0.65,0.311,0.223,0.321,0.361,193,166,23,37,26,6,1,5,19,6,2,18,57,7
10264,474832,Brandon Belt,2022,SFG,34,0.82,0.371,0.26,0.359,0.493,563,481,77,125,69,28,3,26,73,4,2,72,129,5
5343,543063,Brandon Crawford,2022,SFG,35,0.84,0.342,0.261,0.332,0.442,615,541,77,141,87,31,2,21,82,7,3,56,132,7
15214,641525,Brandon Dixon,2022,SDP,30,0.54,0.308,0.237,0.294,0.409,102,93,11,22,14,5,1,3,12,1,0,7,28,1
11615,592273,Brandon Drury,2022,FA,30,0.65,0.293,0.229,0.281,0.386,256,236,25,54,34,11,1,8,26,1,1,16,60,2
18882,664040,Brandon Lowe,2022,TBR,28,0.84,0.367,0.258,0.343,0.509,653,570,96,147,78,31,2,36,99,8,1,67,172,10
20202,669016,Brandon Marsh,2022,LAA,29,0.52,0.316,0.253,0.32,0.388,494,443,56,112,76,22,4,10,47,9,2,41,141,5
12927,607043,Brandon Nimmo,2022,NYM,29,0.8,0.364,0.267,0.376,0.439,596,501,79,134,88,25,5,17,54,6,4,80,128,10
17907,663898,Brendan Rodgers,2022,COL,26,0.68,0.329,0.267,0.319,0.433,543,499,64,133,87,26,3,17,65,2,1,32,117,8
19627,667670,Brent Rooker,2022,MIN,28,0.51,0.326,0.237,0.317,0.422,281,249,35,59,34,14,1,10,30,2,1,21,74,9
9927,458731,Brett Gardner,2022,FA,39,0.82,0.322,0.227,0.32,0.402,469,405,56,92,56,18,4,15,48,6,3,54,103,4
14735,621433,Brett Phillips,2022,TBR,28,0.65,0.311,0.214,0.302,0.398,305,266,45,57,33,10,3,11,38,13,2,33,90,2
12758,591971,Breyvic Valera,2022,FA,30,0.35,0.316,0.249,0.315,0.394,248,221,29,55,36,12,1,6,31,3,1,21,47,2
18289,605119,Brian Anderson,2022,MIA,29,0.81,0.339,0.252,0.335,0.431,514,452,57,114,72,22,1,19,67,5,1,47,125,11
9810,572821,Brian Dozier,2022,FA,35,0.57,0.323,0.236,0.324,0.399,204,178,23,42,26,8,0,7,21,2,1,22,46,2
12858,571718,Brian Goodwin,2022,FA,32,0.78,0.322,0.236,0.314,0.414,376,331,45,78,45,19,2,12,43,6,1,37,98,3
16729,657434,Brian O'Grady,2022,FA,30,0.29,0.321,0.232,0.31,0.414,232,203,29,47,27,11,1,8,26,3,1,22,56,3
9345,571788,Brock Holt,2022,FA,34,0.73,0.295,0.236,0.306,0.343,356,318,38,75,51,17,1,5,32,4,1,31,74,3
19600,650559,Bryan De La Cruz,2022,MIA,29,0.48,0.335,0.273,0.335,0.417,155,139,16,38,27,6,1,4,16,1,1,13,36,1
11287,592407,Bryan Holaday,2022,FA,35,0.42,0.295,0.233,0.298,0.356,225,202,26,47,31,10,0,5,24,2,1,17,54,3
19326,668804,Bryan Reynolds,2022,PIT,27,0.85,0.362,0.276,0.355,0.471,650,569,89,157,96,33,6,22,80,5,2,67,139,7
11579,547180,Bryce Harper,2022,PHI,30,0.86,0.408,0.283,0.392,0.54,633,509,97,144,77,34,2,31,89,14,3,98,140,6
13356,605490,Bubba Starling,2022,FA,30,0.5,0.283,0.222,0.282,0.354,216,198,25,44,30,8,0,6,20,2,0,15,60,2
9166,457763,Buster Posey,2022,FA,35,0.75,0.348,0.274,0.349,0.434,427,376,54,103,69,21,0,13,47,1,0,43,82,3
14161,621439,Byron Buxton,2022,MIN,29,0.74,0.359,0.267,0.315,0.53,552,509,85,136,67,34,2,32,80,14,3,31,131,7
12546,543068,C.J. Cron,2022,COL,32,0.8,0.361,0.261,0.344,0.486,588,514,72,134,74,30,1,28,89,2,0,56,131,12
21534,663728,Cal Raleigh,2022,SEA,29,0.38,0.287,0.224,0.285,0.36,137,125,13,28,16,8,0,3,15,1,0,10,37,1
7087,543376,Caleb Joseph,2022,FA,36,0.15,0.309,0.232,0.297,0.403,202,181,25,42,27,8,1,7,23,2,1,16,45,2
12981,595956,Cam Gallagher,2022,KCR,30,0.58,0.313,0.25,0.316,0.386,263,236,30,59,39,14,0,6,23,1,1,22,52,2
5223,457727,Cameron Maybin,2022,FA,35,0.62,0.315,0.241,0.315,0.394,241,216,29,52,32,13,1,6,23,6,2,21,60,3
14162,621043,Carlos Correa,2022,MIN,28,0.84,0.355,0.272,0.348,0.458,641,563,87,153,97,31,1,24,87,2,0,64,131,6
4881,460576,Carlos Gomez,2022,FA,37,0.2,0.31,0.232,0.305,0.39,200,177,23,41,26,8,1,6,22,4,1,17,49,3
7287,471865,Carlos Gonzalez,2022,FA,37,0.29,0.308,0.232,0.305,0.384,200,177,24,41,27,7,1,6,20,2,2,18,51,2
2396,467793,Carlos Santana,2022,KCR,36,0.87,0.328,0.229,0.336,0.388,633,533,77,122,80,20,1,21,72,3,0,88,110,3
13620,608348,Carson Kelly,2022,ARI,28,0.78,0.331,0.242,0.324,0.421,534,466,60,113,70,21,1,20,69,2,0,54,114,6
19958,666198,Carter Kieboom,2022,WSN,25,0.68,0.304,0.224,0.322,0.336,177,152,21,34,25,5,0,4,16,1,1,19,43,4
19252,624415,Cavan Biggio,2022,TOR,27,0.82,0.341,0.243,0.349,0.412,516,437,68,106,65,24,1,16,55,10,1,70,125,4
17929,656775,Cedric Mullins II,2022,BAL,28,0.81,0.349,0.272,0.335,0.461,659,588,82,160,101,30,6,23,60,24,6,53,133,8
10556,514917,Cesar Hernandez,2022,WSN,32,0.87,0.322,0.256,0.324,0.397,663,594,83,152,103,32,2,16,64,4,1,57,134,6
7216,527049,Cesar Puello,2022,FA,31,0.31,0.336,0.256,0.335,0.415,203,176,23,45,30,8,1,6,23,2,1,18,46,5
15191,640461,Chad Pinder,2022,OAK,30,0.71,0.313,0.242,0.302,0.411,291,265,36,64,38,16,1,9,35,1,1,21,69,3
17161,595453,Chad Wallach,2022,FA,31,0.45,0.302,0.236,0.298,0.377,245,220,24,52,33,11,1,6,26,2,1,19,66,2
16953,644433,Chadwick Tromp,2022,ATL,27,0.37,0.314,0.243,0.295,0.427,112,103,15,25,16,4,0,5,14,1,0,7,27,1
15694,642082,Chance Sisco,2022,FA,27,0.65,0.317,0.223,0.328,0.369,271,233,30,52,33,10,0,8,26,2,1,29,73,8
7859,453568,Charlie Blackmon,2022,COL,36,0.86,0.348,0.279,0.343,0.445,648,577,87,161,106,31,4,19,88,4,2,52,116,9
3298,518586,Charlie Culberson,2022,FA,33,0.61,0.311,0.246,0.3,0.403,337,305,35,75,47,17,2,9,35,5,1,23,83,3
12983,605508,Charlie Tilson,2022,FA,30,0.28,0.313,0.246,0.315,0.385,200,179,23,44,30,8,1,5,21,3,1,16,45,3
19599,676801,Chas McCormick,2022,HOU,27,0.57,0.338,0.257,0.324,0.442,500,443,69,114,73,20,1,20,70,6,3,42,137,6
10473,596144,Cheslor Cuthbert,2022,FA,30,0.45,0.314,0.249,0.31,0.398,200,181,20,45,30,9,0,6,24,2,0,15,42,2
9272,448801,Chris Davis,2022,FA,36,0.57,0.271,0.194,0.271,0.33,214,191,20,37,23,8,0,6,20,1,0,19,65,2
9284,543302,Chris Herrmann,2022,FA,35,0.19,0.314,0.237,0.31,0.395,200,177,23,42,28,8,1,6,22,2,1,18,48,2
8267,455104,Chris Iannetta,2022,FA,39,0.29,0.323,0.237,0.31,0.424,200,177,24,42,25,10,1,7,23,2,1,18,52,2
10030,572008,Chris Owings,2022,FA,31,0.51,0.308,0.231,0.301,0.396,236,212,30,49,30,10,2,7,24,5,2,20,65,2
17738,622046,Chris Shaw,2022,FA,29,0.05,0.317,0.242,0.315,0.399,200,178,23,43,27,8,1,6,22,2,1,18,46,2
13757,621035,Chris Taylor,2022,LAD,32,0.84,0.345,0.256,0.338,0.444,591,516,82,132,80,29,4,20,75,10,2,61,157,7
16434,624414,Christian Arroyo,2022,BOS,27,0.57,0.328,0.253,0.318,0.426,277,249,35,63,39,13,0,10,36,2,0,20,63,5
11145,518568,Christian Colon,2022,FA,33,0.18,0.306,0.232,0.301,0.389,206,185,25,43,28,9,1,6,23,3,1,16,43,3
9774,543877,Christian Vazquez,2022,BOS,32,0.83,0.32,0.263,0.318,0.407,548,501,62,132,90,25,1,15,63,8,4,40,109,2
13419,572233,Christian Walker,2022,ARI,31,0.84,0.333,0.255,0.328,0.426,586,521,77,133,81,31,2,18,69,4,1,53,136,6
11477,592885,Christian Yelich,2022,MIL,31,0.84,0.366,0.257,0.363,0.462,603,502,89,129,78,24,2,25,70,14,3,85,147,5
17714,621514,Christin Stewart,2022,FA,29,0.65,0.301,0.225,0.295,0.38,224,200,20,45,27,11,1,6,23,1,1,17,56,4
15983,640449,Clint Frazier,2022,CHC,28,0.74,0.34,0.241,0.338,0.428,299,257,37,62,37,13,1,11,37,4,1,35,78,4
15998,641355,Cody Bellinger,2022,LAD,27,0.84,0.347,0.246,0.33,0.461,528,456,74,112,64,22,2,24,70,9,2,60,106,2
17326,657061,Cole Tucker,2022,PIT,26,0.65,0.295,0.237,0.298,0.359,272,245,34,58,40,11,2,5,26,3,1,21,65,2
16909,592567,Colin Moran,2022,CIN,30,0.81,0.33,0.257,0.324,0.424,534,479,57,123,80,24,1,18,70,2,1,46,128,4
19961,666213,Colton Welker,2022,COL,29,0.14,0.316,0.245,0.318,0.388,110,98,14,24,16,5,0,3,12,1,0,10,25,1
16572,656582,Connor Joe,2022,COL,30,0.48,0.346,0.261,0.345,0.432,278,241,32,63,41,12,1,9,38,2,1,29,58,4
5503,543377,Corban Joseph,2022,FA,34,0.15,0.304,0.229,0.295,0.391,200,179,23,41,26,9,1,6,23,2,1,16,44,2
10762,572816,Corey Dickerson,2022,STL,33,0.8,0.326,0.263,0.318,0.422,537,490,63,129,84,25,4,15,57,5,3,39,104,3
19170,641999,Corey Ray,2022,MIL,28,0.01,0.315,0.244,0.317,0.389,101,90,13,22,14,4,0,3,12,1,0,9,22,1
13624,608369,Corey Seager,2022,TEX,28,0.83,0.375,0.289,0.358,0.508,593,526,85,152,89,34,3,25,88,3,1,55,105,5
12294,605486,Cory Spangenberg,2022,FA,31,0.2,0.316,0.246,0.31,0.402,200,179,24,44,29,8,1,6,23,3,1,16,50,2
6013,542436,Cristhian Adames,2022,FA,31,0.06,0.328,0.253,0.325,0.416,200,178,24,45,29,9,1,6,23,2,1,18,46,2
19948,665506,Cristian Pache,2022,OAK,24,0.24,0.296,0.224,0.289,0.376,418,375,48,84,52,19,1,12,44,4,1,32,105,5
12510,592200,Curt Casali,2022,SFG,34,0.7,0.325,0.229,0.323,0.403,294,253,31,58,35,12,1,10,33,2,0,32,78,5
17766,621466,D.J. Stewart,2022,BAL,29,0.72,0.328,0.221,0.327,0.406,318,271,38,60,36,11,0,13,36,2,1,40,83,4
8392,518614,Daniel Descalso,2022,FA,36,0.33,0.297,0.222,0.3,0.358,200,176,23,39,25,7,1,5,20,2,1,19,50,2
19643,669288,Daniel Johnson Jr.,2022,FA,27,0.31,0.309,0.237,0.303,0.393,244,219,28,52,35,8,1,8,24,3,1,20,62,2
4316,502517,Daniel Murphy,2022,FA,37,0.69,0.306,0.25,0.302,0.387,232,212,24,53,35,11,0,6,30,1,0,16,43,1
14897,594953,Daniel Palka,2022,FA,31,0.19,0.297,0.219,0.295,0.371,200,178,21,39,25,7,1,6,21,2,1,18,50,2
14145,621002,Daniel Robertson,2022,FA,28,0.54,0.312,0.235,0.327,0.355,251,217,29,51,36,9,1,5,23,2,1,26,61,5
14130,596129,Daniel Vogelbach,2022,PIT,30,0.78,0.33,0.22,0.333,0.406,553,468,67,103,62,18,0,23,64,2,0,78,132,3
16535,643376,Danny Jansen,2022,TOR,27,0.75,0.315,0.221,0.306,0.404,470,411,59,91,52,19,1,18,59,2,1,47,99,6
18889,664901,Danny Mendick,2022,FA,29,0.64,0.302,0.241,0.305,0.369,321,290,33,70,49,11,1,8,31,2,2,25,72,3
10322,542454,Danny Santana,2022,FA,32,0.7,0.32,0.238,0.301,0.433,279,252,36,60,35,12,2,11,36,8,2,21,76,3
18314,621020,Dansby Swanson,2022,ATL,28,0.86,0.338,0.257,0.325,0.444,606,540,85,139,85,31,2,22,78,9,3,52,148,6
9929,573131,Darin Ruf,2022,SFG,36,0.68,0.358,0.257,0.351,0.464,527,455,64,117,69,24,2,22,72,5,1,63,132,5
19918,662139,Daulton Varsho,2022,ARI,26,0.69,0.323,0.238,0.315,0.419,565,501,74,119,69,27,5,18,63,11,2,54,129,5
14593,623520,David Bote,2022,CHC,29,0.77,0.314,0.223,0.31,0.394,200,175,22,39,25,7,1,7,26,2,0,20,48,3
13744,621311,David Dahl,2022,FA,28,0.73,0.306,0.243,0.296,0.395,334,304,40,74,47,16,3,8,38,4,2,22,84,3
17992,664058,David Fletcher,2022,LAA,28,0.86,0.318,0.28,0.331,0.376,595,543,73,152,116,27,2,7,49,9,3,43,71,2
10619,571679,David Freitas,2022,FA,33,0.05,0.318,0.239,0.315,0.398,200,176,24,42,27,8,1,6,23,2,1,19,45,2
2136,444482,David Peralta,2022,ARI,35,0.84,0.326,0.264,0.324,0.415,615,557,64,147,97,32,5,14,78,3,1,48,123,4
14713,608475,Dawel Lugo,2022,FA,28,0.45,0.308,0.249,0.3,0.395,203,185,24,46,31,8,2,5,22,1,0,13,42,2
18353,663662,Daz Cameron,2022,DET,25,0.49,0.3,0.226,0.294,0.387,136,124,16,28,18,6,1,4,14,3,0,11,36,1
8203,543829,Dee Strange-Gordon,2022,FA,34,0.63,0.289,0.245,0.295,0.345,220,200,24,49,37,7,2,3,19,7,2,14,40,2
11379,592261,Delino Deshields,2022,FA,30,0.69,0.313,0.252,0.322,0.367,258,226,26,57,40,10,2,4,23,8,3,24,60,2
10542,518618,Derek Dietrich,2022,FA,33,0.58,0.339,0.216,0.326,0.443,218,185,27,40,22,7,1,11,26,2,1,21,53,10
16192,605233,Derek Fisher,2022,FA,24,0.44,0.329,0.237,0.322,0.419,214,186,28,44,26,9,2,7,27,3,2,24,53,1
16947,656537,Derek Hill,2022,DET,29,0.42,0.313,0.246,0.309,0.397,139,126,18,31,21,5,1,4,14,3,1,11,35,1
13325,571918,Deven Marrero,2022,FA,32,0.08,0.315,0.235,0.31,0.401,210,187,27,44,28,8,1,7,23,3,1,19,49,2
4062,451594,Dexter Fowler,2022,FA,36,0.7,0.32,0.233,0.323,0.393,235,206,29,48,32,9,0,8,28,3,2,25,59,3
6012,544369,Didi Gregorius,2022,PHI,32,0.82,0.317,0.243,0.299,0.423,551,497,65,121,75,23,3,20,79,5,2,36,91,8
14335,599096,Dilson Herrera,2022,FA,28,0.05,0.32,0.24,0.317,0.402,202,179,24,43,28,9,1,6,23,2,1,17,48,4
9874,518934,DJ LeMahieu,2022,NYY,34,0.86,0.357,0.293,0.359,0.447,421,376,60,110,79,17,1,13,47,4,1,38,62,3
15055,624513,Dom Nunez,2022,COL,27,0.55,0.324,0.222,0.309,0.425,291,252,35,56,30,14,2,11,35,2,1,32,83,2
16404,642736,Domingo Leyba,2022,FA,27,0.32,0.291,0.218,0.294,0.35,248,220,28,48,31,9,1,6,25,2,1,22,56,3
10348,570267,Domingo Santana,2022,FA,30,0.66,0.32,0.232,0.317,0.402,221,194,25,45,28,9,0,8,28,2,1,23,62,2
15653,642086,Dominic Smith,2022,NYM,27,0.81,0.348,0.27,0.335,0.459,373,333,44,90,54,22,1,13,53,2,1,28,83,7
8623,456781,Donovan Solano,2022,CIN,35,0.79,0.339,0.288,0.341,0.419,211,191,23,55,38,11,1,4,24,1,0,14,42,3
3411,460077,Drew Butera,2022,FA,39,0.38,0.272,0.207,0.263,0.34,228,203,24,42,26,10,1,5,24,2,1,16,60,2
19873,656403,Drew Ellis,2022,ARI,29,0.26,0.306,0.221,0.314,0.356,121,104,15,23,15,5,0,3,12,1,0,12,30,3
11761,592685,Drew Robinson,2022,FA,30,0.02,0.32,0.246,0.315,0.408,200,179,25,44,28,9,1,6,23,2,1,17,45,2
17098,641583,Dustin Fowler,2022,FA,28,0.16,0.31,0.237,0.309,0.384,223,198,25,47,31,9,1,6,24,3,1,19,57,3
9433,572863,Dustin Garneau,2022,DET,35,0.48,0.316,0.225,0.298,0.417,248,218,29,49,27,10,1,10,29,2,1,22,61,3
15189,640460,Dustin Peterson,2022,FA,28,0.11,0.326,0.247,0.32,0.416,200,178,23,44,28,10,1,6,24,3,1,17,46,3
13473,596105,Dwight Smith Jr.,2022,FA,30,0.61,0.315,0.241,0.307,0.405,218,195,26,47,30,9,1,7,25,3,1,18,49,2
20126,666185,Dylan Carlson,2022,STL,24,0.78,0.338,0.258,0.33,0.433,606,534,75,138,85,31,4,18,70,4,2,54,145,8
15115,622226,Dylan Cozens,2022,FA,28,0,0.329,0.247,0.32,0.427,200,178,25,44,28,9,1,7,24,3,1,18,44,2
18042,664238,Dylan Moore,2022,SEA,30,0.78,0.312,0.218,0.31,0.393,339,298,42,65,37,14,1,12,37,16,6,32,93,8
12155,592696,Eddie Rosario,2022,ATL,31,0.84,0.33,0.259,0.307,0.453,603,552,76,143,90,25,2,26,95,9,3,40,99,2
17022,624641,Edmundo Sosa,2022,STL,29,0.58,0.332,0.264,0.337,0.401,306,269,37,71,51,10,3,7,30,4,3,21,62,11
6153,500871,Eduardo Escobar,2022,NYM,33,0.86,0.324,0.246,0.304,0.438,606,548,73,135,81,24,6,23,81,3,1,46,122,3
6848,456488,Eduardo Nunez,2022,FA,35,0.31,0.301,0.243,0.295,0.381,200,181,21,44,30,8,1,5,23,4,1,13,41,2
19698,658668,Edward Olivares,2022,KCR,26,0.56,0.316,0.25,0.306,0.408,265,240,30,60,41,9,1,9,30,3,3,18,57,3
2151,429665,Edwin Encarnacion,2022,FA,39,0.73,0.312,0.208,0.295,0.417,244,216,31,45,24,9,0,12,31,1,0,23,61,4
18316,621458,Edwin Rios,2022,LAD,28,0.52,0.335,0.231,0.308,0.466,250,221,32,51,27,11,1,13,33,2,0,22,60,4
8418,501303,Ehire Adrianza,2022,WSN,33,0.7,0.312,0.236,0.314,0.378,290,254,37,60,39,14,2,6,28,2,1,27,61,4
19346,642201,Eli White,2022,TEX,29,0.57,0.282,0.211,0.283,0.344,286,256,34,54,35,11,1,7,25,4,3,23,76,4
11680,553869,Elias Diaz,2022,COL,32,0.75,0.311,0.243,0.305,0.399,502,456,57,111,72,21,1,16,55,2,1,39,93,3
17484,650391,Eloy Jimenez,2022,CHW,26,0.8,0.352,0.273,0.326,0.492,522,480,63,131,78,25,1,26,82,2,0,36,125,3
8709,462101,Elvis Andrus,2022,OAK,34,0.83,0.291,0.243,0.294,0.352,612,559,70,136,97,27,2,10,54,17,4,39,100,5
4054,466988,Emilio Bonifacio,2022,FA,37,0.02,0.308,0.233,0.303,0.389,201,180,25,42,27,8,1,6,22,2,2,17,47,2
19890,656896,Emmanuel Rivera,2022,KCR,29,0.29,0.321,0.25,0.32,0.402,250,224,31,56,38,11,1,7,24,4,1,22,55,2
4922,542255,Ender Inciarte,2022,FA,32,0.67,0.291,0.224,0.296,0.343,277,245,35,55,38,9,1,6,28,6,1,25,58,2
10472,571771,Enrique Hernandez,2022,BOS,31,0.83,0.325,0.242,0.314,0.422,636,566,84,137,80,33,3,21,74,3,1,54,129,9
6938,493472,Eric Campbell,2022,FA,35,0.05,0.319,0.245,0.316,0.402,206,184,24,45,29,9,1,6,23,2,1,18,45,2
14111,606992,Eric Haase,2022,DET,29,0.64,0.313,0.231,0.291,0.429,323,294,39,68,42,11,1,15,46,2,0,24,90,2
3516,543333,Eric Hosmer,2022,SDP,33,0.84,0.329,0.264,0.322,0.423,597,541,66,143,97,27,1,19,84,6,3,44,122,5
7927,519299,Eric Sogard,2022,FA,36,0.74,0.303,0.245,0.305,0.372,321,290,34,71,50,14,1,7,29,4,1,25,57,2
13795,608715,Eric Stamets,2022,TOR,31,0.11,0.3,0.225,0.3,0.371,100,89,12,20,13,4,0,3,11,1,0,9,25,1
3711,519346,Eric Thames,2022,FA,36,0.7,0.322,0.23,0.316,0.407,234,204,26,47,28,10,1,8,26,2,1,23,65,4
13369,570481,Erik Gonzalez,2022,FA,31,0.74,0.282,0.237,0.279,0.353,362,334,33,79,54,17,2,6,35,4,3,20,82,2
4403,456124,Erik Kratz,2022,FA,42,0.27,0.302,0.235,0.3,0.38,207,187,21,44,29,10,1,5,22,2,1,16,48,2
sa295188,448171,Ernesto Mejia,2022,FA,37,0.12,0.3,0.225,0.289,0.385,204,182,23,41,25,9,1,6,21,3,1,16,51,2
20352,676391,Ernie Clement,2022,CLE,29,0.36,0.311,0.244,0.308,0.387,133,119,16,29,20,5,0,4,13,1,1,10,26,2
12552,553993,Eugenio Suarez,2022,SEA,31,0.86,0.339,0.226,0.315,0.466,609,530,76,120,61,23,1,34,87,3,1,64,169,8
9368,446334,Evan Longoria,2022,SFG,37,0.81,0.33,0.25,0.318,0.432,198,176,25,44,27,9,1,7,26,1,1,17,43,2
20078,657108,Evan White,2022,SEA,26,0.68,0.284,0.206,0.278,0.36,151,136,16,28,17,6,0,5,18,1,1,13,47,1
19709,665487,Fernando Tatis Jr.,2022,SDP,23,0.84,0.404,0.292,0.369,0.575,268,233,47,68,37,13,1,17,44,10,2,28,66,3
14567,614173,Franchy Cordero,2022,FA,28,0.49,0.305,0.229,0.299,0.39,278,249,33,57,36,14,1,8,30,4,1,24,69,2
5275,465041,Francisco Cervelli,2022,FA,36,0.48,0.319,0.236,0.316,0.403,215,191,26,45,28,9,1,7,23,2,0,20,50,3
12916,596019,Francisco Lindor,2022,NYM,29,0.86,0.34,0.257,0.327,0.444,617,541,81,139,86,28,2,23,69,14,4,57,108,6
16403,642336,Francisco Mejia,2022,TBR,27,0.68,0.315,0.245,0.308,0.401,299,269,35,66,41,14,2,8,33,1,1,20,61,6
15351,643524,Frank Schwindel,2022,CHC,29,0.53,0.366,0.287,0.343,0.506,528,480,76,138,82,32,2,23,74,5,2,39,99,4
15519,620439,Franklin Barreto,2022,FA,26,0.13,0.313,0.233,0.3,0.411,200,180,25,42,26,9,1,7,23,3,1,16,48,2
14566,614177,Franmil Reyes,2022,CLE,27,0.84,0.351,0.26,0.328,0.481,591,524,72,136,81,24,1,30,89,3,1,55,164,3
5361,518692,Freddie Freeman,2022,LAD,33,0.87,0.402,0.301,0.39,0.528,669,562,109,169,103,34,2,30,99,7,2,85,115,7
6609,520471,Freddy Galvis,2022,FA,33,0.82,0.313,0.24,0.3,0.412,436,396,52,95,61,18,1,16,47,3,1,30,94,6
15279,643265,Garrett Cooper,2022,MIA,32,0.76,0.349,0.271,0.346,0.446,532,473,67,128,84,24,1,19,67,3,1,49,132,7
19262,641658,Garrett Hampson,2022,COL,28,0.81,0.307,0.242,0.299,0.394,371,335,49,81,54,13,4,10,29,11,3,28,95,2
18067,596117,Garrett Stubbs,2022,PHI,29,0.25,0.3,0.23,0.292,0.378,236,209,28,48,31,11,1,6,25,3,2,19,48,2
11442,596142,Gary Sanchez,2022,MIN,30,0.81,0.317,0.207,0.299,0.427,552,483,67,100,53,17,1,29,73,2,1,56,155,9
19955,666158,Gavin Lux,2022,LAD,25,0.7,0.317,0.241,0.319,0.39,329,290,42,70,47,12,2,9,40,4,1,33,74,2
19901,657757,Gavin Sheets,2022,CHW,29,0.43,0.339,0.249,0.321,0.458,464,413,58,103,61,21,1,21,69,3,1,41,103,5
12856,543807,George Springer,2022,TOR,33,0.82,0.373,0.263,0.349,0.515,584,509,91,134,74,23,3,33,83,6,3,62,121,8
8553,467827,Gerardo Parra,2022,FA,35,0.55,0.305,0.237,0.299,0.386,254,228,31,54,35,11,1,7,32,4,2,18,58,4
4949,519317,Giancarlo Stanton,2022,NYY,33,0.77,0.36,0.26,0.347,0.477,602,524,69,136,81,24,0,30,87,3,1,68,159,5
20233,665482,Gilberto Celestino,2022,MIN,29,0.21,0.294,0.219,0.284,0.381,116,105,14,23,14,5,0,4,12,1,0,9,26,1
10681,570482,Gio Urshela,2022,MIN,31,0.82,0.343,0.278,0.331,0.452,532,485,65,135,87,28,1,18,71,3,1,37,109,4
16997,650402,Gleyber Torres,2022,NYY,26,0.83,0.342,0.266,0.341,0.427,577,508,70,135,90,25,0,19,68,9,3,58,115,4
9015,493596,Gordon Beckham,2022,FA,36,0.38,0.307,0.233,0.3,0.394,200,180,24,42,26,9,1,6,19,2,1,15,50,3
4146,491676,Gorkys Hernandez,2022,FA,35,0.12,0.311,0.232,0.3,0.401,200,177,23,41,26,8,2,6,21,3,1,17,46,2
17062,606988,Grayson Greiner,2022,FA,30,0.57,0.288,0.213,0.28,0.37,254,230,28,49,31,10,1,8,28,1,0,20,73,2
16623,656185,Greg Allen,2022,PIT,29,0.52,0.314,0.236,0.314,0.381,436,381,56,90,57,19,3,10,46,14,2,33,101,14
14131,595885,Greg Bird,2022,FA,30,0.09,0.321,0.243,0.32,0.401,200,177,25,43,28,8,1,6,22,2,1,19,48,2
10951,594824,Greg Garcia,2022,FA,33,0.6,0.313,0.237,0.323,0.36,217,186,26,44,30,9,1,4,24,2,1,24,50,2
12907,570256,Gregory Polanco,2022,FA,31,0.77,0.286,0.207,0.276,0.363,434,386,44,80,48,16,1,14,47,10,2,37,124,3
18721,628338,Guillermo Heredia,2022,ATL,31,0.7,0.307,0.23,0.31,0.371,316,278,42,64,38,18,0,7,30,2,1,28,74,6
27506,673490,Ha-seong Kim,2022,SDP,27,0.55,0.305,0.227,0.297,0.389,475,422,50,96,59,20,3,14,55,8,2,39,107,6
11902,593643,Hanser Alberto,2022,LAD,30,0.81,0.314,0.276,0.309,0.401,317,297,39,82,57,17,1,6,31,3,1,12,44,4
14691,605612,Harold Castro,2022,DET,29,0.74,0.317,0.281,0.32,0.39,316,292,33,82,63,13,2,5,33,2,1,18,69,1
14387,623912,Harold Ramirez,2022,TBR,28,0.73,0.318,0.266,0.312,0.41,317,293,35,78,54,16,1,8,36,3,1,17,59,4
18030,664056,Harrison Bader,2022,STL,28,0.79,0.335,0.246,0.326,0.432,516,451,67,111,66,24,3,18,57,11,4,46,127,11
5751,541650,Hernan Perez,2022,FA,31,0.43,0.29,0.228,0.283,0.368,212,193,24,44,29,9,0,6,20,3,1,15,54,1
4229,435062,Howie Kendrick,2022,FA,39,0.64,0.347,0.28,0.335,0.45,224,200,29,56,38,11,1,7,30,2,1,17,41,2
18027,660829,Hoy Park,2022,PIT,29,0.38,0.314,0.231,0.313,0.389,262,229,31,53,33,11,2,7,28,3,1,26,61,3
13595,600858,Humberto Arteaga,2022,FA,28,0.26,0.304,0.235,0.302,0.374,202,179,23,42,29,8,1,5,20,2,1,16,43,3
15117,641531,Hunter Dozier,2022,KCR,31,0.84,0.326,0.239,0.319,0.421,587,518,71,124,73,25,6,19,62,6,2,57,151,6
8252,452254,Hunter Pence,2022,FA,39,0.55,0.315,0.232,0.299,0.423,214,194,27,45,27,8,1,9,29,3,1,17,50,2
15464,592669,Hunter Renfroe,2022,MIL,30,0.83,0.328,0.231,0.3,0.46,580,520,80,120,61,27,1,30,85,5,1,50,144,4
6885,435622,Ian Desmond,2022,FA,37,0.55,0.326,0.249,0.31,0.436,200,181,25,45,25,11,1,7,25,2,1,15,48,2
17919,664023,Ian Happ,2022,CHC,28,0.82,0.347,0.244,0.334,0.46,607,528,74,129,73,26,2,28,76,7,4,68,160,6
13324,545121,Ildemaro Vargas,2022,FA,31,0.57,0.288,0.231,0.282,0.368,255,234,29,54,36,10,2,6,26,2,0,17,48,1
5238,543194,Isaac Galloway,2022,FA,33,0.12,0.302,0.232,0.295,0.387,200,181,24,42,28,8,1,6,21,3,1,15,47,2
20036,670623,Isaac Paredes,2022,DET,23,0.55,0.313,0.244,0.313,0.387,134,119,13,29,20,6,1,3,12,1,0,12,27,1
17922,656371,Isan Diaz,2022,MIA,26,0.65,0.288,0.212,0.291,0.344,172,151,18,32,22,6,1,4,16,1,1,17,43,1
16512,643396,Isiah Kiner-Falefa,2022,NYY,27,0.84,0.31,0.268,0.319,0.374,608,559,70,150,115,21,4,10,49,16,6,36,97,8
16219,605204,J.D. Davis,2022,NYM,29,0.8,0.355,0.269,0.359,0.436,306,264,36,71,47,14,0,10,32,2,0,33,75,6
6184,502110,J.D. Martinez,2022,BOS,35,0.86,0.351,0.265,0.332,0.47,633,559,81,148,84,36,2,25,87,2,0,58,147,4
15491,641487,J.P. Crawford,2022,SEA,27,0.85,0.323,0.262,0.335,0.379,629,557,81,146,103,29,3,10,62,8,5,59,114,6
11739,592663,J.T. Realmuto,2022,PHI,31,0.84,0.346,0.263,0.333,0.455,621,552,85,145,90,28,3,24,85,12,3,51,143,11
17642,595375,J.T. Riddle,2022,CIN,31,0.48,0.265,0.206,0.264,0.333,110,102,13,21,14,4,0,3,9,1,0,7,25,1
12325,607054,Jace Peterson,2022,MIL,32,0.67,0.322,0.236,0.333,0.38,484,416,57,98,67,17,2,13,50,11,2,59,115,4
15402,608686,Jack Mayfield,2022,LAA,32,0.64,0.287,0.221,0.277,0.37,303,276,34,61,37,14,0,9,35,4,0,20,72,3
12984,598265,Jackie Bradley Jr.,2022,BOS,32,0.83,0.302,0.222,0.301,0.372,544,481,64,107,67,23,2,15,52,9,3,48,142,9
16448,641924,Jacob Nottingham,2022,FA,27,0.39,0.324,0.23,0.305,0.435,236,209,30,48,27,8,1,11,36,2,1,20,65,4
13723,607732,Jacob Stallings,2022,MIA,33,0.78,0.316,0.246,0.321,0.381,535,472,54,116,80,23,1,13,61,2,0,53,119,3
14818,592444,JaCoby Jones,2022,FA,30,0.68,0.315,0.238,0.305,0.413,279,252,35,60,35,15,1,9,29,4,2,21,79,4
18872,663330,Jahmai Jones,2022,BAL,25,0.26,0.301,0.241,0.303,0.37,119,108,14,26,17,5,0,3,12,2,0,9,30,1
15194,641343,Jake Bauers,2022,FA,27,0.7,0.299,0.23,0.31,0.35,358,317,38,73,52,12,1,8,33,5,2,35,86,3
14477,595909,Jake Cave,2022,FA,30,0.7,0.305,0.23,0.301,0.387,319,287,37,66,42,12,3,9,34,2,2,22,95,8
18036,630105,Jake Cronenworth,2022,SDP,28,0.81,0.35,0.268,0.339,0.458,638,563,88,151,91,36,7,19,70,6,3,57,104,8
7290,518653,Jake Elmore,2022,FA,35,0.11,0.31,0.239,0.305,0.394,200,180,23,43,29,8,1,6,22,2,1,16,44,2
19260,641584,Jake Fraley,2022,CIN,27,0.59,0.319,0.223,0.325,0.378,295,251,32,56,36,10,1,9,33,8,2,36,75,4
13329,571875,Jake Lamb,2022,FA,32,0.68,0.31,0.213,0.311,0.378,309,267,35,57,34,12,1,10,35,2,1,33,78,6
11339,545350,Jake Marisnick,2022,FA,31,0.65,0.318,0.242,0.303,0.422,307,277,38,67,40,14,3,10,36,6,2,20,85,6
21622,664983,Jake McCarthy,2022,ARI,29,0.23,0.331,0.245,0.326,0.42,242,212,32,52,33,11,1,8,25,5,2,23,59,4
20308,676694,Jake Meyers,2022,HOU,29,0.4,0.33,0.254,0.319,0.429,141,126,18,32,20,7,0,5,20,2,0,11,36,2
19703,669738,Jake Noll,2022,FA,28,0.15,0.331,0.262,0.328,0.421,204,183,25,48,32,9,1,6,22,2,1,17,46,2
19452,668670,Jake Rogers,2022,DET,27,0.46,0.315,0.229,0.303,0.415,132,118,16,27,15,5,1,5,15,1,0,12,38,1
12859,543510,James McCann,2022,NYM,32,0.79,0.324,0.253,0.317,0.416,517,466,59,118,79,20,1,18,61,4,2,39,138,7
10882,592419,Jared Hoying,2022,FA,33,0.01,0.317,0.243,0.312,0.403,202,181,24,44,28,9,1,6,23,2,1,17,46,2
19968,666931,Jared Oliva,2022,PIT,27,0.24,0.303,0.238,0.301,0.376,113,101,12,24,16,5,0,3,11,2,0,9,26,1
18607,665120,Jared Walsh,2022,LAA,29,0.78,0.357,0.271,0.33,0.496,613,550,77,149,85,31,3,29,98,3,1,47,144,6
22558,672284,Jarred Kelenic,2022,SEA,23,0.61,0.305,0.217,0.299,0.391,505,448,60,97,57,20,2,18,60,8,4,49,124,5
24617,680776,Jarren Duran,2022,BOS,29,0.32,0.307,0.239,0.297,0.402,128,117,17,28,18,5,1,4,14,2,1,9,34,1
11624,592620,Jarrett Parker,2022,FA,33,0.04,0.313,0.236,0.31,0.393,200,178,24,42,27,8,1,6,22,2,1,18,47,2
4866,502481,Jarrod Dyson,2022,FA,38,0.7,0.274,0.218,0.285,0.317,291,262,37,57,42,9,1,5,23,15,3,25,61,1
8722,488771,Jason Castro,2022,HOU,35,0.69,0.324,0.226,0.32,0.407,281,243,33,55,30,14,0,10,31,1,0,32,82,3
4940,518792,Jason Heyward,2022,CHC,33,0.82,0.327,0.241,0.328,0.403,539,469,62,113,73,20,4,16,56,7,2,59,109,5
9776,543401,Jason Kipnis,2022,FA,35,0.7,0.32,0.239,0.313,0.405,233,205,25,49,30,11,1,7,27,3,1,22,53,2
16429,641829,Jason Martin,2022,FA,27,0.45,0.301,0.23,0.293,0.385,280,252,32,58,39,10,1,9,30,5,1,22,67,2
16686,613564,Jason Vosler,2022,SFG,29,0.25,0.314,0.23,0.305,0.401,246,217,32,50,30,11,1,8,28,4,1,22,56,3
12979,595879,Javier Baez,2022,DET,30,0.85,0.323,0.249,0.297,0.448,619,571,84,142,85,27,3,27,83,13,4,33,183,9
9892,457803,Jay Bruce,2022,FA,35,0.65,0.307,0.215,0.278,0.435,245,223,28,48,23,11,1,12,33,2,0,18,59,2
19552,664041,Jaylin Davis,2022,SFG,28,0.2,0.309,0.234,0.298,0.404,104,94,12,22,14,4,0,4,11,1,1,8,24,1
20454,665862,Jazz Chisholm,2022,MIA,24,0.72,0.322,0.247,0.31,0.424,606,547,82,135,85,24,5,21,67,21,8,47,157,6
6677,543776,JB Shuck,2022,FA,35,0.12,0.318,0.239,0.315,0.398,200,176,23,42,28,8,1,6,21,3,1,19,44,2
5933,516416,Jean Segura,2022,PHI,32,0.85,0.334,0.271,0.332,0.424,597,538,76,146,101,26,4,16,63,8,3,45,99,7
4418,476704,Jed Lowrie,2022,OAK,29,0.68,0.322,0.247,0.32,0.404,565,502,63,124,78,29,1,16,72,2,1,53,121,4
10816,576397,Jedd Gyorko,2022,FA,34,0.58,0.319,0.233,0.309,0.413,233,206,28,48,31,7,0,10,27,2,0,22,58,2
3448,425772,Jeff Mathis,2022,FA,39,0.55,0.263,0.195,0.258,0.33,221,200,21,39,24,7,1,6,21,2,0,17,66,1
15362,643446,Jeff McNeil,2022,NYM,30,0.83,0.347,0.28,0.35,0.431,552,492,64,138,92,30,1,14,59,4,3,43,83,12
13621,600869,Jeimer Candelario,2022,DET,29,0.84,0.342,0.263,0.343,0.432,627,556,75,146,89,35,4,17,70,3,1,63,142,6
sa876320,665161,Jeremy Pe√±a,2022,HOU,29,0,0.331,0.251,0.322,0.427,410,363,50,91,58,18,2,14,48,5,2,36,91,5
19913,660821,Jes√∫s S√°nchez,2022,MIA,29,0.51,0.339,0.252,0.32,0.456,500,445,57,112,68,19,3,22,65,3,2,42,132,6
13590,608385,Jesse Winker,2022,SEA,29,0.82,0.38,0.276,0.37,0.502,597,514,85,142,82,30,1,28,75,3,1,67,114,12
11342,542583,Jesus Aguilar,2022,MIA,32,0.83,0.335,0.254,0.328,0.427,583,511,66,130,83,25,0,21,88,2,1,57,116,4
5942,491696,Jesus Sucre,2022,FA,34,0.14,0.314,0.24,0.31,0.397,200,179,22,43,28,8,1,6,21,2,1,17,44,2
5452,596847,Ji-Man Choi,2022,TBR,31,0.79,0.339,0.241,0.339,0.42,531,452,61,109,63,28,1,17,67,2,1,67,130,4
6448,451192,Jim Adduci,2022,FA,37,0.01,0.315,0.24,0.31,0.402,200,179,24,43,27,9,1,6,23,2,1,17,46,2
20220,666176,Jo Adell,2022,LAA,23,0.62,0.294,0.226,0.289,0.375,471,429,51,97,63,18,2,14,54,4,3,34,130,5
11899,592626,Joc Pederson,2022,SFG,30,0.82,0.331,0.234,0.314,0.443,566,501,75,117,68,21,3,26,71,3,2,49,131,12
11936,605412,Joe Panik,2022,FA,32,0.78,0.294,0.23,0.306,0.339,363,322,37,74,53,15,1,6,29,3,1,34,58,3
21524,663698,Joey Bart,2022,SFG,26,0.48,0.311,0.247,0.315,0.38,416,376,54,93,63,18,4,8,40,3,1,27,115,11
14128,608336,Joey Gallo,2022,NYY,29,0.84,0.345,0.213,0.335,0.448,635,527,85,112,57,20,1,34,79,7,1,94,204,7
13277,572073,Joey Rickard,2022,FA,31,0.34,0.31,0.235,0.312,0.38,202,179,22,42,27,9,1,5,19,3,1,18,47,3
4314,458015,Joey Votto,2022,CIN,39,0.85,0.352,0.245,0.345,0.453,614,523,79,128,74,26,1,27,75,3,0,80,136,4
13853,621563,Joey Wendle,2022,MIA,32,0.81,0.323,0.261,0.319,0.409,373,337,49,88,57,20,3,8,37,9,4,23,79,8
14950,622666,Johan Camargo,2022,PHI,29,0.63,0.291,0.223,0.282,0.379,245,224,30,50,30,12,1,7,25,2,0,17,56,2
13012,607430,John Andreoli,2022,FA,32,0.03,0.317,0.242,0.314,0.401,204,182,26,44,27,9,1,6,23,2,1,18,47,2
12547,543308,John Hicks,2022,FA,33,0.49,0.298,0.229,0.278,0.408,216,201,24,46,27,9,0,9,25,2,1,13,58,1
10346,571974,John Ryan Murphy,2022,FA,31,0.41,0.292,0.223,0.288,0.363,215,193,25,43,28,9,0,6,20,2,1,17,64,2
12037,542932,Jon Berti,2022,MIA,32,0.75,0.322,0.243,0.338,0.367,311,267,43,65,45,13,1,6,28,12,3,35,73,5
5227,445055,Jon Jay,2022,FA,37,0.49,0.289,0.232,0.29,0.348,221,198,22,46,33,8,0,5,20,1,0,15,46,3
16930,641680,Jonah Heim,2022,TEX,27,0.6,0.287,0.224,0.284,0.36,176,161,18,36,23,7,0,5,21,2,1,13,34,1
20275,660620,Jonathan Arauz,2022,BOS,24,0.49,0.316,0.243,0.318,0.391,129,115,15,28,19,5,0,4,15,1,0,12,29,1
15104,641505,Jonathan Davis,2022,FA,30,0.49,0.294,0.213,0.3,0.342,260,225,35,48,32,9,1,6,26,6,1,23,63,7
21523,663697,Jonathan India,2022,CIN,28,0.72,0.362,0.266,0.363,0.453,630,537,93,143,88,33,2,21,71,11,3,67,138,19
7870,518960,Jonathan Lucroy,2022,FA,36,0.48,0.314,0.241,0.311,0.39,212,187,22,45,31,8,1,6,24,1,0,18,41,3
11265,570731,Jonathan Schoop,2022,DET,31,0.84,0.33,0.266,0.317,0.438,619,568,80,151,101,25,2,23,76,3,1,36,133,9
10071,542340,Jonathan Villar,2022,CHC,31,0.85,0.316,0.249,0.316,0.393,377,338,44,84,58,14,1,11,35,16,5,33,94,2
16424,656669,Jordan Luplow,2022,ARI,29,0.69,0.344,0.232,0.331,0.457,160,138,20,32,17,8,1,7,20,1,1,19,38,2
6547,474568,Jordy Mercer,2022,FA,36,0.58,0.307,0.248,0.305,0.386,269,246,28,61,41,13,0,7,23,1,0,19,60,2
12180,595751,Jorge Alfaro,2022,SDP,29,0.77,0.306,0.248,0.302,0.39,315,290,31,72,51,12,1,9,37,5,1,17,94,6
12174,593528,Jorge Bonifacio,2022,PHI,29,0.47,0.305,0.235,0.307,0.373,114,102,12,24,16,5,0,3,16,1,0,9,29,2
17273,622761,Jorge Mateo,2022,BAL,27,0.52,0.306,0.243,0.3,0.39,466,423,52,103,65,25,2,11,43,14,4,31,116,6
13152,593871,Jorge Polanco,2022,MIN,29,0.86,0.34,0.269,0.327,0.451,652,590,87,159,101,32,3,23,79,9,4,49,117,5
14221,624585,Jorge Soler,2022,MIA,30,0.85,0.342,0.236,0.324,0.459,635,555,77,131,70,29,1,31,85,2,1,67,163,8
15676,547989,Jose Abreu,2022,CHW,35,0.87,0.36,0.272,0.337,0.491,650,578,86,157,93,32,1,31,113,2,1,49,145,13
5417,514888,Jose Altuve,2022,HOU,32,0.86,0.342,0.263,0.328,0.453,667,598,103,157,98,31,1,27,76,6,5,58,110,4
13151,593993,Jose Briceno,2022,FA,30,0.05,0.319,0.244,0.317,0.4,202,180,24,44,29,8,1,6,22,2,1,18,45,2
23378,676480,Jose Garcia,2022,CIN,24,0.44,0.296,0.232,0.295,0.375,122,112,12,26,18,5,1,3,11,2,1,8,32,2
10231,578428,Jose Iglesias,2022,COL,32,0.82,0.329,0.285,0.325,0.423,566,530,67,151,104,33,2,12,64,5,3,26,87,7
15767,592530,Jose Marmolejos,2022,FA,29,0.59,0.299,0.216,0.291,0.386,289,259,32,56,33,11,0,11,36,2,1,25,75,3
7996,500874,Jose Martinez,2022,FA,34,0.63,0.311,0.236,0.312,0.382,224,199,26,47,32,9,1,6,25,2,0,21,53,2
12937,591741,Jose Osuna,2022,FA,30,0.58,0.31,0.239,0.295,0.413,220,201,26,48,29,11,0,8,27,1,1,16,44,1
13593,606299,Jose Peraza,2022,FA,28,0.72,0.298,0.237,0.297,0.373,306,279,35,66,42,15,1,7,30,4,2,19,53,6
5485,517369,Jose Pirela,2022,FA,33,0.06,0.321,0.24,0.31,0.419,200,179,23,43,27,9,1,7,23,2,1,17,46,2
13510,608070,Jose Ramirez,2022,CLE,30,0.86,0.376,0.268,0.349,0.522,644,559,99,150,79,35,4,33,100,23,5,69,104,6
19331,670351,Jose Rojas,2022,LAA,29,0.43,0.311,0.229,0.301,0.405,146,131,19,30,17,8,0,5,15,2,1,13,35,1
14140,602922,Jose Rondon,2022,FA,28,0.43,0.313,0.243,0.31,0.39,245,218,28,53,36,9,1,7,25,3,1,21,53,2
17452,642350,Jose Siri,2022,HOU,29,0.17,0.342,0.258,0.325,0.46,237,213,32,55,35,9,2,10,30,5,2,18,58,4
16725,624431,Jose Trevino,2022,TEX,30,0.69,0.296,0.246,0.286,0.379,311,285,33,70,45,17,0,7,33,2,1,17,62,2
13145,605137,Josh Bell,2022,WSN,30,0.85,0.351,0.256,0.337,0.46,615,531,78,136,83,25,1,27,87,1,1,66,128,5
5038,518626,Josh Donaldson,2022,NYY,37,0.83,0.359,0.244,0.35,0.465,585,492,77,120,66,25,0,28,74,3,1,78,132,7
16885,658069,Josh Fuentes,2022,FA,29,0.68,0.306,0.253,0.297,0.397,367,340,44,86,58,17,1,10,47,3,0,20,89,3
8202,543281,Josh Harrison,2022,CHW,35,0.77,0.316,0.257,0.321,0.384,561,505,60,130,90,27,2,11,61,8,6,35,91,15
18839,647304,Josh Naylor,2022,CLE,25,0.72,0.316,0.255,0.314,0.398,512,467,61,119,81,24,2,13,50,4,1,38,95,4
9308,572033,Josh Phegley,2022,FA,34,0.5,0.306,0.234,0.294,0.397,204,184,26,43,26,9,0,7,29,1,1,14,42,3
3892,502210,Josh Reddick,2022,FA,35,0.79,0.307,0.249,0.306,0.385,330,301,35,75,51,15,1,8,36,2,1,25,61,1
19734,668942,Josh Rojas,2022,ARI,28,0.77,0.318,0.249,0.326,0.379,583,514,72,128,86,27,2,12,50,9,4,60,138,2
15170,642165,Josh VanMeter,2022,ARI,27,0.72,0.304,0.218,0.305,0.376,187,165,20,36,21,9,1,5,20,3,1,19,46,2
7168,518542,Juan Centeno,2022,FA,33,0.04,0.321,0.243,0.32,0.401,200,177,23,43,27,8,1,6,23,3,1,18,44,3
5384,501571,Juan Lagares,2022,FA,33,0.67,0.292,0.235,0.283,0.373,364,332,44,78,49,18,2,8,40,3,2,23,86,2
20123,665742,Juan Soto,2022,WSN,24,0.86,0.448,0.322,0.44,0.582,650,500,111,161,97,30,2,32,102,12,4,121,107,4
sa3005720,677594,Julio Rodriguez,2022,SEA,22,0,0.342,0.262,0.336,0.438,420,370,54,97,61,19,2,14,51,5,2,39,90,5
17182,628356,Jung Ho Kang,2022,FA,35,0.32,0.307,0.222,0.29,0.411,200,180,22,40,23,8,1,8,24,2,1,16,51,2
10815,595777,Jurickson Profar,2022,SDP,29,0.82,0.319,0.241,0.322,0.389,538,473,67,114,76,21,2,15,59,12,3,51,89,8
9744,571506,Justin Bour,2022,FA,34,0.3,0.309,0.225,0.3,0.399,200,178,23,40,24,8,1,7,25,2,1,18,50,2
9054,475253,Justin Smoak,2022,FA,36,0.7,0.307,0.208,0.302,0.386,232,202,26,42,24,9,0,9,27,1,0,25,58,3
5235,457759,Justin Turner,2022,LAD,38,0.84,0.355,0.271,0.353,0.45,612,535,83,145,97,25,1,23,77,4,0,58,106,13
5222,457708,Justin Upton,2022,LAA,35,0.78,0.308,0.215,0.298,0.397,336,297,41,64,37,12,0,14,41,3,2,31,91,5
15490,642211,Justin Williams,2022,FA,27,0.38,0.305,0.223,0.307,0.365,270,233,28,52,36,7,1,8,27,2,1,28,70,3
18136,664789,Ka'ai Tom,2022,FA,28,0.36,0.306,0.216,0.312,0.357,266,227,28,49,31,9,1,7,29,3,1,28,63,6
11494,592230,Kaleb Cowart,2022,FA,30,0.06,0.317,0.24,0.31,0.408,200,179,23,43,27,10,1,6,22,3,1,17,45,2
18577,663647,Ke'Bryan Hayes,2022,PIT,25,0.71,0.355,0.285,0.349,0.457,564,505,77,144,93,31,4,16,62,10,1,49,120,4
19610,660688,Keibert Ruiz,2022,WSN,24,0.32,0.34,0.266,0.333,0.437,462,414,56,110,73,18,1,17,60,4,1,37,86,7
17468,642721,Kelvin Gutierrez,2022,BAL,28,0.6,0.299,0.24,0.307,0.358,300,271,28,65,47,10,2,6,28,2,1,24,75,3
9253,542979,Keon Broxton,2022,FA,32,0.36,0.296,0.22,0.295,0.362,200,177,23,39,25,7,0,6,20,5,2,18,61,2
20003,669374,Keston Hiura,2022,MIL,26,0.79,0.328,0.235,0.312,0.433,304,268,37,63,38,12,1,13,38,5,2,23,92,9
13613,606466,Ketel Marte,2022,ARI,29,0.83,0.369,0.299,0.355,0.493,580,525,75,157,97,37,4,19,71,6,1,43,90,6
12284,607345,Kevan Smith,2022,FA,34,0.56,0.304,0.233,0.309,0.366,262,232,27,54,35,13,0,6,27,2,0,24,61,3
16211,605196,Kevin Cron,2022,FA,29,0.26,0.305,0.22,0.298,0.39,205,182,24,40,24,8,1,7,24,2,1,16,52,5
11038,595281,Kevin Kiermaier,2022,TBR,32,0.8,0.312,0.239,0.311,0.388,518,461,63,110,70,22,7,11,58,16,5,45,124,6
17689,596012,Kevin Kramer,2022,FA,29,0.11,0.314,0.237,0.31,0.395,200,177,24,42,28,8,1,6,23,2,1,18,47,2
17696,621028,Kevin Newman,2022,PIT,29,0.83,0.294,0.25,0.298,0.355,560,512,55,128,95,21,3,9,49,8,3,35,69,4
12434,607680,Kevin Pillar,2022,FA,33,0.83,0.318,0.255,0.301,0.427,428,396,55,101,64,20,3,14,53,7,3,21,83,7
13807,608700,Kevin Plawecki,2022,BOS,31,0.65,0.325,0.269,0.33,0.399,279,253,27,68,48,13,1,6,34,2,1,20,52,4
20242,675656,Kevin Smith,2022,OAK,29,0.13,0.31,0.229,0.305,0.391,419,371,48,85,54,16,1,14,44,5,1,37,98,6
19952,666137,Khalil Lee,2022,NYM,24,0.07,0.318,0.247,0.317,0.398,104,93,13,23,14,5,0,3,12,1,0,9,26,1
9112,501981,Khris Davis,2022,FA,35,0.72,0.299,0.22,0.295,0.376,281,250,30,55,35,10,1,9,32,1,0,25,72,3
11200,594777,Kole Calhoun,2022,TEX,35,0.81,0.336,0.231,0.319,0.449,502,437,66,101,55,21,1,24,64,3,1,52,118,7
12532,543939,Kolten Wong,2022,MIL,32,0.84,0.333,0.267,0.337,0.404,620,547,78,146,101,28,4,13,61,16,5,50,107,13
15429,592178,Kris Bryant,2022,COL,30,0.84,0.352,0.256,0.344,0.458,627,546,91,140,83,31,2,25,71,7,1,64,147,12
5306,502117,Kristopher Negron,2022,FA,36,0.17,0.315,0.244,0.31,0.4,200,180,25,44,29,8,1,6,22,2,1,16,49,2
8259,435559,Kurt Suzuki,2022,LAA,39,0.74,0.315,0.243,0.31,0.392,303,268,31,65,43,13,0,9,36,2,1,21,54,8
14813,571657,Kyle Farmer,2022,CIN,32,0.77,0.317,0.254,0.312,0.402,551,500,60,127,87,22,2,16,62,5,2,32,114,13
18063,664247,Kyle Garlick,2022,FA,30,0.43,0.314,0.235,0.297,0.419,259,234,32,55,31,14,1,9,29,2,1,19,67,3
5517,543309,Kyle Higashioka,2022,NYY,32,0.59,0.303,0.22,0.275,0.429,459,422,53,93,50,20,1,22,64,2,1,31,119,2
21614,664728,Kyle Isbel,2022,KCR,29,0.26,0.331,0.259,0.331,0.417,121,108,17,28,17,6,1,3,13,2,0,11,28,1
19508,641786,Kyle Lewis,2022,SEA,27,0.74,0.344,0.255,0.343,0.434,166,145,22,37,26,5,0,7,19,3,0,19,44,1
16478,656941,Kyle Schwarber,2022,PHI,29,0.84,0.354,0.24,0.337,0.475,617,530,86,127,68,24,1,33,82,3,2,74,161,7
9785,572122,Kyle Seager,2022,FA,35,0.86,0.326,0.227,0.31,0.431,596,520,71,118,65,26,1,26,84,6,1,59,123,8
18345,663656,Kyle Tucker,2022,HOU,25,0.82,0.373,0.283,0.344,0.522,598,534,86,151,83,35,6,27,96,16,2,53,111,2
18126,664774,LaMonte Wade Jr,2022,SFG,28,0.68,0.336,0.25,0.328,0.432,201,176,25,44,26,9,1,7,24,3,1,19,44,3
16939,657041,Lane Thomas,2022,WSN,27,0.61,0.327,0.234,0.324,0.415,500,436,64,102,58,25,3,16,57,8,4,57,117,3
21454,663457,Lars Nootbaar,2022,STL,29,0.34,0.328,0.248,0.32,0.42,256,226,31,56,36,10,1,9,30,4,1,24,57,2
18900,665750,Leody Taveras,2022,TEX,24,0.65,0.301,0.224,0.294,0.388,163,147,20,33,20,7,1,5,13,7,0,14,44,1
11846,547982,Leonys Martin,2022,FA,34,0.4,0.306,0.226,0.3,0.384,200,177,24,40,26,7,0,7,20,3,2,17,51,3
5913,544725,Leury Garcia,2022,CHW,31,0.8,0.318,0.267,0.319,0.389,527,475,68,127,92,22,3,10,52,8,3,36,110,5
18365,650331,Lewin Diaz,2022,MIA,26,0.46,0.302,0.224,0.285,0.408,137,125,16,28,17,6,1,5,15,1,0,10,33,1
14352,621446,Lewis Brinson,2022,FA,28,0.73,0.282,0.224,0.277,0.359,372,343,37,77,50,17,1,9,39,5,1,23,93,3
7185,523253,Logan Forsythe,2022,FA,35,0.55,0.3,0.222,0.306,0.362,209,185,22,41,26,9,1,5,22,2,0,21,54,2
9205,489149,Logan Morrison,2022,FA,35,0.25,0.303,0.222,0.295,0.389,207,185,24,41,26,8,1,7,22,2,1,18,49,2
9077,456715,Lorenzo Cain,2022,MIL,36,0.74,0.316,0.254,0.322,0.383,537,481,68,122,85,24,1,12,54,15,5,46,98,5
19238,666971,Lourdes Gurriel Jr.,2022,TOR,29,0.83,0.352,0.279,0.328,0.484,592,541,73,151,92,32,2,25,84,6,3,39,125,4
2502,446263,Lucas Duda,2022,FA,36,0.23,0.305,0.226,0.3,0.384,200,177,21,40,25,8,1,6,23,2,1,18,47,2
18568,650333,Luis Arraez,2022,MIN,25,0.8,0.352,0.306,0.367,0.416,580,517,76,158,119,28,4,7,57,4,2,52,70,3
19615,642456,Luis Barrera,2022,OAK,29,0.03,0.321,0.253,0.324,0.396,102,91,13,23,15,4,0,3,12,1,0,9,23,1
22217,669134,Luis Campusano,2022,SDP,24,0.16,0.321,0.237,0.318,0.402,110,97,13,23,15,4,0,4,12,1,0,10,25,2
20391,671277,Luis Garcia,2022,WSN,22,0.68,0.323,0.265,0.313,0.428,179,166,23,44,29,10,1,5,20,1,1,11,35,1
16451,641645,Luis Guillorme,2022,NYM,28,0.58,0.341,0.274,0.357,0.393,272,234,28,64,46,13,0,5,25,3,1,32,56,1
19858,650859,Luis Rengifo,2022,LAA,25,0.73,0.302,0.227,0.306,0.362,160,141,19,32,22,5,1,4,14,2,1,15,35,2
20043,673357,Luis Robert,2022,CHW,25,0.76,0.354,0.275,0.336,0.477,565,509,78,140,87,29,1,24,76,14,3,44,140,6
15905,620443,Luis Torrens,2022,SEA,26,0.69,0.329,0.254,0.319,0.427,329,295,35,75,47,16,1,11,38,1,0,28,77,2
16622,649966,Luis Urias,2022,MIL,25,0.8,0.336,0.25,0.339,0.415,257,224,32,56,37,11,1,8,31,3,1,26,55,5
13355,571912,Luke Maile,2022,CLE,31,0.32,0.298,0.227,0.296,0.371,108,97,13,22,14,5,0,3,11,1,0,9,25,1
14811,572228,Luke Voit,2022,SDP,31,0.81,0.357,0.257,0.339,0.484,534,471,74,121,73,18,1,29,82,2,0,51,136,9
19931,663897,Luke Williams,2022,SFG,29,0.31,0.307,0.246,0.315,0.368,127,114,14,28,19,5,0,3,12,2,1,11,28,1
14158,607776,Mac Williamson,2022,FA,32,0.26,0.302,0.225,0.3,0.376,200,178,23,40,26,7,1,6,23,3,1,18,49,2
17023,642423,Magneuris Sierra,2022,FA,26,0.6,0.305,0.252,0.31,0.362,326,290,42,73,54,13,2,5,26,12,2,26,68,2
12179,596748,Maikel Franco,2022,FA,30,0.83,0.311,0.245,0.295,0.41,461,417,45,102,63,24,0,15,60,2,0,32,80,2
13608,605480,Mallex Smith,2022,FA,29,0.64,0.289,0.225,0.292,0.351,212,191,24,43,29,8,2,4,18,11,2,16,51,3
11493,592518,Manny Machado,2022,SDP,30,0.86,0.365,0.277,0.344,0.49,654,571,92,158,97,28,2,30,99,10,4,64,115,3
2829,444489,Manny Pina,2022,ATL,35,0.63,0.32,0.223,0.312,0.409,282,247,30,55,31,10,0,12,37,1,0,26,63,7
14712,622534,Manuel Margot,2022,TBR,28,0.81,0.315,0.255,0.319,0.385,546,491,67,125,86,24,2,12,56,21,8,46,96,3
10324,542303,Marcell Ozuna,2022,ATL,32,0.82,0.363,0.267,0.349,0.486,522,457,67,122,74,23,1,25,82,4,1,58,115,2
13154,593523,Marco Hernandez,2022,FA,30,0.28,0.314,0.25,0.31,0.394,200,180,24,45,30,9,1,5,21,2,1,14,47,3
12533,543760,Marcus Semien,2022,TEX,32,0.87,0.349,0.256,0.331,0.475,682,609,98,156,88,34,3,31,83,11,2,67,131,3
11445,592192,Mark Canha,2022,NYM,33,0.85,0.35,0.242,0.361,0.414,596,495,83,120,75,23,4,18,67,9,2,74,129,21
sa549855,592622,Mark Payton,2022,FA,31,0.14,0.311,0.235,0.307,0.393,205,183,22,43,28,9,1,6,21,3,1,18,46,2
6876,444432,Mark Trumbo,2022,FA,36,0.07,0.315,0.24,0.31,0.402,200,179,23,43,26,9,1,6,23,2,1,17,44,2
16565,657145,Mark Zagunis,2022,FA,29,0.09,0.324,0.247,0.32,0.41,200,178,23,44,28,9,1,6,24,2,1,18,48,2
6887,455117,Martin Maldonado,2022,HOU,36,0.8,0.293,0.203,0.298,0.349,527,459,57,93,59,17,1,16,53,2,0,58,144,6
5497,503556,Marwin Gonzalez,2022,FA,33,0.8,0.294,0.228,0.299,0.353,402,360,40,82,56,15,0,10,43,2,1,31,91,7
11859,592863,Mason Williams,2022,FA,31,0.28,0.303,0.23,0.3,0.38,223,200,24,46,31,8,2,6,21,2,2,19,55,2
9393,571431,Matt Adams,2022,FA,34,0.59,0.3,0.223,0.284,0.398,232,211,26,47,28,10,0,9,31,1,0,17,66,2
17710,607461,Matt Beaty,2022,SDP,29,0.68,0.331,0.259,0.331,0.413,290,259,40,67,45,11,1,9,42,3,1,22,56,7
8090,572761,Matt Carpenter,2022,FA,37,0.78,0.304,0.206,0.317,0.347,366,311,40,64,39,15,1,9,39,3,1,44,99,8
16505,656305,Matt Chapman,2022,TOR,29,0.85,0.334,0.23,0.316,0.449,594,521,79,120,64,24,3,28,76,3,1,62,166,6
7226,571602,Matt Davidson,2022,FA,31,0.28,0.318,0.228,0.302,0.423,212,189,23,43,25,8,1,9,30,2,1,19,50,2
13836,622110,Matt Duffy,2022,LAA,31,0.64,0.328,0.268,0.342,0.387,491,437,60,117,86,20,1,10,48,8,2,43,99,8
3353,459964,Matt Joyce,2022,FA,38,0.68,0.318,0.236,0.332,0.365,271,233,30,55,39,9,0,7,27,2,0,33,65,2
5631,461314,Matt Kemp,2022,FA,38,0.55,0.312,0.237,0.31,0.391,232,207,28,49,32,8,0,8,29,2,0,21,63,2
14344,621566,Matt Olson,2022,ATL,28,0.86,0.366,0.253,0.345,0.495,652,554,87,140,77,27,1,35,103,4,1,77,147,8
13788,608703,Matt Reynolds,2022,FA,32,0.08,0.297,0.224,0.291,0.377,203,183,24,41,26,8,1,6,22,2,1,16,51,2
12119,605474,Matt Skole,2022,FA,33,0.17,0.31,0.242,0.31,0.382,200,178,23,43,29,8,1,5,22,2,1,17,50,2
19318,642136,Matt Thaiss,2022,LAA,27,0.39,0.316,0.226,0.314,0.398,105,93,12,21,13,4,0,4,12,1,0,11,26,1
21558,663837,Matt Vierling,2022,PHI,29,0.24,0.338,0.269,0.33,0.433,430,383,55,103,69,18,3,13,46,7,1,34,99,5
4298,446308,Matt Wieters,2022,FA,36,0.44,0.302,0.229,0.3,0.378,210,188,21,43,28,7,0,7,25,2,1,17,50,3
16530,643289,Mauricio Dubon,2022,SFG,28,0.71,0.316,0.257,0.314,0.396,293,265,34,68,48,11,1,8,32,4,3,22,62,2
12144,596146,Max Kepler,2022,MIN,29,0.84,0.335,0.233,0.32,0.444,575,502,78,117,63,27,2,25,70,8,2,60,110,7
14556,621559,Max Moroff,2022,FA,29,0.13,0.299,0.226,0.293,0.376,208,186,24,42,27,8,1,6,24,3,1,17,55,2
13301,571970,Max Muncy,2022,LAD,32,0.86,0.358,0.236,0.349,0.466,624,522,93,123,67,22,1,32,86,4,1,85,141,10
17750,621011,Max Schrock,2022,CIN,29,0.36,0.331,0.264,0.321,0.43,134,121,17,32,21,6,1,4,15,1,1,10,27,1
10059,545358,Max Stassi,2022,LAA,31,0.72,0.322,0.238,0.317,0.407,530,467,63,111,72,17,1,20,63,2,1,48,140,9
17109,650619,Meibrys Viloria,2022,FA,25,0.36,0.316,0.243,0.316,0.387,206,181,20,44,29,9,1,5,21,2,1,18,51,3
4022,466320,Melky Cabrera,2022,FA,38,0.5,0.316,0.261,0.31,0.408,200,184,23,48,32,10,1,5,23,2,0,13,33,1
11489,572191,Michael A. Taylor,2022,KCR,31,0.76,0.301,0.237,0.295,0.382,555,503,62,119,80,23,1,16,61,12,4,39,146,6
4106,488726,Michael Brantley,2022,HOU,35,0.84,0.349,0.291,0.349,0.443,613,557,79,162,108,36,2,15,69,4,1,47,85,5
17321,656308,Michael Chavis,2022,PIT,27,0.73,0.311,0.241,0.3,0.409,150,137,18,33,21,6,1,5,19,2,1,10,43,2
16376,624424,Michael Conforto,2022,FA,29,0.85,0.356,0.263,0.36,0.441,497,426,66,112,71,22,0,18,62,4,2,56,113,11
16115,595222,Michael Gerber,2022,FA,30,0.06,0.315,0.236,0.31,0.399,200,178,23,42,26,9,1,6,22,2,1,18,49,2
16285,641684,Michael Hermosillo,2022,CHC,27,0.26,0.322,0.237,0.314,0.411,236,207,29,49,30,10,1,8,30,4,1,20,56,5
12977,605421,Michael Perez,2022,FA,30,0.65,0.266,0.191,0.266,0.323,338,303,33,58,35,14,1,8,36,1,1,29,90,3
13228,605439,Michael Reed,2022,FA,30,0.02,0.315,0.24,0.31,0.402,200,179,24,43,27,9,1,6,23,2,1,17,47,2
19956,666160,Mickey Moniak,2022,PHI,24,0.23,0.32,0.239,0.322,0.39,236,205,30,49,33,8,1,7,25,2,1,25,59,2
15878,609280,Miguel Andujar,2022,NYY,27,0.57,0.307,0.248,0.297,0.401,148,137,16,34,24,4,1,5,14,1,1,9,28,1
1744,408234,Miguel Cabrera,2022,DET,39,0.84,0.316,0.252,0.318,0.387,597,532,58,134,97,18,0,18,76,2,0,51,133,5
7802,500743,Miguel Rojas,2022,MIA,33,0.83,0.329,0.271,0.333,0.405,553,499,65,135,91,30,2,11,56,12,4,43,83,6
12164,593934,Miguel Sano,2022,MIN,29,0.83,0.339,0.229,0.313,0.474,595,525,83,120,57,28,1,33,82,2,1,62,202,4
19683,670712,Mike Brosseau,2022,MIL,28,0.65,0.332,0.249,0.323,0.434,279,249,34,62,37,14,1,10,32,4,0,23,75,5
15585,645801,Mike Ford,2022,FA,30,0.58,0.304,0.209,0.296,0.387,257,225,29,47,27,10,0,10,31,1,0,25,56,4
11241,502273,Mike Freeman,2022,FA,35,0.54,0.307,0.241,0.313,0.358,243,212,28,51,36,10,0,5,24,2,2,21,62,4
4892,519058,Mike Moustakas,2022,CIN,34,0.78,0.332,0.235,0.313,0.445,508,447,56,105,56,26,1,22,68,3,0,47,105,7
15274,643565,Mike Tauchman,2022,FA,32,0.71,0.317,0.235,0.322,0.381,323,281,44,66,43,15,1,8,38,8,2,35,80,3
10155,545361,Mike Trout,2022,LAA,31,0.8,0.417,0.285,0.393,0.57,529,428,83,122,65,23,3,31,82,6,2,77,120,9
14854,573262,Mike Yastrzemski,2022,SFG,32,0.84,0.354,0.254,0.335,0.478,632,552,92,140,75,33,5,27,84,5,2,63,154,9
13265,572287,Mike Zunino,2022,TBR,31,0.75,0.311,0.204,0.282,0.438,524,470,70,96,46,19,2,29,70,2,1,43,170,9
13130,543484,Mikie Mahtook,2022,FA,33,0.06,0.305,0.229,0.3,0.385,200,179,23,41,26,8,1,6,22,2,1,17,47,2
15161,641598,Mitch Garver,2022,TEX,31,0.72,0.346,0.242,0.328,0.467,524,458,71,111,61,23,1,26,69,2,1,55,148,6
14274,571745,Mitch Haniger,2022,SEA,32,0.78,0.339,0.245,0.316,0.464,618,550,93,135,79,23,2,31,82,4,1,52,151,8
3086,519048,Mitch Moreland,2022,FA,37,0.76,0.334,0.241,0.311,0.457,363,324,46,78,43,17,1,17,52,2,0,32,82,3
17216,656509,Monte Harrison,2022,FA,27,0.32,0.302,0.231,0.298,0.379,218,195,28,45,29,9,1,6,22,8,1,18,63,2
13611,605141,Mookie Betts,2022,LAD,30,0.86,0.375,0.276,0.363,0.496,639,550,108,152,89,31,3,28,77,15,4,73,106,7
17620,664702,Myles Straw,2022,CLE,28,0.79,0.312,0.259,0.333,0.352,642,571,85,148,111,28,2,7,55,27,6,63,130,3
19566,663993,Nate Lowe,2022,TEX,27,0.79,0.343,0.261,0.345,0.425,615,536,76,140,94,24,2,20,73,7,1,69,157,3
7539,435522,Neil Walker,2022,FA,37,0.56,0.313,0.245,0.314,0.388,210,188,23,46,30,10,1,5,21,2,0,19,48,1
2434,443558,Nelson Cruz,2022,WSN,42,0.85,0.37,0.27,0.342,0.509,626,544,85,147,87,23,1,35,93,3,1,59,152,8
12147,605113,Nick Ahmed,2022,ARI,32,0.84,0.306,0.244,0.306,0.38,245,221,29,54,34,13,1,5,27,4,1,20,51,1
11737,592206,Nick Castellanos,2022,PHI,30,0.86,0.364,0.275,0.333,0.513,621,561,92,154,83,38,3,30,86,3,2,46,142,7
16291,624419,Nick Ciuffo,2022,FA,27,0.04,0.33,0.249,0.32,0.431,203,181,24,45,28,10,1,7,23,2,1,18,45,2
18206,664926,Nick Dini,2022,FA,29,0.14,0.328,0.244,0.315,0.426,200,176,26,43,27,9,1,7,23,2,1,17,46,3
16337,624503,Nick Gordon,2022,MIN,29,0.47,0.309,0.246,0.308,0.385,279,252,30,62,42,12,1,7,31,8,1,20,66,4
20521,663611,Nick Madrigal,2022,CHC,25,0.64,0.343,0.299,0.353,0.418,468,428,55,128,98,19,4,8,51,6,3,30,62,7
5930,455976,Nick Markakis,2022,FA,39,0.7,0.322,0.252,0.321,0.405,234,210,27,53,33,15,1,5,27,1,1,20,41,2
12005,605361,Nick Martini,2022,FA,32,0.32,0.319,0.247,0.324,0.381,222,194,24,48,33,9,1,5,23,2,1,22,50,2
21635,665155,Nick Maton,2022,PHI,25,0.35,0.331,0.254,0.323,0.424,133,118,17,30,20,6,1,4,15,2,0,11,32,2
19293,669222,Nick Senzel,2022,CIN,27,0.69,0.315,0.244,0.311,0.401,441,397,56,97,61,22,2,12,45,10,6,37,91,3
19294,669256,Nick Solak,2022,TEX,27,0.81,0.317,0.257,0.325,0.378,381,339,45,87,63,15,1,8,40,7,2,30,77,7
14330,608384,Nick Williams,2022,FA,29,0.25,0.295,0.217,0.291,0.37,206,184,24,40,26,8,1,6,20,2,1,16,53,4
13157,547170,Nicky Delmonico,2022,FA,30,0.26,0.299,0.234,0.302,0.364,205,184,21,43,29,7,1,5,24,2,1,17,47,2
19339,670032,Nicky Lopez,2022,KCR,27,0.83,0.31,0.26,0.324,0.356,565,503,67,131,98,24,3,6,47,11,4,47,94,5
21479,663538,Nico Hoerner,2022,CHC,25,0.66,0.327,0.263,0.339,0.381,283,247,35,65,48,12,1,5,33,6,3,26,52,5
12092,592348,Niko Goodrum,2022,HOU,30,0.8,0.301,0.223,0.299,0.377,328,292,37,65,40,14,2,9,35,10,3,31,100,2
11894,571595,Noel Cuevas,2022,FA,31,0,0.329,0.247,0.32,0.427,200,178,24,44,28,9,1,7,23,2,1,18,44,2
9777,571448,Nolan Arenado,2022,STL,31,0.86,0.354,0.269,0.325,0.489,633,562,81,151,89,30,2,30,95,3,1,52,95,3
14553,608577,Nomar Mazara,2022,FA,27,0.76,0.309,0.244,0.309,0.383,327,295,36,72,48,15,1,8,39,2,1,25,79,4
11476,546318,Odubel Herrera,2022,PHI,31,0.71,0.317,0.251,0.309,0.409,223,203,26,51,32,12,1,6,24,3,1,15,41,3
13338,553882,Omar Narvaez,2022,MIL,30,0.8,0.326,0.251,0.331,0.395,537,471,61,118,81,20,0,16,57,2,0,53,116,7
21711,665833,Oneil Cruz,2022,PIT,29,0.04,0.332,0.253,0.324,0.429,102,91,13,23,15,4,0,4,13,1,0,9,24,1
13185,606115,Orlando Arcia,2022,ATL,28,0.77,0.308,0.243,0.307,0.383,270,243,29,59,39,11,1,7,31,3,1,22,53,2
16375,640458,Oscar Mercado,2022,CLE,28,0.75,0.297,0.231,0.291,0.377,296,268,35,62,40,13,1,8,29,8,1,22,61,2
24655,680911,Owen Miller,2022,CLE,29,0.46,0.291,0.23,0.286,0.369,276,252,29,58,38,12,1,7,29,3,1,19,66,2
16556,645277,Ozzie Albies,2022,ATL,25,0.85,0.353,0.276,0.329,0.486,650,591,97,163,96,36,5,26,92,16,4,47,121,4
16357,622569,Pablo Reyes,2022,MIL,29,0.43,0.313,0.239,0.311,0.394,122,109,15,26,17,6,1,3,12,2,0,11,26,1
5409,467055,Pablo Sandoval,2022,FA,36,0.65,0.307,0.232,0.301,0.388,266,237,29,55,36,10,0,9,29,1,0,22,62,3
14885,642162,Pat Valaika,2022,FA,30,0.72,0.296,0.234,0.289,0.382,377,346,42,81,55,13,1,12,38,2,2,26,94,2
13910,623182,Patrick Kivlehan,2022,FA,33,0.03,0.326,0.246,0.324,0.408,204,179,26,44,28,9,1,6,25,2,1,19,47,3
13602,621550,Patrick Wisdom,2022,CHC,31,0.62,0.333,0.232,0.304,0.469,514,461,67,107,58,20,1,29,72,6,2,43,173,6
18015,657557,Paul DeJong,2022,STL,29,0.83,0.317,0.229,0.31,0.404,532,468,64,107,67,20,1,20,64,6,2,49,130,9
9218,502671,Paul Goldschmidt,2022,STL,35,0.87,0.362,0.274,0.357,0.466,661,577,91,158,100,31,1,26,83,7,1,74,141,4
19892,656976,Pavin Smith,2022,ARI,26,0.72,0.333,0.268,0.333,0.419,552,496,71,133,90,25,4,14,55,4,1,47,108,4
14523,600474,Pedro Severino,2022,MIL,29,0.8,0.316,0.248,0.315,0.394,352,315,34,78,54,14,1,10,41,2,0,30,82,3
19251,624413,Pete Alonso,2022,NYM,28,0.86,0.369,0.256,0.341,0.512,634,547,84,140,76,25,2,37,94,3,0,62,144,14
2539,518902,Pete Kozma,2022,FA,34,0.05,0.314,0.239,0.311,0.397,206,184,24,44,28,9,1,6,23,2,1,18,48,2
2578,488721,Peter Bourjos,2022,FA,35,0.1,0.303,0.229,0.295,0.385,200,179,23,41,26,8,1,6,22,3,1,16,47,2
13288,598284,Peter O'Brien,2022,FA,32,0.11,0.313,0.236,0.31,0.393,200,178,23,42,27,8,1,6,23,3,1,17,49,3
10953,594838,Phil Gosselin,2022,FA,34,0.72,0.308,0.251,0.313,0.376,412,375,47,94,67,17,0,10,49,4,1,32,95,3
14738,640447,Phillip Ervin,2022,FA,30,0.58,0.309,0.23,0.315,0.372,222,196,26,45,29,9,2,5,20,3,1,22,52,3
12950,595943,Phillip Evans,2022,FA,30,0.58,0.321,0.243,0.332,0.38,334,292,37,71,51,11,1,9,35,2,2,34,70,6
17350,646240,Rafael Devers,2022,BOS,26,0.87,0.372,0.285,0.346,0.517,659,592,100,169,95,40,2,31,107,5,4,52,140,7
10323,542364,Rafael Ortega,2022,CHC,31,0.62,0.336,0.266,0.334,0.427,554,496,68,132,89,23,3,17,59,15,6,49,120,4
14350,606132,Raimel Tapia,2022,TOR,28,0.83,0.324,0.28,0.331,0.394,384,350,48,98,72,18,2,6,37,11,3,27,69,2
18795,602104,Ram√≥n Ur√≠as,2022,BAL,29,0.55,0.337,0.264,0.342,0.417,494,439,58,116,79,23,1,14,61,4,3,45,118,8
17128,657656,Ramon Laureano,2022,FA,28,0.82,0.34,0.249,0.332,0.44,443,389,57,97,58,22,2,16,52,9,3,37,109,13
10243,545341,Randal Grichuk,2022,COL,31,0.85,0.318,0.246,0.295,0.438,593,548,74,135,82,26,2,25,81,2,2,36,133,4
19290,668227,Randy Arozarena,2022,TBR,27,0.76,0.364,0.273,0.355,0.472,606,527,93,144,89,29,2,24,72,19,7,55,157,16
10839,592660,Rangel Ravelo,2022,FA,30,0.31,0.315,0.232,0.305,0.405,210,185,25,43,27,9,1,7,26,2,1,19,45,2
15674,624512,Reese McGuire,2022,TOR,27,0.61,0.297,0.236,0.291,0.376,285,258,31,61,39,15,0,7,23,1,0,20,59,2
14503,600524,Renato Nunez,2022,FA,28,0.78,0.332,0.246,0.314,0.448,280,252,35,62,36,12,0,13,38,1,0,22,71,4
3648,425784,Rene Rivera,2022,FA,39,0.29,0.305,0.234,0.3,0.383,240,214,27,50,33,9,1,7,27,2,1,19,66,3
16472,656555,Rhys Hoskins,2022,PHI,29,0.84,0.362,0.241,0.349,0.479,570,482,81,116,58,30,2,27,77,4,2,74,134,9
16411,620446,Richard Urena,2022,FA,26,0.17,0.326,0.253,0.315,0.421,200,178,23,45,29,10,1,6,22,2,1,16,46,2
17736,621006,Richie Martin Jr.,2022,FA,28,0.55,0.294,0.237,0.294,0.36,252,228,27,54,38,8,1,6,24,4,2,16,61,4
19864,656180,Riley Adams,2022,WSN,29,0.33,0.329,0.24,0.333,0.403,255,221,30,53,32,13,1,7,27,2,1,26,66,6
14103,547004,Rio Ruiz,2022,FA,28,0.77,0.307,0.227,0.297,0.399,320,286,34,65,40,14,1,11,39,2,1,29,72,1
10655,542963,Rob Brantly,2022,FA,33,0.1,0.307,0.233,0.303,0.386,211,189,23,44,28,9,1,6,22,2,1,17,46,3
13770,608701,Rob Refsnyder,2022,FA,31,0.48,0.307,0.24,0.314,0.366,287,254,36,61,42,12,1,6,27,2,1,26,70,3
5254,543257,Robbie Grossman,2022,DET,33,0.85,0.336,0.239,0.338,0.411,654,557,80,133,82,28,4,20,66,17,4,80,140,8
13167,596825,Robel Garcia,2022,FA,29,0.41,0.29,0.216,0.283,0.368,258,231,27,50,32,9,1,8,27,2,1,21,74,2
2900,547379,Roberto Perez,2022,PIT,34,0.73,0.294,0.208,0.29,0.363,483,424,45,88,57,13,1,17,51,3,1,46,140,6
3269,429664,Robinson Cano,2022,NYM,40,0.72,0.329,0.264,0.314,0.439,459,421,53,111,70,23,0,17,56,2,1,29,83,4
3142,455139,Robinson Chirinos,2022,BAL,38,0.69,0.308,0.219,0.305,0.383,439,384,48,84,50,19,1,14,51,2,1,40,118,10
21987,666801,Rodolfo Castro,2022,PIT,29,0.28,0.314,0.234,0.301,0.414,123,111,14,26,16,5,0,5,13,1,0,10,30,1
13546,596451,Roman Quinn,2022,FA,29,0.6,0.294,0.224,0.297,0.358,259,232,32,52,35,9,2,6,23,14,2,20,70,5
18401,660670,Ronald Acuna Jr.,2022,ATL,25,0.83,0.395,0.276,0.381,0.53,215,181,40,50,27,10,0,12,30,9,2,28,53,4
14388,608597,Ronald Guzman,2022,FA,28,0.6,0.318,0.235,0.309,0.412,230,204,27,48,29,10,1,8,26,2,1,21,59,2
11400,591720,Ronald Torreyes,2022,FA,30,0.61,0.299,0.245,0.297,0.372,374,339,39,83,59,14,1,9,43,3,1,25,59,3
11875,500135,Ronny Rodriguez,2022,FA,30,0.42,0.311,0.235,0.29,0.426,200,183,22,43,25,9,1,8,26,2,1,14,49,1
11611,594011,Rosell Herrera,2022,FA,30,0.23,0.32,0.239,0.315,0.403,200,176,23,42,27,9,1,6,22,3,1,18,45,3
12282,596059,Rougned Odor,2022,BAL,28,0.81,0.302,0.207,0.279,0.413,537,482,64,100,53,22,1,25,77,5,4,42,148,8
15679,642133,Rowdy Tellez,2022,MIL,27,0.77,0.339,0.254,0.319,0.455,526,468,65,119,71,23,1,23,69,2,2,42,112,7
5519,514913,Ruben Tejada,2022,FA,33,0.02,0.315,0.24,0.31,0.402,200,179,24,43,27,9,1,6,23,2,1,17,45,2
4616,431145,Russell Martin,2022,FA,39,0.38,0.314,0.23,0.32,0.374,200,174,23,40,27,7,0,6,20,2,1,20,47,4
3410,460075,Ryan Braun,2022,FA,39,0.71,0.329,0.248,0.308,0.453,234,214,28,53,30,12,1,10,33,3,0,16,50,3
15181,641477,Ryan Cordell,2022,FA,30,0.41,0.302,0.233,0.297,0.378,202,180,21,42,28,8,0,6,21,3,1,16,50,2
7888,475247,Ryan Flaherty,2022,FA,36,0.05,0.309,0.235,0.3,0.397,200,179,25,42,27,9,1,6,22,2,1,16,46,2
9807,572365,Ryan Goins,2022,FA,34,0.33,0.306,0.235,0.307,0.374,202,179,25,42,28,8,1,5,19,2,1,18,47,2
24618,680777,Ryan Jeffers,2022,MIN,25,0.63,0.321,0.236,0.31,0.422,306,275,32,65,40,10,1,13,37,1,1,25,89,5
10700,534606,Ryan LaMarre,2022,FA,34,0.14,0.325,0.239,0.316,0.42,212,188,26,45,28,8,1,8,25,3,1,19,48,3
8879,543432,Ryan Lavarnway,2022,FA,35,0.21,0.318,0.254,0.312,0.406,218,197,24,50,32,10,1,6,23,2,1,16,51,2
16524,643436,Ryan McBroom,2022,FA,30,0.48,0.326,0.254,0.316,0.429,225,205,25,52,33,9,0,9,25,1,0,17,63,2
19928,663630,Ryan McKenna,2022,BAL,29,0.45,0.301,0.223,0.309,0.354,149,130,17,29,19,6,1,3,14,1,0,15,43,2
15112,641857,Ryan Mcmahon,2022,COL,28,0.84,0.334,0.245,0.323,0.439,626,554,80,136,82,28,2,25,87,5,2,61,167,5
18373,663624,Ryan Mountcastle,2022,BAL,25,0.78,0.354,0.275,0.334,0.478,626,563,76,155,100,25,1,29,93,5,3,49,151,5
16442,656811,Ryan O'Hearn,2022,KCR,29,0.75,0.294,0.218,0.292,0.365,305,271,28,59,38,11,1,9,35,1,0,28,79,2
4220,475582,Ryan Zimmerman,2022,FA,38,0.62,0.316,0.242,0.298,0.425,336,306,36,74,44,17,0,13,47,2,1,25,84,1
15447,592387,Ryon Healy,2022,FA,30,0.34,0.323,0.243,0.307,0.431,202,181,24,44,25,11,1,7,24,2,1,16,45,2
7304,521692,Salvador Perez,2022,KCR,32,0.8,0.362,0.277,0.321,0.526,639,591,83,164,95,30,0,39,107,3,1,31,155,10
18054,664059,Sam Haggerty,2022,FA,28,0.46,0.308,0.239,0.304,0.389,260,234,35,56,36,12,1,7,27,9,1,21,66,2
17954,656541,Sam Hilliard,2022,COL,28,0.68,0.327,0.231,0.304,0.45,484,433,61,100,56,16,5,23,58,10,1,44,146,3
22209,669087,Sam Huff,2022,TEX,24,0.21,0.358,0.28,0.346,0.473,104,93,14,26,15,6,0,4,13,1,0,9,24,1
16263,607752,Sam Travis,2022,FA,29,0.28,0.319,0.24,0.31,0.413,200,179,24,43,27,8,1,7,23,3,1,17,45,2
5273,506702,Sandy Leon,2022,FA,33,0.67,0.269,0.198,0.276,0.311,330,293,28,58,40,9,0,8,28,1,0,29,84,4
19997,669289,Santiago Espinal,2022,TOR,28,0.61,0.334,0.28,0.342,0.402,295,264,38,74,53,15,1,5,27,5,1,25,54,2
10339,571697,Scooter Gennett,2022,FA,32,0.26,0.311,0.243,0.3,0.403,200,181,24,44,28,9,1,6,21,2,1,14,48,2
14453,595981,Scott Heineman,2022,FA,30,0.44,0.286,0.212,0.278,0.365,230,208,27,44,26,11,0,7,26,5,1,18,55,2
17975,664068,Scott Kingery,2022,FA,28,0.7,0.306,0.227,0.292,0.403,240,216,28,49,28,12,1,8,23,4,1,18,65,3
12225,594988,Scott Schebler,2022,FA,32,0.28,0.295,0.216,0.29,0.371,217,194,25,42,25,10,1,6,21,2,1,19,57,2
19352,669221,Sean Murphy,2022,OAK,28,0.76,0.332,0.231,0.326,0.425,583,506,73,117,66,27,1,23,70,2,1,63,143,10
6589,446481,Sean Rodriguez,2022,FA,37,0.31,0.314,0.232,0.31,0.39,203,177,25,41,27,8,1,6,21,2,1,19,53,3
18887,664874,Seby Zavala,2022,CHW,29,0.32,0.306,0.228,0.291,0.402,251,224,32,51,31,10,1,9,31,2,1,19,71,3
sa3018052,673548,Seiya Suzuki,2022,CHC,29,0,0.329,0.251,0.323,0.419,437,387,54,97,61,19,2,14,51,5,2,39,97,5
16417,642727,Sergio Alc√°ntara,2022,ARI,29,0.52,0.307,0.227,0.311,0.367,289,251,35,57,38,10,2,7,26,4,1,30,74,3
20493,666179,Seth Beer,2022,ARI,29,0.04,0.34,0.257,0.329,0.442,422,373,57,96,60,20,2,15,53,5,2,38,95,5
18171,664913,Seth Brown,2022,OAK,30,0.6,0.322,0.231,0.296,0.448,523,471,68,109,58,24,3,24,72,7,2,42,137,4
13905,623180,Seth Mejias-Brean,2022,SEA,30,0.08,0.322,0.247,0.32,0.404,100,89,12,22,14,5,0,3,12,1,0,9,23,1
16542,643418,Shed Long,2022,FA,27,0.66,0.3,0.221,0.295,0.382,292,262,31,58,35,13,1,9,30,5,1,26,75,2
19635,641914,Sheldon Neuse,2022,OAK,28,0.3,0.302,0.232,0.289,0.395,242,220,26,51,34,10,1,8,26,3,1,17,63,2
3174,425783,Shin-Soo Choo,2022,FA,40,0.73,0.337,0.245,0.338,0.42,231,200,28,49,31,9,1,8,24,6,1,24,58,5
27461,673451,Shogo Akiyama,2022,CIN,34,0.69,0.298,0.23,0.317,0.328,293,256,29,59,44,11,1,4,23,6,3,30,62,4
19755,660271,Shohei Ohtani,2022,LAA,28,0.84,0.367,0.253,0.343,0.503,653,557,92,141,74,27,5,34,93,22,6,79,175,4
12944,593647,Socrates Brito,2022,FA,30,0.1,0.308,0.23,0.305,0.388,200,178,24,41,26,8,1,6,22,2,1,18,48,2
4579,516770,Starlin Castro,2022,FA,32,0.78,0.32,0.266,0.312,0.415,388,357,39,95,65,19,2,10,44,1,1,24,72,2
9241,516782,Starling Marte,2022,NYM,34,0.85,0.347,0.281,0.344,0.441,625,562,94,158,106,31,4,17,71,32,5,41,116,16
13367,572039,Stephen Piscotty,2022,OAK,31,0.76,0.301,0.235,0.296,0.384,497,451,52,106,70,20,1,15,61,6,0,36,124,5
5000,519390,Stephen Vogt,2022,OAK,38,0.7,0.294,0.218,0.289,0.37,294,262,30,57,33,14,1,8,33,2,1,27,69,1
16041,592859,Steve Wilkerson,2022,FA,30,0.55,0.296,0.227,0.294,0.37,238,216,26,49,31,11,1,6,23,3,1,17,66,4
17719,621453,Steven Duggar,2022,SFG,29,0.69,0.31,0.244,0.307,0.394,489,442,61,108,69,23,5,11,54,8,2,38,130,4
sa3008536,680757,Steven Kwan,2022,CLE,29,0,0.329,0.251,0.322,0.423,401,355,49,89,56,18,2,13,47,5,2,35,89,5
5667,519306,Steven Souza Jr.,2022,FA,33,0.29,0.302,0.219,0.296,0.383,226,201,25,44,26,10,1,7,26,3,1,20,64,3
20321,656413,Stuart Fairchild,2022,ARI,29,0.07,0.317,0.239,0.317,0.391,104,92,13,22,14,5,0,3,12,1,0,9,23,2
19533,622100,Taylor Jones,2022,HOU,29,0.39,0.314,0.244,0.3,0.42,130,119,15,29,17,7,1,4,16,1,0,9,32,1
12399,600301,Taylor Motter,2022,FA,33,0.11,0.317,0.241,0.313,0.403,214,191,27,46,29,9,2,6,23,2,1,19,49,2
19960,666211,Taylor Trammell,2022,SEA,25,0.43,0.318,0.222,0.306,0.413,144,126,19,28,15,6,0,6,16,2,1,14,43,2
22458,670764,Taylor Walls,2022,TBR,29,0.42,0.313,0.234,0.32,0.374,269,235,29,55,35,13,1,6,28,5,2,29,66,2
17548,621493,Taylor Ward,2022,LAA,29,0.66,0.326,0.253,0.327,0.408,297,265,40,67,42,16,2,7,31,3,1,26,73,4
13066,606192,Teoscar Hernandez,2022,TOR,30,0.84,0.357,0.271,0.33,0.5,628,572,89,155,93,27,1,34,101,12,3,47,169,5
13658,605253,Terrance Gore,2022,FA,31,0.13,0.332,0.254,0.33,0.418,200,177,27,45,29,9,1,6,21,8,3,18,47,3
16426,642731,Thairo Estrada,2022,SFG,26,0.53,0.319,0.248,0.311,0.412,264,238,37,59,40,9,0,10,33,4,0,18,60,5
15172,641313,Tim Anderson,2022,CHW,29,0.84,0.356,0.306,0.342,0.478,637,598,105,183,126,33,2,22,68,17,6,31,138,4
7949,542921,Tim Beckham,2022,FA,32,0.45,0.325,0.242,0.305,0.445,200,182,24,44,25,11,1,8,26,2,1,15,52,2
8609,543148,Tim Federowicz,2022,FA,35,0.17,0.309,0.23,0.295,0.404,200,178,22,41,25,8,1,7,22,2,1,16,50,2
15124,641796,Tim Locastro,2022,NYY,30,0.66,0.314,0.237,0.325,0.367,274,240,36,57,39,11,1,6,23,10,2,20,55,12
14137,621005,Tim Lopes,2022,FA,28,0.62,0.306,0.245,0.31,0.377,242,220,27,54,34,14,0,5,25,6,1,18,55,3
19522,670770,TJ Friedl,2022,CIN,29,0.13,0.337,0.258,0.33,0.433,109,97,15,25,16,5,0,4,12,1,0,10,22,1
785,453943,Todd Frazier,2022,FA,36,0.74,0.307,0.232,0.305,0.388,262,237,29,55,35,11,1,8,27,2,1,20,59,5
13499,608596,Tom Murphy,2022,SEA,31,0.67,0.32,0.232,0.313,0.411,482,426,55,99,62,17,1,19,56,3,1,48,134,4
13755,621512,Tomas Nido,2022,NYM,28,0.55,0.3,0.238,0.291,0.385,268,244,29,58,39,10,1,8,30,2,0,17,65,3
19470,669242,Tommy Edman,2022,STL,27,0.85,0.322,0.266,0.321,0.406,672,613,90,163,111,33,4,15,67,20,5,44,117,9
12371,600303,Tommy La Stella,2022,SFG,33,0.79,0.334,0.26,0.33,0.427,551,492,69,128,84,25,3,17,63,3,0,49,67,5
2967,502054,Tommy Pham,2022,CIN,34,0.83,0.331,0.241,0.337,0.398,584,502,70,121,79,24,2,17,57,17,4,71,126,5
14894,643393,Tony Kemp,2022,OAK,31,0.77,0.332,0.251,0.342,0.388,585,498,74,125,86,24,4,12,52,11,4,65,94,10
11470,547172,Tony Wolters,2022,FA,30,0.67,0.298,0.243,0.31,0.341,242,214,26,52,39,10,1,3,23,1,1,20,54,3
7739,518595,Travis d'Arnaud,2022,ATL,33,0.77,0.336,0.26,0.327,0.436,480,431,53,112,71,22,0,18,70,2,1,40,115,5
15958,641513,Travis Demeritte,2022,ATL,28,0.42,0.302,0.237,0.308,0.366,104,93,13,22,14,4,1,2,11,1,0,9,29,1
13768,608671,Travis Jankowski,2022,FA,31,0.46,0.315,0.238,0.322,0.373,283,244,39,58,40,11,2,6,25,8,2,31,62,2
11982,543768,Travis Shaw,2022,FA,32,0.76,0.302,0.218,0.298,0.377,369,326,35,71,43,16,0,12,40,1,0,36,99,3
9952,572204,Trayce Thompson,2022,FA,31,0.13,0.337,0.245,0.326,0.443,218,192,28,47,28,9,1,9,29,4,1,22,51,2
16252,607208,Trea Turner,2022,LAD,29,0.86,0.381,0.309,0.365,0.514,647,586,103,181,116,35,5,25,80,28,6,49,115,6
18564,663757,Trent Grisham,2022,SDP,26,0.82,0.34,0.249,0.336,0.433,634,550,86,137,84,28,5,21,73,16,3,68,147,8
19977,668663,Tres Barrera,2022,WSN,29,0.31,0.341,0.255,0.339,0.427,127,110,14,28,19,5,1,4,14,1,0,12,27,3
21501,663616,Trevor Larnach,2022,MIN,25,0.56,0.325,0.242,0.331,0.392,175,153,19,37,24,8,0,5,19,1,0,17,49,4
12564,596115,Trevor Story,2022,BOS,30,0.86,0.359,0.269,0.342,0.485,609,542,91,146,83,32,5,25,73,22,6,55,146,7
15149,641820,Trey Mancini,2022,BAL,30,0.81,0.349,0.266,0.337,0.46,599,533,80,142,86,32,1,23,74,2,0,52,132,8
10200,571466,Tucker Barnhart,2022,DET,31,0.77,0.313,0.238,0.315,0.38,511,450,53,107,70,22,0,14,60,2,0,48,123,6
17982,664034,Ty France,2022,SEA,28,0.82,0.354,0.281,0.354,0.444,644,572,80,161,108,32,2,19,78,2,1,47,126,20
11850,592122,Tyler Austin,2022,FA,31,0.31,0.322,0.227,0.31,0.42,200,176,27,40,24,8,1,8,24,2,1,20,54,2
9134,452095,Tyler Flowers,2022,FA,36,0.59,0.309,0.227,0.309,0.381,220,194,23,44,27,10,1,6,22,1,0,20,68,4
13897,623168,Tyler Heineman,2022,FA,31,0.31,0.315,0.238,0.311,0.389,212,185,23,44,29,8,1,6,20,3,1,18,43,4
3211,502285,Tyler Ladendorf,2022,FA,34,0,0.32,0.246,0.315,0.408,200,179,24,44,28,9,1,6,23,2,1,17,45,2
13359,571980,Tyler Naquin,2022,CIN,31,0.79,0.327,0.256,0.31,0.437,594,540,68,138,84,31,2,21,80,6,4,40,142,6
15711,641933,Tyler O'Neill,2022,STL,27,0.8,0.347,0.254,0.325,0.477,607,543,88,138,80,27,2,30,81,13,3,49,169,10
10807,573135,Tyler Saladino,2022,FA,33,0.15,0.303,0.229,0.3,0.38,200,179,24,41,26,7,1,6,23,3,1,17,49,2
17988,663886,Tyler Stephenson,2022,CIN,26,0.65,0.358,0.281,0.359,0.447,548,477,76,134,90,26,1,17,68,2,1,54,113,9
15730,642180,Tyler Wade,2022,LAA,28,0.63,0.31,0.234,0.321,0.36,274,239,44,56,39,10,1,6,25,13,4,28,62,4
15564,643603,Tyler White,2022,FA,32,0.41,0.305,0.229,0.31,0.366,200,175,20,40,26,9,0,5,20,1,0,21,49,1
13675,621438,Tyrone Taylor,2022,MIL,28,0.6,0.338,0.251,0.322,0.453,298,267,37,67,39,14,2,12,41,5,1,23,64,6
14678,624407,Tzu-Wei Lin,2022,NYM,28,0.34,0.285,0.219,0.28,0.354,107,96,11,21,14,4,0,3,11,1,0,8,26,1
14968,605170,Victor Caratini,2022,SDP,29,0.77,0.314,0.243,0.321,0.372,330,288,33,70,50,13,0,8,38,2,1,31,74,5
15487,622682,Victor Reyes,2022,DET,28,0.77,0.318,0.27,0.314,0.411,306,285,38,77,54,13,3,7,28,8,2,17,68,2
18363,645302,Victor Robles,2022,WSN,25,0.82,0.311,0.238,0.316,0.367,516,450,61,107,71,24,2,10,46,14,5,37,119,19
17684,605353,Vimael Machin,2022,OAK,29,0.42,0.281,0.219,0.297,0.314,118,105,15,23,17,4,0,2,9,1,0,11,24,1
19611,665489,Vladimir Guerrero Jr.,2022,TOR,23,0.86,0.388,0.294,0.372,0.523,667,585,99,172,105,32,3,32,97,4,1,70,111,6
23667,677551,Wander Franco,2022,TBR,29,0.56,0.344,0.272,0.337,0.447,540,486,81,132,84,28,6,15,66,5,2,45,88,5
3256,456078,Welington Castillo,2022,FA,35,0.39,0.31,0.228,0.295,0.411,200,180,21,41,24,9,0,8,27,2,1,16,51,2
11281,593160,Whit Merrifield,2022,KCR,33,0.88,0.328,0.277,0.323,0.419,684,628,92,174,120,36,4,15,72,27,6,41,110,6
10047,571976,Wil Myers,2022,SDP,32,0.84,0.344,0.255,0.329,0.462,580,517,72,132,76,29,3,24,77,10,5,56,160,3
10416,541600,Wilfredo Tovar,2022,FA,31,0.21,0.305,0.238,0.306,0.378,206,185,22,44,28,9,1,5,22,2,1,17,45,2
19197,669257,Will Smith,2022,LAD,27,0.79,0.379,0.267,0.363,0.504,571,480,82,128,71,26,2,28,89,4,0,65,115,14
17338,650489,Willi Castro,2022,DET,25,0.77,0.319,0.262,0.313,0.41,230,210,30,55,37,9,2,6,26,3,2,14,55,3
15608,553902,Willians Astudillo,2022,FA,31,0.61,0.301,0.246,0.288,0.394,312,289,36,71,48,13,0,10,34,2,0,14,38,5
17838,641432,Willie Calhoun,2022,TEX,28,0.74,0.312,0.245,0.305,0.402,485,440,49,108,72,18,3,15,55,2,2,35,79,5
20503,661388,Willson Contreras,2022,ATL,25,0.46,0.331,0.246,0.324,0.423,148,130,17,32,21,6,1,5,18,1,0,14,37,2
11609,575929,Willson Contreras,2022,CHC,30,0.83,0.347,0.248,0.342,0.441,602,517,82,128,77,26,1,24,74,5,4,58,154,20
15986,642715,Willy Adames,2022,MIL,27,0.84,0.344,0.26,0.331,0.457,601,538,79,140,82,33,2,23,69,6,3,57,166,2
14320,594694,Wilmer Difo,2022,FA,30,0.6,0.314,0.253,0.321,0.375,324,288,35,73,54,10,2,7,32,2,1,29,71,2
5827,527038,Wilmer Flores,2022,SFG,31,0.81,0.344,0.266,0.328,0.461,555,503,70,134,84,25,2,23,71,3,0,43,89,5
1433,467092,Wilson Ramos,2022,FA,35,0.77,0.309,0.245,0.306,0.39,320,290,32,71,49,12,0,10,37,1,0,24,61,3
14555,621500,Wyatt Mathisen,2022,FA,29,0.33,0.317,0.227,0.316,0.389,234,203,28,46,30,7,1,8,30,2,1,23,63,5
12161,593428,Xander Bogaerts,2022,BOS,30,0.86,0.375,0.291,0.362,0.496,632,556,93,162,101,34,1,26,85,9,1,63,120,4
19334,628450,Yadiel Hernandez,2022,WSN,29,0.55,0.324,0.261,0.323,0.407,297,268,35,70,50,10,1,9,34,3,1,24,63,2
11863,592680,Yadiel Rivera,2022,FA,30,0.17,0.298,0.228,0.299,0.367,201,180,24,41,27,8,1,5,21,4,1,17,47,2
7007,425877,Yadier Molina,2022,STL,40,0.81,0.297,0.249,0.297,0.37,566,522,54,130,94,21,0,14,68,4,0,31,96,7
16313,622168,Yairo Munoz,2022,FA,27,0.46,0.325,0.266,0.315,0.427,216,199,26,53,36,12,1,6,21,5,1,13,47,2
9627,543228,Yan Gomes,2022,CHC,35,0.77,0.32,0.251,0.309,0.415,333,299,39,75,48,14,1,11,40,2,0,24,72,4
16578,650490,Yandy Diaz,2022,TBR,31,0.81,0.343,0.265,0.355,0.405,581,499,71,132,93,23,1,15,63,3,1,70,99,4
5352,500208,Yangervis Solarte,2022,FA,35,0.16,0.313,0.24,0.305,0.402,200,179,24,43,27,9,1,6,22,2,1,16,45,2
14225,624577,Yasiel Puig,2022,FA,32,0.6,0.335,0.257,0.325,0.436,200,179,25,46,29,9,1,7,26,5,2,16,44,3
11368,518735,Yasmani Grandal,2022,CHW,34,0.83,0.36,0.235,0.363,0.444,546,446,74,105,61,19,1,24,73,3,1,89,131,4
17171,630111,Yasmany Tomas,2022,FA,32,0.01,0.315,0.24,0.31,0.402,200,179,24,43,27,9,1,6,23,2,1,17,46,2
17423,606213,Yermin Mercedes,2022,CHW,29,0.52,0.329,0.262,0.325,0.416,166,149,18,39,27,6,1,5,21,1,1,14,32,1
17232,660162,Yoan Moncada,2022,CHW,27,0.85,0.353,0.267,0.355,0.443,628,546,80,146,92,31,4,19,71,5,2,70,163,7
13110,493316,Yoenis Cespedes,2022,FA,37,0.22,0.308,0.226,0.298,0.398,208,186,24,42,26,9,1,7,24,2,1,17,56,3
11602,570560,Yolmer Sanchez,2022,FA,30,0.61,0.321,0.256,0.327,0.383,205,180,26,46,32,9,1,4,19,2,1,19,44,2
15794,602074,Yonathan Daza,2022,COL,28,0.62,0.311,0.264,0.318,0.372,308,277,29,73,56,11,2,5,29,3,1,23,60,2
2530,475174,Yonder Alonso,2022,FA,35,0.46,0.303,0.222,0.305,0.369,200,176,22,39,24,8,0,6,22,1,1,20,44,2
19432,660634,Yonny Hernandez,2022,TEX,29,0.41,0.299,0.232,0.31,0.344,142,125,16,29,21,5,0,3,12,5,1,13,30,2
19556,670541,Yordan Alvarez,2022,HOU,25,0.78,0.392,0.289,0.364,0.549,596,523,90,151,82,35,1,33,105,2,1,58,137,8
27459,660294,Yoshi Tsutsugo,2022,PIT,31,0.72,0.313,0.22,0.311,0.388,534,464,65,102,61,20,2,18,65,2,1,60,136,4
14773,644374,Yu-Cheng Chang,2022,CLE,27,0.58,0.31,0.237,0.301,0.405,289,262,35,62,37,13,2,9,38,2,0,22,72,3
19198,493329,Yuli Gurriel,2022,HOU,38,0.86,0.339,0.274,0.33,0.438,616,552,78,151,99,32,1,19,78,3,2,47,84,5
19392,656716,Zach McKinstry,2022,LAD,27,0.44,0.313,0.24,0.299,0.411,144,129,17,31,19,7,0,5,20,1,1,11,36,1
19181,641470,Zack Collins,2022,CHW,27,0.58,0.31,0.223,0.319,0.367,160,139,18,31,19,8,0,4,18,1,1,19,43,1
2616,446359,Zack Cozart,2022,FA,37,0.21,0.292,0.219,0.29,0.36,200,178,20,39,26,8,1,5,21,2,1,16,42,3
19562,670097,Zack Short,2022,DET,29,0.43,0.295,0.206,0.288,0.365,146,126,17,26,16,5,0,5,17,2,0,15,38,1