idfangraphs,mlbid,Name,Year,Team,Age,ERA,WHIP,W,L,W%,G,GS,CG,SHO,IP,H,ER,HR,BB,SO,SO%,BB%,R
10954,594798,Jacob deGrom,2022,NYM,34,2.5,0.95,10,6,0.62,20,20,0,0,130,91,36,17,33,183,35.70%,6.50%,40
13125,543037,Gerrit Cole,2022,NYY,32,3.01,1.01,15,8,0.65,32,32,2,1,200,151,67,28,51,261,32.50%,6.60%,74
3137,453286,Max Scherzer,2022,NYM,38,3.02,1.03,12,8,0.6,28,28,1,0,180,139,60,24,46,235,32.40%,6.20%,66
19361,669203,Corbin Burnes,2022,MIL,28,2.95,1.01,11,7,0.61,32,32,0,0,192,140,63,15,54,243,31.50%,7.40%,69
18679,642547,Freddy Peralta,2022,MIL,26,3.54,1.13,10,6,0.62,29,29,1,0,165,123,65,16,63,208,30.60%,9.20%,72
13074,506433,Yu Darvish,2022,SDP,36,3.8,1.12,11,10,0.52,27,27,0,0,165,137,70,26,48,205,30.20%,7.00%,77
11486,592662,Robbie Ray,2022,SEA,31,3.52,1.14,11,10,0.52,30,30,0,0,180,138,70,32,67,222,29.80%,7.50%,77
17282,656629,Michael Kopech,2022,CHW,26,3.86,1.2,5,5,0.5,22,22,0,0,140,119,60,12,49,172,29.20%,8.30%,66
18525,656302,Dylan Cease,2022,CHW,27,3.85,1.22,12,9,0.57,30,30,0,0,168,137,72,23,68,203,28.70%,8.80%,79
13543,605483,Blake Snell,2022,SDP,30,3.72,1.17,9,8,0.53,27,27,0,0,158,122,65,21,63,189,28.70%,9.20%,72
16149,605400,Aaron Nola,2022,PHI,29,3.65,1.12,10,10,0.5,31,31,2,1,195,161,79,25,57,230,28.60%,6.50%,87
10603,519242,Chris Sale,2022,BOS,33,3.62,1.14,3,2,0.6,28,28,0,0,165,140,66,6,48,195,28.50%,7.40%,73
15474,608337,Lucas Giolito,2022,CHW,28,3.55,1.1,11,9,0.55,30,30,1,1,179,139,71,24,58,208,28.40%,8.10%,78
19427,669456,Shane Bieber,2022,CLE,27,3.49,1.13,12,6,0.67,29,29,0,0,182,149,71,20,57,213,28.30%,7.40%,78
4676,450203,Charlie Morton,2022,ATL,39,3.6,1.15,12,7,0.63,26,26,0,0,158,131,63,18,51,184,28.10%,7.70%,69
10310,554430,Zack Wheeler,2022,PHI,32,3.15,1.06,9,7,0.56,32,32,1,1,205,168,72,14,49,231,27.80%,5.80%,79
2036,477132,Clayton Kershaw,2022,LAD,34,3.49,1.1,13,8,0.62,21,21,0,0,130,111,50,22,32,148,27.80%,6.00%,55
16162,605540,Brandon Woodruff,2022,MIL,29,3.15,1.04,9,10,0.47,32,32,1,0,197,151,69,20,54,220,27.70%,6.90%,76
12768,543243,Sonny Gray,2022,MIN,33,3.96,1.22,10,10,0.5,28,28,0,0,160,132,70,20,63,186,27.50%,9.30%,77
14107,592332,Kevin Gausman,2022,TOR,31,3.63,1.14,11,8,0.58,30,30,0,0,185,156,75,22,55,209,27.30%,7.30%,83
12970,605397,Joe Musgrove,2022,SDP,30,3.6,1.14,10,11,0.48,29,29,1,1,171,141,68,22,54,193,27.30%,7.60%,75
8700,434378,Justin Verlander,2022,HOU,39,3.7,1.17,8,5,0.62,24,24,0,0,140,119,58,17,45,159,27.30%,7.10%,64
19291,668678,Zac Gallen,2022,ARI,27,3.75,1.21,6,8,0.43,28,28,0,0,165,137,69,18,63,188,27.00%,8.50%,76
19879,656557,Tanner Houck,2022,BOS,26,3.9,1.22,7,7,0.5,22,22,0,0,140,118,61,12,53,160,27.00%,8.60%,67
18000,663474,Triston McKenzie,2022,CLE,25,4.2,1.23,7,7,0.5,27,27,0,0,155,125,72,19,66,176,26.90%,9.50%,79
21483,663556,Shane McClanahan,2022,TBR,25,3.69,1.21,12,8,0.6,29,29,0,0,165,148,68,19,52,186,26.80%,7.50%,75
15689,622491,Luis Castillo,2022,CIN,30,3.65,1.24,5,6,0.45,31,31,0,0,181,157,73,9,67,203,26.50%,8.20%,80
13164,593958,Eduardo Rodriguez,2022,DET,29,3.89,1.26,13,8,0.62,29,29,0,0,168,159,73,21,53,190,26.50%,7.60%,80
17479,656427,Jack Flaherty,2022,STL,27,3.42,1.08,4,3,0.57,28,28,0,0,170,129,65,7,55,184,26.50%,8.30%,72
18684,645261,Sandy Alcantara,2022,MIA,27,3.25,1.08,9,12,0.43,32,32,1,0,205,162,74,20,59,221,26.40%,6.90%,81
24580,680686,Josiah Gray,2022,WSN,29,4.19,1.25,6,6,0.5,25,25,0,0,140,120,65,27,55,157,26.40%,9.40%,72
14120,621121,Lance McCullers Jr.,2022,HOU,29,3.71,1.19,5,3,0.62,25,25,0,0,140,110,58,8,57,155,26.40%,9.80%,64
12808,605182,Mike Clevinger,2022,SDP,32,3.69,1.19,7,5,0.58,24,24,1,1,140,119,57,14,48,154,26.30%,8.30%,63
16358,641816,Tyler Mahle,2022,CIN,28,3.85,1.22,11,9,0.55,31,31,0,0,172,148,74,25,62,190,26.20%,8.50%,81
22286,669432,Trevor Rogers,2022,MIA,25,3.65,1.16,8,9,0.47,30,30,0,0,171,140,69,14,58,186,26.20%,8.50%,76
14765,628711,Julio Urias,2022,LAD,26,3.37,1.12,13,4,0.76,30,30,0,0,180,150,67,17,52,194,26.10%,6.80%,74
22250,669302,Logan Gilbert,2022,SEA,25,3.93,1.22,7,6,0.54,29,29,0,0,170,158,74,17,49,187,26.10%,6.70%,81
20468,660623,Huascar Ynoa,2022,ATL,24,4.05,1.21,5,7,0.42,24,24,0,0,140,121,63,17,48,154,26.10%,7.50%,69
19374,621111,Walker Buehler,2022,LAD,28,3.02,1.05,13,5,0.72,32,32,0,0,200,154,67,21,56,211,26.00%,6.80%,74
2520,458681,Lance Lynn,2022,CHW,35,3.52,1.11,12,8,0.6,30,30,1,0,174,140,68,23,53,184,25.80%,7.70%,75
19447,663776,Patrick Sandoval,2022,LAA,26,3.85,1.21,6,11,0.35,25,25,0,0,146,123,62,21,54,158,25.70%,8.90%,68
16137,607074,Carlos Rodon,2022,SFG,30,3.65,1.14,12,9,0.57,24,24,1,1,138,112,56,18,45,146,25.50%,7.80%,62
22267,669373,Tarik Skubal,2022,DET,26,4.02,1.23,8,12,0.4,30,30,0,0,170,152,76,30,57,183,25.40%,7.80%,84
26410,666201,Alek Manoah,2022,TOR,29,3.71,1.18,9,5,0.64,28,28,0,0,165,133,68,15,62,175,25.30%,8.50%,75
14309,593423,Frankie Montas,2022,OAK,29,3.65,1.22,12,10,0.55,31,31,0,0,185,165,75,22,61,196,25.10%,8.00%,83
17859,640470,Adbert Alzolay,2022,CHC,27,4.26,1.24,3,5,0.38,27,27,0,0,152,134,72,9,54,161,25.00%,7.50%,79
23735,677651,Luis Garcia,2022,HOU,26,4.15,1.24,8,7,0.53,30,30,0,0,168,149,77,15,59,177,24.80%,8.10%,85
19951,666120,Ian Anderson,2022,ATL,24,3.65,1.21,10,7,0.59,28,28,0,0,160,131,65,16,63,167,24.80%,9.20%,72
19388,664062,Tony Gonsolin,2022,LAD,28,4.13,1.25,6,5,0.55,20,20,0,0,127,108,58,12,51,134,24.80%,8.90%,64
15423,571760,Andrew Heaney,2022,LAD,31,4.65,1.29,8,8,0.5,20,20,0,0,125,120,65,24,41,133,24.80%,7.60%,72
22815,672715,Luis Patino,2022,TBR,23,4.26,1.29,6,5,0.55,16,16,0,0,112,100,53,14,44,119,24.80%,9.20%,58
14168,621244,Jose Berrios,2022,TOR,28,3.79,1.2,12,9,0.57,29,29,1,0,180,160,76,23,56,187,24.70%,7.20%,84
14916,592351,Jon Gray,2022,TEX,31,4.1,1.25,10,13,0.43,28,28,0,0,165,149,75,24,57,173,24.70%,8.40%,83
13743,608331,Max Fried,2022,ATL,28,3.4,1.14,16,7,0.7,31,31,1,1,185,156,70,17,55,188,24.50%,7.20%,77
15873,640455,Sean Manaea,2022,OAK,30,3.92,1.22,12,10,0.55,28,28,1,1,165,158,72,25,43,171,24.50%,6.20%,79
17085,641154,Pablo Lopez,2022,MIA,26,3.6,1.17,10,9,0.53,23,23,0,0,135,118,54,17,40,138,24.50%,7.20%,59
15454,601713,Nick Pivetta,2022,BOS,29,4.62,1.34,10,8,0.56,27,27,0,0,146,137,75,25,59,154,24.30%,9.20%,83
21390,657746,Joe Ryan,2022,MIN,29,4.03,1.23,8,7,0.53,25,25,0,0,140,124,63,19,48,144,24.30%,7.80%,69
9132,543135,Nathan Eovaldi,2022,BOS,32,3.85,1.22,11,9,0.55,30,30,0,0,171,165,73,22,44,175,24.20%,4.80%,80
11189,592826,Vince Velasquez,2022,CHW,30,5.28,1.43,4,6,0.4,19,19,0,0,109,107,64,17,49,117,24.20%,10.00%,70
15890,622663,Luis Severino,2022,NYY,28,3.72,1.19,6,5,0.55,17,17,0,0,95,80,39,12,33,96,24.20%,8.30%,43
13781,622072,Alex Wood,2022,SFG,31,4.02,1.22,8,6,0.57,21,21,0,0,123,112,55,17,38,125,24.10%,7.60%,61
16269,607644,John Means,2022,BAL,29,3.82,1.15,9,11,0.45,28,28,1,1,170,153,72,32,43,170,24.10%,5.90%,79
2429,446372,Corey Kluber,2022,TBR,36,4.22,1.3,8,7,0.53,18,18,1,1,100,91,47,16,39,104,24.10%,9.20%,52
18331,621076,James Kaprielian,2022,OAK,28,4.19,1.24,3,3,0.5,28,28,0,0,161,143,75,9,57,164,24.00%,8.40%,83
10131,544931,Stephen Strasburg,2022,WSN,34,4.24,1.25,2,2,0.5,16,16,0,0,92,82,43,5,33,94,24.00%,8.50%,47
25385,656876,Drew Rasmussen,2022,TBR,27,4.07,1.24,7,5,0.58,14,14,0,0,129,112,58,15,48,131,24.00%,8.70%,64
6632,471911,Carlos Carrasco,2022,NYM,35,4.36,1.31,5,8,0.38,22,22,0,0,125,119,61,19,45,129,23.90%,7.80%,67
21224,641927,Bailey Ober,2022,MIN,29,4.25,1.28,6,6,0.5,28,28,0,0,153,150,72,21,46,156,23.80%,6.70%,79
16511,656756,Jordan Montgomery,2022,NYY,30,3.85,1.24,8,9,0.47,29,29,0,0,167,155,71,23,52,168,23.70%,7.50%,78
20633,579328,Yusei Kikuchi,2022,TOR,31,4.29,1.31,6,9,0.4,26,26,0,0,150,140,72,21,57,153,23.70%,8.80%,79
17149,593334,Domingo German,2022,NYY,30,4.34,1.25,3,3,0.5,17,17,0,0,112,104,54,9,36,113,23.70%,7.30%,59
6345,502042,Chris Archer,2022,MIN,34,4.57,1.36,4,6,0.4,10,10,0,0,67,64,34,15,27,69,23.60%,9.10%,37
17995,657277,Logan Webb,2022,SFG,26,3.72,1.17,11,8,0.58,30,30,0,0,185,160,76,15,56,180,23.40%,7.60%,84
19959,666200,Jesus Luzardo,2022,MIA,25,4.3,1.29,7,7,0.5,26,26,0,0,142,131,68,19,52,143,23.40%,8.70%,75
11762,592789,Noah Syndergaard,2022,LAA,30,4.03,1.28,7,7,0.5,24,24,0,0,140,135,63,16,44,140,23.40%,7.50%,69
11760,592767,Drew Smyly,2022,CHC,33,4.61,1.37,7,6,0.54,19,19,0,0,123,123,63,22,46,126,23.40%,8.50%,69
21318,656731,Tylor Megill,2022,NYM,29,4.35,1.3,3,3,0.5,25,25,0,0,140,134,68,9,48,140,23.30%,7.80%,75
17578,664141,Jonathan Brubaker,2022,PIT,29,4.32,1.26,7,13,0.35,29,29,0,0,168,156,81,27,56,166,23.20%,7.90%,89
12917,605164,Dylan Bundy,2022,MIN,30,4.64,1.28,7,10,0.41,27,27,1,0,157,145,81,21,56,156,23.20%,8.10%,89
16918,596133,Luke Weaver,2022,ARI,29,4.4,1.31,6,13,0.32,23,23,0,0,130,127,64,20,43,130,23.20%,7.10%,70
19316,641778,Eric Lauer,2022,MIL,27,4.05,1.23,6,7,0.46,28,28,0,0,162,142,73,16,57,158,23.10%,8.50%,80
16933,622694,Elieser Hernandez,2022,MIA,27,4.25,1.28,5,6,0.45,19,19,0,0,114,109,54,21,37,113,23.10%,7.30%,59
25377,663903,Brady Singer,2022,KCR,26,4.25,1.27,8,10,0.44,27,27,1,0,159,145,75,18,57,156,23.00%,8.60%,83
15440,571510,Matthew Boyd,2022,SFG,31,4.42,1.31,3,5,0.38,16,16,0,0,90,88,44,10,30,89,23.00%,7.60%,48
17553,621058,Andrew Moore,2022,FA,28,4.35,1.3,3,3,0.5,7,7,0,0,60,56,29,8,22,59,22.90%,8.40%,32
15038,608566,German Marquez,2022,COL,27,4.1,1.25,11,11,0.5,31,31,1,1,185,170,84,22,61,179,22.80%,7.70%,92
17295,664285,Framber Valdez,2022,HOU,29,3.83,1.22,12,9,0.57,30,30,1,0,178,152,76,17,65,171,22.80%,8.80%,84
19409,641540,Dane Dunning,2022,TEX,28,4.33,1.33,7,9,0.44,28,28,0,0,162,155,78,17,60,160,22.80%,8.60%,86
16561,596295,Austin Gomber,2022,COL,29,4.1,1.26,8,8,0.5,25,25,0,0,140,122,64,18,54,136,22.80%,8.90%,70
19268,643290,Justin Dunn,2022,CIN,27,4.17,1.25,3,2,0.6,19,19,0,0,108,82,50,7,53,105,22.80%,9.80%,55
23252,675921,Spencer Howard,2022,TEX,26,5.33,1.42,2,3,0.4,19,19,0,0,103,103,61,6,43,104,22.80%,9.30%,67
12304,605135,Chris Bassitt,2022,NYM,33,3.65,1.18,11,6,0.65,30,30,0,0,179,156,73,18,55,170,22.70%,7.20%,80
14843,547179,Michael Lorenzen,2022,LAA,30,4.4,1.33,5,5,0.5,21,21,0,0,120,110,59,11,50,118,22.60%,9.40%,65
16981,595881,Tyler Beede,2022,SFG,29,4.35,1.31,3,4,0.43,15,15,0,0,107,102,52,10,38,104,22.60%,8.40%,57
20243,675912,Zac Lowther,2022,BAL,29,4.9,1.39,5,6,0.45,14,14,0,0,100,100,54,14,39,99,22.60%,8.70%,59
19362,669211,Keegan Akin,2022,BAL,27,5.2,1.42,2,4,0.33,21,21,0,0,133,136,77,8,53,132,22.50%,8.70%,85
3542,518633,Danny Duffy,2022,LAD,34,4.37,1.34,3,3,0.5,18,18,0,0,103,97,50,7,41,101,22.50%,8.70%,55
13361,571927,Steven Matz,2022,STL,31,4.05,1.26,10,10,0.5,29,29,0,0,162,156,73,26,48,155,22.40%,7.30%,80
17277,624133,Ranger Suarez,2022,PHI,27,3.95,1.24,8,6,0.57,29,29,1,1,162,142,71,10,59,154,22.40%,8.00%,78
10021,501985,Mike Minor,2022,CIN,35,4.76,1.27,4,6,0.4,28,28,0,0,157,149,83,12,50,150,22.40%,7.60%,91
17874,641482,Nestor Cortes Jr.,2022,NYY,28,4.22,1.27,5,5,0.5,18,18,0,0,126,115,59,21,45,121,22.40%,8.20%,65
5867,517593,Danny Salazar,2022,FA,32,4.35,1.32,3,4,0.43,7,7,0,0,60,56,29,9,23,58,22.40%,8.70%,32
18325,621368,Taylor Hearn,2022,TEX,28,4.43,1.33,6,6,0.5,13,13,0,0,136,125,67,17,56,131,22.30%,9.60%,74
11836,592836,Taijuan Walker,2022,NYM,30,4.24,1.25,7,9,0.44,30,30,0,0,172,152,81,21,63,162,22.10%,8.50%,89
14078,608379,Michael Wacha,2022,BOS,31,4.52,1.38,5,8,0.38,20,20,0,0,120,128,60,24,38,116,22.00%,7.10%,66
9149,543532,Tim Melville,2022,FA,33,4.35,1.33,3,4,0.43,8,8,0,0,60,57,29,9,23,57,22.00%,8.70%,32
21455,663460,Kris Bubic,2022,KCR,25,4.38,1.34,6,9,0.4,20,20,0,0,135,125,66,20,56,128,21.90%,9.40%,73
4972,430935,Cole Hamels,2022,FA,39,4.43,1.36,3,4,0.43,9,9,0,0,61,59,30,8,24,58,21.90%,8.90%,33
16094,605507,Zach Thompson,2022,PIT,29,4.15,1.26,6,9,0.4,25,25,0,0,145,129,67,13,54,135,21.80%,8.60%,74
20370,669145,Bruce Zimmermann,2022,BAL,27,4.64,1.36,7,7,0.5,25,25,0,0,138,139,71,20,49,131,21.80%,8.00%,78
19911,660761,Jose Suarez,2022,LAA,24,4.45,1.29,7,9,0.44,19,19,1,0,129,119,64,15,47,121,21.80%,8.80%,70
16017,628333,Odrisamer Despaigne,2022,FA,35,4.5,1.37,3,4,0.43,7,7,0,0,60,59,30,9,23,57,21.80%,8.60%,33
22343,669935,A.J. Alexy,2022,TEX,29,4.34,1.3,7,5,0.58,14,14,0,0,112,96,54,13,50,105,21.70%,10.20%,59
14444,547943,Hyun-Jin Ryu,2022,TOR,35,3.9,1.22,12,8,0.6,28,28,1,1,165,158,72,20,43,150,21.60%,6.10%,79
13050,543101,Anthony DeSclafani,2022,SFG,32,3.9,1.22,10,8,0.56,27,27,1,1,155,140,67,22,49,141,21.60%,7.60%,74
22192,668968,Hans Crouse,2022,PHI,29,4.3,1.32,2,2,0.5,12,12,0,0,92,84,44,5,37,86,21.60%,9.40%,48
6249,502239,Trevor Cahill,2022,FA,34,4.93,1.37,3,6,0.33,10,10,0,0,73,70,40,11,30,69,21.60%,9.30%,44
11423,500779,Jose Quintana,2022,PIT,33,4.65,1.35,6,7,0.46,28,28,0,0,160,157,83,20,59,150,21.60%,8.90%,91
19979,668676,Zach Plesac,2022,CLE,27,4.17,1.19,10,7,0.59,30,30,0,0,180,164,83,23,50,162,21.50%,5.40%,91
8246,502179,Paolo Espino,2022,WSN,29,4.38,1.31,6,6,0.5,27,27,0,0,155,155,75,20,48,144,21.50%,6.90%,83
8362,456701,Homer Bailey,2022,FA,36,4.35,1.31,4,3,0.57,9,9,0,0,62,58,30,8,23,57,21.40%,8.10%,33
7872,475115,Tyson Ross,2022,FA,35,4.5,1.37,3,4,0.43,7,7,0,0,60,58,30,9,24,56,21.40%,9.00%,33
13431,573186,Marcus Stroman,2022,CHC,31,3.65,1.21,10,12,0.45,30,30,0,0,185,169,75,19,55,166,21.30%,6.90%,83
18413,664353,Jose Urquidy,2022,HOU,27,3.74,1.15,8,5,0.62,27,27,0,0,155,135,64,19,43,137,21.30%,6.50%,70
6562,502171,Alex Cobb,2022,SFG,35,4.05,1.26,7,7,0.5,24,24,0,0,140,128,63,15,48,127,21.30%,8.40%,69
4806,448179,Rich Hill,2022,BOS,42,3.94,1.26,7,7,0.5,22,22,0,0,119,105,52,18,45,108,21.30%,8.90%,57
18790,596071,Dillon Peters,2022,PIT,30,4.58,1.37,4,4,0.5,14,14,0,0,102,102,52,11,38,95,21.30%,8.30%,57
12699,543001,Ryan Carpenter,2022,FA,32,4.95,1.38,3,4,0.43,8,8,0,0,60,61,33,9,22,56,21.30%,8.20%,36
19479,650644,Aaron Civale,2022,CLE,27,3.93,1.21,10,8,0.56,30,30,1,0,185,171,81,21,53,165,21.20%,6.70%,89
13273,548389,Ross Stripling,2022,TOR,33,4.4,1.31,5,6,0.45,20,20,0,0,127,124,62,18,42,116,21.20%,7.70%,68
17735,641302,Tyler Alexander,2022,DET,28,4.45,1.35,4,6,0.4,14,14,0,0,118,122,58,17,37,109,21.20%,7.00%,64
19312,615698,Cal Quantrill,2022,CLE,27,4.03,1.27,9,6,0.6,29,29,0,0,170,159,76,19,57,153,21.10%,7.60%,84
20492,663554,Casey Mize,2022,DET,25,4.1,1.21,8,11,0.42,30,30,1,0,171,151,78,26,56,151,21.00%,7.60%,86
9323,571578,Patrick Corbin,2022,WSN,33,4.52,1.33,9,14,0.39,29,29,0,0,167,167,84,30,55,152,21.00%,7.80%,92
5372,501381,Michael Pineda,2022,DET,33,4.1,1.28,4,3,0.57,22,22,0,0,120,121,55,8,33,108,21.00%,6.20%,61
3184,456034,David Price,2022,LAD,37,4.25,1.31,5,3,0.62,17,17,0,0,115,112,54,10,39,104,21.00%,8.10%,59
19754,665665,Reiver Sanmartin,2022,CIN,29,4.4,1.32,9,6,0.6,11,11,0,0,93,89,45,15,34,84,21.00%,8.20%,50
10836,592879,Asher Wojciechowski,2022,FA,34,5.14,1.41,3,5,0.38,10,10,0,0,70,71,40,14,28,65,21.00%,8.90%,44
4772,433587,Felix Hernandez,2022,FA,36,4.8,1.38,3,4,0.43,8,8,0,0,60,60,32,10,23,55,21.00%,8.60%,35
15821,642607,Dario Agrazal,2022,FA,28,4.34,1.29,3,3,0.5,7,7,0,0,58,55,28,9,20,52,20.90%,7.90%,31
22713,672578,Carlos Hernandez,2022,KCR,29,4.24,1.3,6,5,0.55,24,24,0,0,145,128,68,13,61,129,20.70%,8.90%,75
6895,502624,Chase Anderson,2022,FA,35,5.4,1.42,4,5,0.44,13,13,0,0,85,89,51,16,32,78,20.70%,8.40%,56
3543,453329,Clay Buchholz,2022,FA,38,4.8,1.37,3,4,0.43,8,8,0,0,60,60,32,9,22,54,20.70%,8.30%,35
19871,656353,Tucker Davidson,2022,ATL,29,4.4,1.34,2,2,0.5,13,13,0,0,95,87,46,5,40,85,20.60%,9.60%,51
15291,643230,Steven Brault,2022,FA,30,4.44,1.36,3,5,0.38,24,24,1,0,141,130,70,9,62,126,20.50%,9.90%,77
19206,641712,Dakota Hudson,2022,STL,28,4.08,1.25,8,5,0.62,24,24,0,0,140,119,63,13,56,122,20.50%,9.20%,69
12730,607259,Nick Martinez,2022,SDP,32,4.2,1.29,4,4,0.5,22,22,0,0,125,115,58,10,46,110,20.50%,8.50%,64
17969,663567,Peter Lambert,2022,COL,25,5.14,1.43,2,2,0.5,16,16,0,0,91,95,52,5,35,83,20.50%,8.30%,57
2717,519144,Rick Porcello,2022,FA,34,5.11,1.42,4,6,0.4,12,12,0,0,74,81,42,10,24,67,20.50%,7.30%,46
5524,518516,Madison Bumgarner,2022,ARI,33,4.42,1.26,8,11,0.42,28,28,1,0,161,155,79,30,48,140,20.40%,6.80%,87
8753,543699,Tanner Roark,2022,FA,36,5.12,1.49,4,5,0.44,12,12,0,0,72,78,41,14,29,66,20.40%,8.80%,45
10123,502043,Kyle Gibson,2022,PHI,35,4.25,1.31,9,10,0.47,30,30,1,1,172,161,81,23,64,150,20.30%,8.70%,89
11156,518876,Merrill Kelly,2022,ARI,34,4.25,1.29,9,11,0.45,28,28,0,0,160,159,76,23,47,139,20.30%,6.80%,84
6893,456501,Johnny Cueto,2022,FA,36,4.6,1.38,7,8,0.47,21,21,0,0,131,134,67,18,47,117,20.30%,8.10%,74
11490,592717,Aaron Sanchez,2022,FA,30,4.38,1.38,3,5,0.38,11,11,0,0,74,71,36,9,31,66,20.30%,9.40%,40
7593,543475,Jordan Lyles,2022,BAL,32,4.75,1.35,9,13,0.41,30,30,0,0,165,165,87,33,58,145,20.20%,8.10%,96
2233,425794,Adam Wainwright,2022,STL,41,3.67,1.21,14,9,0.61,30,30,2,0,189,172,77,24,57,160,20.10%,7.10%,85
6797,527054,Julio Teheran,2022,FA,31,5.27,1.41,4,5,0.44,12,12,0,0,70,68,41,13,31,62,20.10%,9.90%,45
15467,594835,Marco Gonzales,2022,SEA,30,3.88,1.21,12,8,0.6,28,28,1,0,160,149,69,25,45,135,20.00%,6.50%,76
9784,572070,Garrett Richards,2022,TEX,34,4.6,1.45,5,6,0.45,18,18,0,0,129,134,66,14,53,115,20.00%,9.00%,73
19278,661269,Vladimir Gutierrez,2022,CIN,29,4.5,1.36,10,8,0.56,18,18,0,0,110,107,55,22,43,96,20.00%,8.90%,61
18510,642028,Josh Rogers,2022,WSN,29,4.67,1.35,4,4,0.5,13,13,0,0,105,100,54,12,42,91,20.00%,8.70%,59
1943,425844,Zack Greinke,2022,KCR,39,4.08,1.2,11,8,0.58,25,25,0,0,150,144,68,25,36,125,19.90%,5.60%,75
9803,571945,Miles Mikolas,2022,STL,34,4.24,1.24,7,9,0.44,24,24,0,0,140,135,66,19,39,118,19.80%,6.70%,73
15734,641745,Brad Keller,2022,KCR,27,4.28,1.34,10,12,0.45,26,26,1,1,145,137,69,18,57,123,19.60%,9.20%,76
16256,607536,Kyle Freeland,2022,COL,29,4.28,1.37,7,10,0.41,29,29,0,0,161,166,77,25,55,137,19.50%,7.80%,85
12718,605288,Adrian Houser,2022,MIL,29,4.4,1.35,8,9,0.47,21,21,0,0,131,123,64,16,54,111,19.50%,9.10%,70
19990,669060,Bryse Wilson,2022,PIT,25,4.63,1.38,6,8,0.43,19,19,0,0,115,117,59,18,42,98,19.50%,8.10%,65
4776,533167,Matt Shoemaker,2022,FA,36,5.5,1.39,4,7,0.36,13,13,0,0,90,89,55,18,36,77,19.50%,9.00%,61
13183,605200,Zach Davies,2022,ARI,29,4.44,1.37,9,10,0.47,26,26,0,0,150,145,74,21,61,127,19.40%,9.10%,81
16502,642232,Ryan Yarbrough,2022,TBR,31,4.65,1.25,7,8,0.47,19,19,0,0,151,151,78,19,38,125,19.40%,5.50%,86
4505,519455,Jordan Zimmermann,2022,FA,36,5.43,1.47,2,4,0.33,8,8,0,0,58,65,35,8,20,50,19.40%,7.60%,39
3284,434671,Anibal Sanchez,2022,FA,38,5,1.44,5,5,0.5,11,11,0,0,72,77,40,12,27,62,19.30%,8.30%,44
12880,542881,Tyler Anderson,2022,LAD,33,4.35,1.29,6,7,0.46,27,27,0,0,157,153,76,17,50,129,19.20%,6.80%,84
7410,457918,J.A. Happ,2022,FA,40,5.02,1.39,9,8,0.53,25,25,0,0,140,146,78,26,49,118,19.20%,7.80%,86
6902,527048,Martin Perez,2022,TEX,31,4.61,1.42,9,10,0.47,19,19,0,0,123,128,63,22,47,104,19.20%,8.50%,69
10811,592314,Mike Foltynewicz,2022,FA,31,5.07,1.3,5,10,0.33,19,19,0,0,126,123,71,27,41,104,19.10%,7.50%,78
3254,502188,Jeff Samardzija,2022,FA,37,4.78,1.28,3,4,0.43,10,10,0,0,64,61,34,12,21,52,19.10%,7.60%,37
13834,621219,Alec Mills,2022,CHC,31,4.63,1.33,8,8,0.5,27,27,1,1,158,159,81,20,51,130,19.00%,7.50%,89
20369,666159,Matt Manning,2022,DET,29,4.95,1.4,6,8,0.43,25,25,0,0,138,141,76,15,52,115,19.00%,8.60%,84
10130,502190,Mike Leake,2022,FA,35,4.35,1.32,3,3,0.5,8,8,0,0,60,62,29,10,17,49,19.00%,6.50%,32
12049,543294,Kyle Hendricks,2022,CHC,33,4.1,1.25,12,9,0.57,28,28,1,1,165,166,75,26,40,132,18.90%,5.20%,83
8779,489119,Wade Miley,2022,CHC,36,3.91,1.31,10,9,0.53,27,27,0,0,155,149,67,18,54,126,18.90%,8.10%,74
27458,547942,Kwang-hyun Kim,2022,FA,34,4.1,1.26,8,6,0.57,20,20,0,0,115,103,52,14,42,92,18.80%,8.50%,57
13896,623167,Chris Flexen,2022,SEA,28,4.31,1.29,11,7,0.61,30,30,0,0,171,171,82,17,50,137,18.70%,6.60%,90
18356,642545,Jaime Barria,2022,LAA,26,4.5,1.34,4,5,0.44,15,15,0,0,110,110,55,12,37,89,18.70%,7.70%,61
19244,608344,Cole Irvin,2022,OAK,28,4.47,1.35,8,11,0.42,25,25,0,0,141,150,70,20,40,113,18.50%,6.40%,77
4153,453562,Jake Arrieta,2022,FA,36,5.6,1.56,7,11,0.39,22,22,0,0,119,137,74,21,49,100,18.50%,8.90%,81
11713,518774,Matt Harvey,2022,FA,33,5.93,1.55,6,12,0.33,24,24,0,0,126,151,83,21,44,104,18.10%,7.60%,91
23798,677976,Randy Dobnak,2022,MIN,27,4.83,1.35,3,4,0.43,15,15,0,0,123,128,66,6,38,96,17.90%,7.00%,73
1994,467100,Ivan Nova,2022,FA,35,5.06,1.44,4,4,0.5,10,10,0,0,64,69,36,10,23,50,17.70%,8.00%,40
11589,570632,Jose Urena,2022,MIL,31,5.14,1.48,4,7,0.36,15,15,0,0,105,112,60,13,43,83,17.60%,9.00%,66
7754,571666,Mike Fiers,2022,FA,37,4.62,1.37,6,4,0.6,12,12,0,0,78,80,40,13,27,60,17.60%,7.80%,44
4930,452657,Jon Lester,2022,FA,38,4.78,1.46,8,7,0.53,25,25,0,0,145,159,77,24,53,112,17.30%,8.10%,85
17964,656457,Tyler Gilbert,2022,ARI,29,4.61,1.33,4,4,0.5,13,13,1,1,104,97,53,9,41,78,17.30%,8.40%,58
14663,592346,Chi Chi Gonzalez,2022,FA,30,5.58,1.45,4,8,0.33,16,16,0,0,108,118,67,17,39,83,17.20%,8.00%,74
15488,622608,Antonio Senzatela,2022,COL,27,4.33,1.34,8,9,0.47,28,28,1,0,153,160,74,17,45,112,16.80%,6.60%,81
8223,474463,Brett Anderson,2022,FA,34,4.24,1.34,7,9,0.44,22,22,0,0,119,122,56,15,37,85,16.50%,7.10%,62
9434,572971,Dallas Keuchel,2022,CHW,34,4.65,1.37,10,8,0.56,24,24,0,0,141,144,73,18,49,97,15.70%,8.00%,80
12703,545333,Trevor Bauer,2022,FA,31,6.5,2,8,7,0.53,1,1,1,1,1,1,1,19,1,1,11.00%,20.00%,1
15036,608328,Chase De Jong,2022,FA,29,5.49,1.45,4,6,0.4,13,13,0,0,82,85,50,15,34,1,0.22%,0.09%,55
14975,641771,Chad Kuhl,2022,COL,30,4.45,1.37,6,8,0.43,26,26,0,0,99,88,49,17,48,1,0.22%,0.11%,54
13619,596001,Jakob Junis,2022,SFG,30,5.04,1.4,4,6,0.4,18,18,0,0,75,80,42,13,25,1,0.22%,0.08%,46
15906,626929,Lewis Thorpe,2022,MIN,27,4.66,1.45,1,2,0.33,19,19,0,0,83,85,43,4,35,1,0.20%,0.09%,47